ID,ROW_ID,SALES_ORGANIZATION,SIM_ROUND,SIM_STEP,SIM_DATE,SIM_CALENDAR_DATE,SIM_PERIOD,SIM_ELAPSED_STEPS,SALES_ORDER_NUMBER,LINE_ITEM,STORAGE_LOCATION,REGION,AREA,CITY,COUNTRY,POSTAL_CODE,CUSTOMER_NUMBER,DISTRIBUTION_CHANNEL,MATERIAL_NUMBER,MATERIAL_DESCRIPTION,MATERIAL_TYPE,MATERIAL_CODE,MATERIAL_SIZE,MATERIAL_LABEL,QUANTITY,QUANTITY_DELIVERED,UNIT,NET_PRICE,NET_VALUE,COST,CURRENCY,CONTRIBUTION_MARGIN,CONTRIBUTION_MARGIN_PCT
.1~23,23,AA,01,01,01/01,/Date(1704067200000)/,1,1,1,2,02,Hessen,South,WIESBADEN,Germany,65183,80140,12,AA-F12,1kg Blueberry Muesli,Finished Product,F12,1kg,Blueberry Muesli,416,416,ST,5.26,2188.16,944.32,EUR,1243.84000,0.57
.1~1902,1902,ZZ,03,19,03/19,/Date(1709078400000)/,12,59,541,3,02,Hessen,South,WIESBADEN,Germany,65183,80140,12,ZZ-F12,1kg Blueberry Muesli,Finished Product,F12,1kg,Blueberry Muesli,127,127,ST,5.26,668.02,288.29,EUR,379.73000,0.57
.1~1874,1874,ZZ,03,18,03/18,/Date(1708992000000)/,12,58,533,1,02,Hessen,South,FRANKFURT/MAIN,Germany,60386,80136,12,ZZ-F12,1kg Blueberry Muesli,Finished Product,F12,1kg,Blueberry Muesli,353,353,ST,5.26,1856.78,801.31,EUR,1055.47000,0.57
.1~1873,1873,ZZ,03,18,03/18,/Date(1708992000000)/,12,58,532,1,02,Baden-Wurttemberg,South,KORNTAL,Germany,70825,80116,12,ZZ-F12,1kg Blueberry Muesli,Finished Product,F12,1kg,Blueberry Muesli,413,413,ST,5.26,2172.38,937.51,EUR,1234.87000,0.57
.1~1846,1846,ZZ,03,17,03/17,/Date(1708905600000)/,12,57,523,3,02,Bavaria,South,WÜRZBURG,Germany,97070,80128,12,ZZ-F12,1kg Blueberry Muesli,Finished Product,F12,1kg,Blueberry Muesli,410,410,ST,5.26,2156.60,930.70,EUR,1225.90000,0.57
.1~1845,1845,ZZ,03,17,03/17,/Date(1708905600000)/,12,57,524,1,02,Baden-Wurttemberg,South,STUTTGART,Germany,70173,80118,12,ZZ-F12,1kg Blueberry Muesli,Finished Product,F12,1kg,Blueberry Muesli,374,374,ST,5.26,1967.24,848.98,EUR,1118.26000,0.57
.1~1844,1844,ZZ,03,17,03/17,/Date(1708905600000)/,12,57,525,3,02,Mecklenburg-Vorpomm.,North,ROSTOCK,Germany,18184,80141,12,ZZ-F12,1kg Blueberry Muesli,Finished Product,F12,1kg,Blueberry Muesli,399,399,ST,5.26,2098.74,905.73,EUR,1193.01000,0.57
.1~1818,1818,ZZ,03,16,03/16,/Date(1708819200000)/,12,56,515,4,02,Baden-Wurttemberg,South,ALBSTADT,Germany,72458,80170,12,ZZ-F12,1kg Blueberry Muesli,Finished Product,F12,1kg,Blueberry Muesli,399,399,ST,5.26,2098.74,905.73,EUR,1193.01000,0.57
.1~1817,1817,ZZ,03,16,03/16,/Date(1708819200000)/,12,56,514,2,02,Bavaria,South,REGENSBURG,Germany,93053,80127,12,ZZ-F12,1kg Blueberry Muesli,Finished Product,F12,1kg,Blueberry Muesli,433,433,ST,5.26,2277.58,982.91,EUR,1294.67000,0.57
.1~1816,1816,ZZ,03,16,03/16,/Date(1708819200000)/,12,56,516,2,02,Berlin,North,BERLIN,Germany,13349,80129,12,ZZ-F12,1kg Blueberry Muesli,Finished Product,F12,1kg,Blueberry Muesli,358,358,ST,5.26,1883.08,812.66,EUR,1070.42000,0.57
.1~1815,1815,ZZ,03,16,03/16,/Date(1708819200000)/,12,56,520,3,02,Nrth Rhine Westfalia,West,PADERBORN,Germany,33100,80159,12,ZZ-F12,1kg Blueberry Muesli,Finished Product,F12,1kg,Blueberry Muesli,434,434,ST,5.26,2282.84,985.18,EUR,1297.66000,0.57
.1~1796,1796,ZZ,03,15,03/15,/Date(1708732800000)/,11,55,504,2,02,Baden-Wurttemberg,South,ESSLINGEN,Germany,73730,80112,12,ZZ-F12,1kg Blueberry Muesli,Finished Product,F12,1kg,Blueberry Muesli,393,393,ST,5.26,2067.18,892.11,EUR,1175.07000,0.57
.1~1795,1795,ZZ,03,15,03/15,/Date(1708732800000)/,11,55,511,2,02,Nrth Rhine Westfalia,West,GELSENKIRCHEN,Germany,45879,80154,12,ZZ-F12,1kg Blueberry Muesli,Finished Product,F12,1kg,Blueberry Muesli,412,412,ST,5.26,2167.12,935.24,EUR,1231.88000,0.57
.1~1794,1794,ZZ,03,15,03/15,/Date(1708732800000)/,11,55,511,1,02,Nrth Rhine Westfalia,West,GELSENKIRCHEN,Germany,45879,80154,12,ZZ-F12,1kg Blueberry Muesli,Finished Product,F12,1kg,Blueberry Muesli,411,411,ST,5.26,2161.86,932.97,EUR,1228.89000,0.57
.1~1793,1793,ZZ,03,15,03/15,/Date(1708732800000)/,11,55,505,2,02,Bavaria,South,MÜNCHEN,Germany,80804,80122,12,ZZ-F12,1kg Blueberry Muesli,Finished Product,F12,1kg,Blueberry Muesli,426,426,ST,5.26,2240.76,967.02,EUR,1273.74000,0.57
.1~1792,1792,ZZ,03,15,03/15,/Date(1708732800000)/,11,55,505,3,02,Bavaria,South,MÜNCHEN,Germany,80804,80122,12,ZZ-F12,1kg Blueberry Muesli,Finished Product,F12,1kg,Blueberry Muesli,355,355,ST,5.26,1867.30,805.85,EUR,1061.45000,0.57
.1~1791,1791,ZZ,03,15,03/15,/Date(1708732800000)/,11,55,510,1,02,Nrth Rhine Westfalia,West,KREFELD,Germany,47798,80157,12,ZZ-F12,1kg Blueberry Muesli,Finished Product,F12,1kg,Blueberry Muesli,450,450,ST,5.26,2367.00,1021.50,EUR,1345.50000,0.57
.1~1790,1790,ZZ,03,15,03/15,/Date(1708732800000)/,11,55,504,4,02,Baden-Wurttemberg,South,ESSLINGEN,Germany,73730,80112,12,ZZ-F12,1kg Blueberry Muesli,Finished Product,F12,1kg,Blueberry Muesli,368,368,ST,5.26,1935.68,835.36,EUR,1100.32000,0.57
.1~1789,1789,ZZ,03,15,03/15,/Date(1708732800000)/,11,55,506,3,02,Baden-Wurttemberg,South,KORNTAL,Germany,70825,80116,12,ZZ-F12,1kg Blueberry Muesli,Finished Product,F12,1kg,Blueberry Muesli,448,448,ST,5.26,2356.48,1016.96,EUR,1339.52000,0.57
.1~1788,1788,ZZ,03,15,03/15,/Date(1708732800000)/,11,55,512,3,02,Nrth Rhine Westfalia,West,WÜRSELEN,Germany,52146,80162,12,ZZ-F12,1kg Blueberry Muesli,Finished Product,F12,1kg,Blueberry Muesli,355,355,ST,5.26,1867.30,805.85,EUR,1061.45000,0.57
.1~1787,1787,ZZ,03,15,03/15,/Date(1708732800000)/,11,55,507,4,02,Schleswig-Holstein,North,KIEL,Germany,24113,80168,12,ZZ-F12,1kg Blueberry Muesli,Finished Product,F12,1kg,Blueberry Muesli,355,355,ST,5.26,1867.30,805.85,EUR,1061.45000,0.57
.1~1786,1786,ZZ,03,15,03/15,/Date(1708732800000)/,11,55,512,2,02,Nrth Rhine Westfalia,West,WÜRSELEN,Germany,52146,80162,12,ZZ-F12,1kg Blueberry Muesli,Finished Product,F12,1kg,Blueberry Muesli,419,419,ST,5.26,2203.94,951.13,EUR,1252.81000,0.57
.1~1785,1785,ZZ,03,15,03/15,/Date(1708732800000)/,11,55,507,2,02,Schleswig-Holstein,North,KIEL,Germany,24113,80168,12,ZZ-F12,1kg Blueberry Muesli,Finished Product,F12,1kg,Blueberry Muesli,391,391,ST,5.26,2056.66,887.57,EUR,1169.09000,0.57
.1~1784,1784,ZZ,03,15,03/15,/Date(1708732800000)/,11,55,508,3,02,Lower Saxony,North,OLDENBURG,Germany,26129,80144,12,ZZ-F12,1kg Blueberry Muesli,Finished Product,F12,1kg,Blueberry Muesli,385,385,ST,5.26,2025.10,873.95,EUR,1151.15000,0.57
.1~1764,1764,ZZ,03,14,03/14,/Date(1708646400000)/,11,54,500,2,02,Lower Saxony,North,OLDENBURG,Germany,26129,80144,12,ZZ-F12,1kg Blueberry Muesli,Finished Product,F12,1kg,Blueberry Muesli,438,438,ST,5.26,2303.88,994.26,EUR,1309.62000,0.57
.1~1763,1763,ZZ,03,14,03/14,/Date(1708646400000)/,11,54,503,3,02,Rhineland Palatinate,West,TRIER,Germany,54290,80164,12,ZZ-F12,1kg Blueberry Muesli,Finished Product,F12,1kg,Blueberry Muesli,382,382,ST,5.26,2009.32,867.14,EUR,1142.18000,0.57
.1~1762,1762,ZZ,03,14,03/14,/Date(1708646400000)/,11,54,496,1,02,Bavaria,South,REGENSBURG,Germany,93053,80127,12,ZZ-F12,1kg Blueberry Muesli,Finished Product,F12,1kg,Blueberry Muesli,394,394,ST,5.26,2072.44,894.38,EUR,1178.06000,0.57
.1~1761,1761,ZZ,03,14,03/14,/Date(1708646400000)/,11,54,496,3,02,Bavaria,South,REGENSBURG,Germany,93053,80127,12,ZZ-F12,1kg Blueberry Muesli,Finished Product,F12,1kg,Blueberry Muesli,408,408,ST,5.26,2146.08,926.16,EUR,1219.92000,0.57
.1~1760,1760,ZZ,03,14,03/14,/Date(1708646400000)/,11,54,500,1,02,Lower Saxony,North,OLDENBURG,Germany,26129,80144,12,ZZ-F12,1kg Blueberry Muesli,Finished Product,F12,1kg,Blueberry Muesli,344,344,ST,5.26,1809.44,780.88,EUR,1028.56000,0.57
.1~1759,1759,ZZ,03,14,03/14,/Date(1708646400000)/,11,54,497,2,02,Baden-Wurttemberg,South,GUNDELFINGEN,Germany,79194,80114,12,ZZ-F12,1kg Blueberry Muesli,Finished Product,F12,1kg,Blueberry Muesli,415,415,ST,5.26,2182.90,942.05,EUR,1240.85000,0.57
.1~1758,1758,ZZ,03,14,03/14,/Date(1708646400000)/,11,54,503,1,02,Rhineland Palatinate,West,TRIER,Germany,54290,80164,12,ZZ-F12,1kg Blueberry Muesli,Finished Product,F12,1kg,Blueberry Muesli,395,395,ST,5.26,2077.70,896.65,EUR,1181.05000,0.57
.1~1757,1757,ZZ,03,14,03/14,/Date(1708646400000)/,11,54,501,2,02,Nrth Rhine Westfalia,West,ESSEN,Germany,45127,80153,12,ZZ-F12,1kg Blueberry Muesli,Finished Product,F12,1kg,Blueberry Muesli,427,427,ST,5.26,2246.02,969.29,EUR,1276.73000,0.57
.1~1756,1756,ZZ,03,14,03/14,/Date(1708646400000)/,11,54,502,2,02,Nrth Rhine Westfalia,West,DÜSSELDORF,Germany,40212,80151,12,ZZ-F12,1kg Blueberry Muesli,Finished Product,F12,1kg,Blueberry Muesli,452,452,ST,5.26,2377.52,1026.04,EUR,1351.48000,0.57
.1~1755,1755,ZZ,03,14,03/14,/Date(1708646400000)/,11,54,498,1,02,Saxony,North,CHEMNITZ,Germany,09111,80165,12,ZZ-F12,1kg Blueberry Muesli,Finished Product,F12,1kg,Blueberry Muesli,368,368,ST,5.26,1935.68,835.36,EUR,1100.32000,0.57
.1~1754,1754,ZZ,03,14,03/14,/Date(1708646400000)/,11,54,499,1,02,Lower Saxony,North,OLDENBURG,Germany,26121,80145,12,ZZ-F12,1kg Blueberry Muesli,Finished Product,F12,1kg,Blueberry Muesli,383,383,ST,5.26,2014.58,869.41,EUR,1145.17000,0.57
.1~1737,1737,ZZ,03,13,03/13,/Date(1708560000000)/,11,53,491,2,02,Saxony-Anhalt,North,GÜNTHERSDORF,Germany,06254,80167,12,ZZ-F12,1kg Blueberry Muesli,Finished Product,F12,1kg,Blueberry Muesli,440,440,ST,5.26,2314.40,998.80,EUR,1315.60000,0.57
.1~1736,1736,ZZ,03,13,03/13,/Date(1708560000000)/,11,53,491,1,02,Saxony-Anhalt,North,GÜNTHERSDORF,Germany,06254,80167,12,ZZ-F12,1kg Blueberry Muesli,Finished Product,F12,1kg,Blueberry Muesli,344,344,ST,5.26,1809.44,780.88,EUR,1028.56000,0.57
.1~1735,1735,ZZ,03,13,03/13,/Date(1708560000000)/,11,53,493,9,02,Nrth Rhine Westfalia,West,MÜNSTER,Germany,48159,80158,12,ZZ-F12,1kg Blueberry Muesli,Finished Product,F12,1kg,Blueberry Muesli,385,385,ST,5.26,2025.10,873.95,EUR,1151.15000,0.57
.1~1734,1734,ZZ,03,13,03/13,/Date(1708560000000)/,11,53,493,2,02,Nrth Rhine Westfalia,West,MÜNSTER,Germany,48159,80158,12,ZZ-F12,1kg Blueberry Muesli,Finished Product,F12,1kg,Blueberry Muesli,386,386,ST,5.26,2030.36,876.22,EUR,1154.14000,0.57
.1~1733,1733,ZZ,03,13,03/13,/Date(1708560000000)/,11,53,493,1,02,Nrth Rhine Westfalia,West,MÜNSTER,Germany,48159,80158,12,ZZ-F12,1kg Blueberry Muesli,Finished Product,F12,1kg,Blueberry Muesli,392,392,ST,5.26,2061.92,889.84,EUR,1172.08000,0.57
.1~1732,1732,ZZ,03,13,03/13,/Date(1708560000000)/,11,53,494,1,02,Rhineland Palatinate,West,BAD KREUZNACH,Germany,55543,80163,12,ZZ-F12,1kg Blueberry Muesli,Finished Product,F12,1kg,Blueberry Muesli,442,442,ST,5.26,2324.92,1003.34,EUR,1321.58000,0.57
.1~1731,1731,ZZ,03,13,03/13,/Date(1708560000000)/,11,53,488,0,02,Bavaria,South,MÜNCHEN,Germany,81245,80123,12,ZZ-F12,1kg Blueberry Muesli,Finished Product,F12,1kg,Blueberry Muesli,342,342,ST,5.26,1798.92,776.34,EUR,1022.58000,0.57
.1~1730,1730,ZZ,03,13,03/13,/Date(1708560000000)/,11,53,488,9,02,Bavaria,South,MÜNCHEN,Germany,81245,80123,12,ZZ-F12,1kg Blueberry Muesli,Finished Product,F12,1kg,Blueberry Muesli,389,389,ST,5.26,2046.14,883.03,EUR,1163.11000,0.57
.1~1729,1729,ZZ,03,13,03/13,/Date(1708560000000)/,11,53,488,4,02,Bavaria,South,MÜNCHEN,Germany,81245,80123,12,ZZ-F12,1kg Blueberry Muesli,Finished Product,F12,1kg,Blueberry Muesli,347,347,ST,5.26,1825.22,787.69,EUR,1037.53000,0.57
.1~1728,1728,ZZ,03,13,03/13,/Date(1708560000000)/,11,53,488,3,02,Bavaria,South,MÜNCHEN,Germany,81245,80123,12,ZZ-F12,1kg Blueberry Muesli,Finished Product,F12,1kg,Blueberry Muesli,403,403,ST,5.26,2119.78,914.81,EUR,1204.97000,0.57
.1~1727,1727,ZZ,03,13,03/13,/Date(1708560000000)/,11,53,491,3,02,Saxony-Anhalt,North,GÜNTHERSDORF,Germany,06254,80167,12,ZZ-F12,1kg Blueberry Muesli,Finished Product,F12,1kg,Blueberry Muesli,394,394,ST,5.26,2072.44,894.38,EUR,1178.06000,0.57
.1~1726,1726,ZZ,03,13,03/13,/Date(1708560000000)/,11,53,491,4,02,Saxony-Anhalt,North,GÜNTHERSDORF,Germany,06254,80167,12,ZZ-F12,1kg Blueberry Muesli,Finished Product,F12,1kg,Blueberry Muesli,349,349,ST,5.26,1835.74,792.23,EUR,1043.51000,0.57
.1~1725,1725,ZZ,03,13,03/13,/Date(1708560000000)/,11,53,489,3,02,Bavaria,South,INGOLSTADT,Germany,85055,80120,12,ZZ-F12,1kg Blueberry Muesli,Finished Product,F12,1kg,Blueberry Muesli,451,451,ST,5.26,2372.26,1023.77,EUR,1348.49000,0.57
.1~1724,1724,ZZ,03,13,03/13,/Date(1708560000000)/,11,53,490,2,02,Lower Saxony,North,GÖTTINGEN,Germany,37073,80142,12,ZZ-F12,1kg Blueberry Muesli,Finished Product,F12,1kg,Blueberry Muesli,382,382,ST,5.26,2009.32,867.14,EUR,1142.18000,0.57
.1~1709,1709,ZZ,03,12,03/12,/Date(1708473600000)/,11,52,484,1,02,Schleswig-Holstein,North,KIEL,Germany,24113,80168,12,ZZ-F12,1kg Blueberry Muesli,Finished Product,F12,1kg,Blueberry Muesli,371,371,ST,5.26,1951.46,842.17,EUR,1109.29000,0.57
.1~1708,1708,ZZ,03,12,03/12,/Date(1708473600000)/,11,52,484,2,02,Schleswig-Holstein,North,KIEL,Germany,24113,80168,12,ZZ-F12,1kg Blueberry Muesli,Finished Product,F12,1kg,Blueberry Muesli,354,354,ST,5.26,1862.04,803.58,EUR,1058.46000,0.57
.1~1707,1707,ZZ,03,12,03/12,/Date(1708473600000)/,11,52,485,2,02,Nrth Rhine Westfalia,West,GELSENKIRCHEN,Germany,45879,80154,12,ZZ-F12,1kg Blueberry Muesli,Finished Product,F12,1kg,Blueberry Muesli,426,426,ST,5.26,2240.76,967.02,EUR,1273.74000,0.57
.1~1706,1706,ZZ,03,12,03/12,/Date(1708473600000)/,11,52,486,4,02,Nrth Rhine Westfalia,West,BAD OEYNHAUSEN,Germany,32547,80148,12,ZZ-F12,1kg Blueberry Muesli,Finished Product,F12,1kg,Blueberry Muesli,396,396,ST,5.26,2082.96,898.92,EUR,1184.04000,0.57
.1~1705,1705,ZZ,03,12,03/12,/Date(1708473600000)/,11,52,486,3,02,Nrth Rhine Westfalia,West,BAD OEYNHAUSEN,Germany,32547,80148,12,ZZ-F12,1kg Blueberry Muesli,Finished Product,F12,1kg,Blueberry Muesli,439,439,ST,5.26,2309.14,996.53,EUR,1312.61000,0.57
.1~1704,1704,ZZ,03,12,03/12,/Date(1708473600000)/,11,52,486,2,02,Nrth Rhine Westfalia,West,BAD OEYNHAUSEN,Germany,32547,80148,12,ZZ-F12,1kg Blueberry Muesli,Finished Product,F12,1kg,Blueberry Muesli,364,364,ST,5.26,1914.64,826.28,EUR,1088.36000,0.57
.1~1703,1703,ZZ,03,12,03/12,/Date(1708473600000)/,11,52,487,4,02,Nrth Rhine Westfalia,West,DORTMUND,Germany,44339,80150,12,ZZ-F12,1kg Blueberry Muesli,Finished Product,F12,1kg,Blueberry Muesli,435,435,ST,5.26,2288.10,987.45,EUR,1300.65000,0.57
.1~1702,1702,ZZ,03,12,03/12,/Date(1708473600000)/,11,52,479,1,02,Baden-Wurttemberg,South,ESSLINGEN,Germany,73730,80112,12,ZZ-F12,1kg Blueberry Muesli,Finished Product,F12,1kg,Blueberry Muesli,386,386,ST,5.26,2030.36,876.22,EUR,1154.14000,0.57
.1~1701,1701,ZZ,03,12,03/12,/Date(1708473600000)/,11,52,480,1,02,Hessen,South,FULDA,Germany,36037,80137,12,ZZ-F12,1kg Blueberry Muesli,Finished Product,F12,1kg,Blueberry Muesli,446,446,ST,5.26,2345.96,1012.42,EUR,1333.54000,0.57
.1~1700,1700,ZZ,03,12,03/12,/Date(1708473600000)/,11,52,481,1,02,Baden-Wurttemberg,South,STUTTGART,Germany,70173,80118,12,ZZ-F12,1kg Blueberry Muesli,Finished Product,F12,1kg,Blueberry Muesli,449,449,ST,5.26,2361.74,1019.23,EUR,1342.51000,0.57
.1~1699,1699,ZZ,03,12,03/12,/Date(1708473600000)/,11,52,483,4,02,Bremen,North,BREMEN,Germany,28259,80133,12,ZZ-F12,1kg Blueberry Muesli,Finished Product,F12,1kg,Blueberry Muesli,361,361,ST,5.26,1898.86,819.47,EUR,1079.39000,0.57
.1~1698,1698,ZZ,03,12,03/12,/Date(1708473600000)/,11,52,481,2,02,Baden-Wurttemberg,South,STUTTGART,Germany,70173,80118,12,ZZ-F12,1kg Blueberry Muesli,Finished Product,F12,1kg,Blueberry Muesli,348,348,ST,5.26,1830.48,789.96,EUR,1040.52000,0.57
.1~1697,1697,ZZ,03,12,03/12,/Date(1708473600000)/,11,52,481,3,02,Baden-Wurttemberg,South,STUTTGART,Germany,70173,80118,12,ZZ-F12,1kg Blueberry Muesli,Finished Product,F12,1kg,Blueberry Muesli,358,358,ST,5.26,1883.08,812.66,EUR,1070.42000,0.57
.1~1677,1677,ZZ,03,11,03/11,/Date(1708387200000)/,11,51,470,2,02,Bavaria,South,NÜRNBERG-BUCH,Germany,90427,80126,12,ZZ-F12,1kg Blueberry Muesli,Finished Product,F12,1kg,Blueberry Muesli,350,350,ST,5.26,1841.00,794.50,EUR,1046.50000,0.57
.1~1676,1676,ZZ,03,11,03/11,/Date(1708387200000)/,11,51,470,1,02,Bavaria,South,NÜRNBERG-BUCH,Germany,90427,80126,12,ZZ-F12,1kg Blueberry Muesli,Finished Product,F12,1kg,Blueberry Muesli,437,437,ST,5.26,2298.62,991.99,EUR,1306.63000,0.57
.1~1675,1675,ZZ,03,11,03/11,/Date(1708387200000)/,11,51,478,1,02,Nrth Rhine Westfalia,West,SIEGEN,Germany,57076,80160,12,ZZ-F12,1kg Blueberry Muesli,Finished Product,F12,1kg,Blueberry Muesli,390,390,ST,5.26,2051.40,885.30,EUR,1166.10000,0.57
.1~1674,1674,ZZ,03,11,03/11,/Date(1708387200000)/,11,51,478,2,02,Nrth Rhine Westfalia,West,SIEGEN,Germany,57076,80160,12,ZZ-F12,1kg Blueberry Muesli,Finished Product,F12,1kg,Blueberry Muesli,424,424,ST,5.26,2230.24,962.48,EUR,1267.76000,0.57
.1~1673,1673,ZZ,03,11,03/11,/Date(1708387200000)/,11,51,478,3,02,Nrth Rhine Westfalia,West,SIEGEN,Germany,57076,80160,12,ZZ-F12,1kg Blueberry Muesli,Finished Product,F12,1kg,Blueberry Muesli,357,357,ST,5.26,1877.82,810.39,EUR,1067.43000,0.57
.1~1672,1672,ZZ,03,11,03/11,/Date(1708387200000)/,11,51,478,4,02,Nrth Rhine Westfalia,West,SIEGEN,Germany,57076,80160,12,ZZ-F12,1kg Blueberry Muesli,Finished Product,F12,1kg,Blueberry Muesli,455,455,ST,5.26,2393.30,1032.85,EUR,1360.45000,0.57
.1~1671,1671,ZZ,03,11,03/11,/Date(1708387200000)/,11,51,477,3,02,Nrth Rhine Westfalia,West,KREFELD,Germany,47798,80157,12,ZZ-F12,1kg Blueberry Muesli,Finished Product,F12,1kg,Blueberry Muesli,372,372,ST,5.26,1956.72,844.44,EUR,1112.28000,0.57
.1~1670,1670,ZZ,03,11,03/11,/Date(1708387200000)/,11,51,477,1,02,Nrth Rhine Westfalia,West,KREFELD,Germany,47798,80157,12,ZZ-F12,1kg Blueberry Muesli,Finished Product,F12,1kg,Blueberry Muesli,415,415,ST,5.26,2182.90,942.05,EUR,1240.85000,0.57
.1~1669,1669,ZZ,03,11,03/11,/Date(1708387200000)/,11,51,476,3,02,Nrth Rhine Westfalia,West,HÜCKELHOVEN,Germany,41836,80156,12,ZZ-F12,1kg Blueberry Muesli,Finished Product,F12,1kg,Blueberry Muesli,392,392,ST,5.26,2061.92,889.84,EUR,1172.08000,0.57
.1~1668,1668,ZZ,03,11,03/11,/Date(1708387200000)/,11,51,476,1,02,Nrth Rhine Westfalia,West,HÜCKELHOVEN,Germany,41836,80156,12,ZZ-F12,1kg Blueberry Muesli,Finished Product,F12,1kg,Blueberry Muesli,427,427,ST,5.26,2246.02,969.29,EUR,1276.73000,0.57
.1~1667,1667,ZZ,03,11,03/11,/Date(1708387200000)/,11,51,475,1,02,Lower Saxony,North,UELZEN,Germany,29525,80146,12,ZZ-F12,1kg Blueberry Muesli,Finished Product,F12,1kg,Blueberry Muesli,429,429,ST,5.26,2256.54,973.83,EUR,1282.71000,0.57
.1~1666,1666,ZZ,03,11,03/11,/Date(1708387200000)/,11,51,475,2,02,Lower Saxony,North,UELZEN,Germany,29525,80146,12,ZZ-F12,1kg Blueberry Muesli,Finished Product,F12,1kg,Blueberry Muesli,438,438,ST,5.26,2303.88,994.26,EUR,1309.62000,0.57
.1~1665,1665,ZZ,03,11,03/11,/Date(1708387200000)/,11,51,475,4,02,Lower Saxony,North,UELZEN,Germany,29525,80146,12,ZZ-F12,1kg Blueberry Muesli,Finished Product,F12,1kg,Blueberry Muesli,367,367,ST,5.26,1930.42,833.09,EUR,1097.33000,0.57
.1~1664,1664,ZZ,03,11,03/11,/Date(1708387200000)/,11,51,470,4,02,Bavaria,South,NÜRNBERG-BUCH,Germany,90427,80126,12,ZZ-F12,1kg Blueberry Muesli,Finished Product,F12,1kg,Blueberry Muesli,345,345,ST,5.26,1814.70,783.15,EUR,1031.55000,0.57
.1~1663,1663,ZZ,03,11,03/11,/Date(1708387200000)/,11,51,471,1,02,Baden-Wurttemberg,South,ALBSTADT,Germany,72458,80170,12,ZZ-F12,1kg Blueberry Muesli,Finished Product,F12,1kg,Blueberry Muesli,369,369,ST,5.26,1940.94,837.63,EUR,1103.31000,0.57
.1~1662,1662,ZZ,03,11,03/11,/Date(1708387200000)/,11,51,472,3,02,Bavaria,South,MÜNCHEN,Germany,80939,80124,12,ZZ-F12,1kg Blueberry Muesli,Finished Product,F12,1kg,Blueberry Muesli,440,440,ST,5.26,2314.40,998.80,EUR,1315.60000,0.57
.1~1661,1661,ZZ,03,11,03/11,/Date(1708387200000)/,11,51,473,3,02,Schleswig-Holstein,North,NEUMÜNSTER,Germany,24537,80169,12,ZZ-F12,1kg Blueberry Muesli,Finished Product,F12,1kg,Blueberry Muesli,447,447,ST,5.26,2351.22,1014.69,EUR,1336.53000,0.57
.1~1660,1660,ZZ,03,11,03/11,/Date(1708387200000)/,11,51,473,1,02,Schleswig-Holstein,North,NEUMÜNSTER,Germany,24537,80169,12,ZZ-F12,1kg Blueberry Muesli,Finished Product,F12,1kg,Blueberry Muesli,455,455,ST,5.26,2393.30,1032.85,EUR,1360.45000,0.57
.1~1659,1659,ZZ,03,11,03/11,/Date(1708387200000)/,11,51,474,1,02,Brandenburg,North,COTTBUS,Germany,03046,80132,12,ZZ-F12,1kg Blueberry Muesli,Finished Product,F12,1kg,Blueberry Muesli,443,443,ST,5.26,2330.18,1005.61,EUR,1324.57000,0.57
.1~1658,1658,ZZ,03,11,03/11,/Date(1708387200000)/,11,51,474,2,02,Brandenburg,North,COTTBUS,Germany,03046,80132,12,ZZ-F12,1kg Blueberry Muesli,Finished Product,F12,1kg,Blueberry Muesli,395,395,ST,5.26,2077.70,896.65,EUR,1181.05000,0.57
.1~1429,1429,ZZ,01,18,01/18,/Date(1705536000000)/,4,18,344,1,02,Bavaria,South,NÜRNBERG,Germany,90451,80125,12,ZZ-F12,1kg Blueberry Muesli,Finished Product,F12,1kg,Blueberry Muesli,453,453,ST,5.26,2382.78,1028.31,EUR,1354.47000,0.57
.1~1428,1428,ZZ,01,18,01/18,/Date(1705536000000)/,4,18,345,3,02,Hessen,South,FULDA,Germany,36037,80137,12,ZZ-F12,1kg Blueberry Muesli,Finished Product,F12,1kg,Blueberry Muesli,260,260,ST,5.26,1367.60,590.20,EUR,777.40000,0.57
.1~1401,1401,ZZ,01,17,01/17,/Date(1705449600000)/,4,17,334,3,02,Bavaria,South,NÜRNBERG,Germany,90451,80125,12,ZZ-F12,1kg Blueberry Muesli,Finished Product,F12,1kg,Blueberry Muesli,441,441,ST,5.26,2319.66,1001.07,EUR,1318.59000,0.57
.1~1400,1400,ZZ,01,17,01/17,/Date(1705449600000)/,4,17,337,4,02,Schleswig-Holstein,North,KIEL,Germany,24113,80168,12,ZZ-F12,1kg Blueberry Muesli,Finished Product,F12,1kg,Blueberry Muesli,447,447,ST,5.26,2351.22,1014.69,EUR,1336.53000,0.57
.1~1399,1399,ZZ,01,17,01/17,/Date(1705449600000)/,4,17,337,3,02,Schleswig-Holstein,North,KIEL,Germany,24113,80168,12,ZZ-F12,1kg Blueberry Muesli,Finished Product,F12,1kg,Blueberry Muesli,356,356,ST,5.26,1872.56,808.12,EUR,1064.44000,0.57
.1~1398,1398,ZZ,01,17,01/17,/Date(1705449600000)/,4,17,337,2,02,Schleswig-Holstein,North,KIEL,Germany,24113,80168,12,ZZ-F12,1kg Blueberry Muesli,Finished Product,F12,1kg,Blueberry Muesli,384,384,ST,5.26,2019.84,871.68,EUR,1148.16000,0.57
.1~1397,1397,ZZ,01,17,01/17,/Date(1705449600000)/,4,17,336,4,02,Hessen,South,MAGDEBURG,Germany,39128,80138,12,ZZ-F12,1kg Blueberry Muesli,Finished Product,F12,1kg,Blueberry Muesli,438,438,ST,5.26,2303.88,994.26,EUR,1309.62000,0.57
.1~1396,1396,ZZ,01,17,01/17,/Date(1705449600000)/,4,17,335,2,02,Baden-Wurttemberg,South,KARLSRUHE,Germany,76133,80115,12,ZZ-F12,1kg Blueberry Muesli,Finished Product,F12,1kg,Blueberry Muesli,357,357,ST,5.26,1877.82,810.39,EUR,1067.43000,0.57
.1~1395,1395,ZZ,01,17,01/17,/Date(1705449600000)/,4,17,335,3,02,Baden-Wurttemberg,South,KARLSRUHE,Germany,76133,80115,12,ZZ-F12,1kg Blueberry Muesli,Finished Product,F12,1kg,Blueberry Muesli,350,350,ST,5.26,1841.00,794.50,EUR,1046.50000,0.57
.1~1394,1394,ZZ,01,17,01/17,/Date(1705449600000)/,4,17,334,4,02,Bavaria,South,NÜRNBERG,Germany,90451,80125,12,ZZ-F12,1kg Blueberry Muesli,Finished Product,F12,1kg,Blueberry Muesli,393,393,ST,5.26,2067.18,892.11,EUR,1175.07000,0.57
.1~1362,1362,ZZ,01,16,01/16,/Date(1705363200000)/,4,16,326,4,02,Hessen,South,MARBURG,Germany,35037,80139,12,ZZ-F12,1kg Blueberry Muesli,Finished Product,F12,1kg,Blueberry Muesli,422,422,ST,5.26,2219.72,957.94,EUR,1261.78000,0.57
.1~1361,1361,ZZ,01,16,01/16,/Date(1705363200000)/,4,16,328,3,02,Saxony,North,CHEMNITZ,Germany,09111,80165,12,ZZ-F12,1kg Blueberry Muesli,Finished Product,F12,1kg,Blueberry Muesli,455,455,ST,5.26,2393.30,1032.85,EUR,1360.45000,0.57
.1~1360,1360,ZZ,01,16,01/16,/Date(1705363200000)/,4,16,331,1,02,Lower Saxony,North,OLDENBURG,Germany,26129,80144,12,ZZ-F12,1kg Blueberry Muesli,Finished Product,F12,1kg,Blueberry Muesli,358,358,ST,5.26,1883.08,812.66,EUR,1070.42000,0.57
.1~1359,1359,ZZ,01,16,01/16,/Date(1705363200000)/,4,16,333,4,02,Nrth Rhine Westfalia,West,BRÜHL,Germany,50321,80149,12,ZZ-F12,1kg Blueberry Muesli,Finished Product,F12,1kg,Blueberry Muesli,345,345,ST,5.26,1814.70,783.15,EUR,1031.55000,0.57
.1~1358,1358,ZZ,01,16,01/16,/Date(1705363200000)/,4,16,327,4,02,Baden-Wurttemberg,South,FREIBURG,Germany,79098,80113,12,ZZ-F12,1kg Blueberry Muesli,Finished Product,F12,1kg,Blueberry Muesli,383,383,ST,5.26,2014.58,869.41,EUR,1145.17000,0.57
.1~1331,1331,ZZ,01,15,01/15,/Date(1705276800000)/,3,15,319,1,02,Hessen,South,FRANKFURT/MAIN,Germany,60386,80136,12,ZZ-F12,1kg Blueberry Muesli,Finished Product,F12,1kg,Blueberry Muesli,440,440,ST,5.26,2314.40,998.80,EUR,1315.60000,0.57
.1~1330,1330,ZZ,01,15,01/15,/Date(1705276800000)/,3,15,318,2,02,Hessen,South,MARBURG,Germany,35037,80139,12,ZZ-F12,1kg Blueberry Muesli,Finished Product,F12,1kg,Blueberry Muesli,421,421,ST,5.26,2214.46,955.67,EUR,1258.79000,0.57
.1~1329,1329,ZZ,01,15,01/15,/Date(1705276800000)/,3,15,323,3,02,Lower Saxony,North,NIENBURG,Germany,31582,80143,12,ZZ-F12,1kg Blueberry Muesli,Finished Product,F12,1kg,Blueberry Muesli,365,365,ST,5.26,1919.90,828.55,EUR,1091.35000,0.57
.1~1328,1328,ZZ,01,15,01/15,/Date(1705276800000)/,3,15,319,4,02,Hessen,South,FRANKFURT/MAIN,Germany,60386,80136,12,ZZ-F12,1kg Blueberry Muesli,Finished Product,F12,1kg,Blueberry Muesli,372,372,ST,5.26,1956.72,844.44,EUR,1112.28000,0.57
.1~1327,1327,ZZ,01,15,01/15,/Date(1705276800000)/,3,15,321,4,02,Saxony-Anhalt,North,GÜNTHERSDORF,Germany,06254,80167,12,ZZ-F12,1kg Blueberry Muesli,Finished Product,F12,1kg,Blueberry Muesli,449,449,ST,5.26,2361.74,1019.23,EUR,1342.51000,0.57
.1~1326,1326,ZZ,01,15,01/15,/Date(1705276800000)/,3,15,321,1,02,Saxony-Anhalt,North,GÜNTHERSDORF,Germany,06254,80167,12,ZZ-F12,1kg Blueberry Muesli,Finished Product,F12,1kg,Blueberry Muesli,427,427,ST,5.26,2246.02,969.29,EUR,1276.73000,0.57
.1~1325,1325,ZZ,01,15,01/15,/Date(1705276800000)/,3,15,321,2,02,Saxony-Anhalt,North,GÜNTHERSDORF,Germany,06254,80167,12,ZZ-F12,1kg Blueberry Muesli,Finished Product,F12,1kg,Blueberry Muesli,357,357,ST,5.26,1877.82,810.39,EUR,1067.43000,0.57
.1~1324,1324,ZZ,01,15,01/15,/Date(1705276800000)/,3,15,320,2,02,Lower Saxony,North,GÖTTINGEN,Germany,37073,80142,12,ZZ-F12,1kg Blueberry Muesli,Finished Product,F12,1kg,Blueberry Muesli,425,425,ST,5.26,2235.50,964.75,EUR,1270.75000,0.57
.1~1299,1299,ZZ,01,14,01/14,/Date(1705190400000)/,3,14,313,4,02,Schleswig-Holstein,North,KIEL,Germany,24113,80168,12,ZZ-F12,1kg Blueberry Muesli,Finished Product,F12,1kg,Blueberry Muesli,346,346,ST,5.26,1819.96,785.42,EUR,1034.54000,0.57
.1~1298,1298,ZZ,01,14,01/14,/Date(1705190400000)/,3,14,310,1,02,Bavaria,South,WÜRZBURG,Germany,97070,80128,12,ZZ-F12,1kg Blueberry Muesli,Finished Product,F12,1kg,Blueberry Muesli,347,347,ST,5.26,1825.22,787.69,EUR,1037.53000,0.57
.1~1297,1297,ZZ,01,14,01/14,/Date(1705190400000)/,3,14,312,3,02,Bremen,North,BREMEN,Germany,28259,80133,12,ZZ-F12,1kg Blueberry Muesli,Finished Product,F12,1kg,Blueberry Muesli,407,407,ST,5.26,2140.82,923.89,EUR,1216.93000,0.57
.1~1296,1296,ZZ,01,14,01/14,/Date(1705190400000)/,3,14,309,3,02,Bavaria,South,MÜNCHEN,Germany,80804,80122,12,ZZ-F12,1kg Blueberry Muesli,Finished Product,F12,1kg,Blueberry Muesli,408,408,ST,5.26,2146.08,926.16,EUR,1219.92000,0.57
.1~1295,1295,ZZ,01,14,01/14,/Date(1705190400000)/,3,14,310,4,02,Bavaria,South,WÜRZBURG,Germany,97070,80128,12,ZZ-F12,1kg Blueberry Muesli,Finished Product,F12,1kg,Blueberry Muesli,387,387,ST,5.26,2035.62,878.49,EUR,1157.13000,0.57
.1~1294,1294,ZZ,01,14,01/14,/Date(1705190400000)/,3,14,313,2,02,Schleswig-Holstein,North,KIEL,Germany,24113,80168,12,ZZ-F12,1kg Blueberry Muesli,Finished Product,F12,1kg,Blueberry Muesli,394,394,ST,5.26,2072.44,894.38,EUR,1178.06000,0.57
.1~1293,1293,ZZ,01,14,01/14,/Date(1705190400000)/,3,14,308,1,02,Bavaria,South,AUGSBURG,Germany,86156,80119,12,ZZ-F12,1kg Blueberry Muesli,Finished Product,F12,1kg,Blueberry Muesli,405,405,ST,5.26,2130.30,919.35,EUR,1210.95000,0.57
.1~1292,1292,ZZ,01,14,01/14,/Date(1705190400000)/,3,14,314,4,02,Nrth Rhine Westfalia,West,PADERBORN,Germany,33100,80159,12,ZZ-F12,1kg Blueberry Muesli,Finished Product,F12,1kg,Blueberry Muesli,446,446,ST,5.26,2345.96,1012.42,EUR,1333.54000,0.57
.1~1291,1291,ZZ,01,14,01/14,/Date(1705190400000)/,3,14,313,1,02,Schleswig-Holstein,North,KIEL,Germany,24113,80168,12,ZZ-F12,1kg Blueberry Muesli,Finished Product,F12,1kg,Blueberry Muesli,348,348,ST,5.26,1830.48,789.96,EUR,1040.52000,0.57
.1~1290,1290,ZZ,01,14,01/14,/Date(1705190400000)/,3,14,314,1,02,Nrth Rhine Westfalia,West,PADERBORN,Germany,33100,80159,12,ZZ-F12,1kg Blueberry Muesli,Finished Product,F12,1kg,Blueberry Muesli,436,436,ST,5.26,2293.36,989.72,EUR,1303.64000,0.57
.1~1289,1289,ZZ,01,14,01/14,/Date(1705190400000)/,3,14,316,1,02,Nrth Rhine Westfalia,West,HÜCKELHOVEN,Germany,41836,80156,12,ZZ-F12,1kg Blueberry Muesli,Finished Product,F12,1kg,Blueberry Muesli,432,432,ST,5.26,2272.32,980.64,EUR,1291.68000,0.57
.1~1288,1288,ZZ,01,14,01/14,/Date(1705190400000)/,3,14,311,1,02,Lower Saxony,North,WOLFSBURG,Germany,38444,80147,12,ZZ-F12,1kg Blueberry Muesli,Finished Product,F12,1kg,Blueberry Muesli,405,405,ST,5.26,2130.30,919.35,EUR,1210.95000,0.57
.1~1287,1287,ZZ,01,14,01/14,/Date(1705190400000)/,3,14,314,3,02,Nrth Rhine Westfalia,West,PADERBORN,Germany,33100,80159,12,ZZ-F12,1kg Blueberry Muesli,Finished Product,F12,1kg,Blueberry Muesli,414,414,ST,5.26,2177.64,939.78,EUR,1237.86000,0.57
.1~1286,1286,ZZ,01,14,01/14,/Date(1705190400000)/,3,14,312,2,02,Bremen,North,BREMEN,Germany,28259,80133,12,ZZ-F12,1kg Blueberry Muesli,Finished Product,F12,1kg,Blueberry Muesli,449,449,ST,5.26,2361.74,1019.23,EUR,1342.51000,0.57
.1~1262,1262,ZZ,01,13,01/13,/Date(1705104000000)/,3,13,302,1,02,Schleswig-Holstein,North,NEUMÜNSTER,Germany,24537,80169,12,ZZ-F12,1kg Blueberry Muesli,Finished Product,F12,1kg,Blueberry Muesli,359,359,ST,5.26,1888.34,814.93,EUR,1073.41000,0.57
.1~1261,1261,ZZ,01,13,01/13,/Date(1705104000000)/,3,13,302,4,02,Schleswig-Holstein,North,NEUMÜNSTER,Germany,24537,80169,12,ZZ-F12,1kg Blueberry Muesli,Finished Product,F12,1kg,Blueberry Muesli,409,409,ST,5.26,2151.34,928.43,EUR,1222.91000,0.57
.1~1260,1260,ZZ,01,13,01/13,/Date(1705104000000)/,3,13,306,1,02,Nrth Rhine Westfalia,West,DÜSSELDORF,Germany,40213,80152,12,ZZ-F12,1kg Blueberry Muesli,Finished Product,F12,1kg,Blueberry Muesli,425,425,ST,5.26,2235.50,964.75,EUR,1270.75000,0.57
.1~1259,1259,ZZ,01,13,01/13,/Date(1705104000000)/,3,13,300,4,02,Hessen,South,WIESBADEN,Germany,65183,80140,12,ZZ-F12,1kg Blueberry Muesli,Finished Product,F12,1kg,Blueberry Muesli,387,387,ST,5.26,2035.62,878.49,EUR,1157.13000,0.57
.1~1258,1258,ZZ,01,13,01/13,/Date(1705104000000)/,3,13,300,2,02,Hessen,South,WIESBADEN,Germany,65183,80140,12,ZZ-F12,1kg Blueberry Muesli,Finished Product,F12,1kg,Blueberry Muesli,390,390,ST,5.26,2051.40,885.30,EUR,1166.10000,0.57
.1~1257,1257,ZZ,01,13,01/13,/Date(1705104000000)/,3,13,307,1,02,Nrth Rhine Westfalia,West,DÜSSELDORF,Germany,40212,80151,12,ZZ-F12,1kg Blueberry Muesli,Finished Product,F12,1kg,Blueberry Muesli,433,433,ST,5.26,2277.58,982.91,EUR,1294.67000,0.57
.1~1256,1256,ZZ,01,13,01/13,/Date(1705104000000)/,3,13,299,2,02,Bavaria,South,INGOLSTADT,Germany,85046,80121,12,ZZ-F12,1kg Blueberry Muesli,Finished Product,F12,1kg,Blueberry Muesli,391,391,ST,5.26,2056.66,887.57,EUR,1169.09000,0.57
.1~1255,1255,ZZ,01,13,01/13,/Date(1705104000000)/,3,13,303,2,02,Brandenburg,North,COTTBUS,Germany,03046,80132,12,ZZ-F12,1kg Blueberry Muesli,Finished Product,F12,1kg,Blueberry Muesli,427,427,ST,5.26,2246.02,969.29,EUR,1276.73000,0.57
.1~1222,1222,ZZ,01,12,01/12,/Date(1705017600000)/,3,12,291,2,02,Baden-Wurttemberg,South,KORNTAL,Germany,70825,80116,12,ZZ-F12,1kg Blueberry Muesli,Finished Product,F12,1kg,Blueberry Muesli,434,434,ST,5.26,2282.84,985.18,EUR,1297.66000,0.57
.1~1221,1221,ZZ,01,12,01/12,/Date(1705017600000)/,3,12,296,1,02,Saxony,North,ZWICKAU,Germany,08058,80166,12,ZZ-F12,1kg Blueberry Muesli,Finished Product,F12,1kg,Blueberry Muesli,438,438,ST,5.26,2303.88,994.26,EUR,1309.62000,0.57
.1~1220,1220,ZZ,01,12,01/12,/Date(1705017600000)/,3,12,292,3,02,Hessen,South,FRANKFURT/MAIN,Germany,60386,80136,12,ZZ-F12,1kg Blueberry Muesli,Finished Product,F12,1kg,Blueberry Muesli,390,390,ST,5.26,2051.40,885.30,EUR,1166.10000,0.57
.1~1219,1219,ZZ,01,12,01/12,/Date(1705017600000)/,3,12,292,1,02,Hessen,South,FRANKFURT/MAIN,Germany,60386,80136,12,ZZ-F12,1kg Blueberry Muesli,Finished Product,F12,1kg,Blueberry Muesli,447,447,ST,5.26,2351.22,1014.69,EUR,1336.53000,0.57
.1~1218,1218,ZZ,01,12,01/12,/Date(1705017600000)/,3,12,296,2,02,Saxony,North,ZWICKAU,Germany,08058,80166,12,ZZ-F12,1kg Blueberry Muesli,Finished Product,F12,1kg,Blueberry Muesli,425,425,ST,5.26,2235.50,964.75,EUR,1270.75000,0.57
.1~1217,1217,ZZ,01,12,01/12,/Date(1705017600000)/,3,12,293,2,02,Berlin,North,WALTERSDORF,Germany,12529,80130,12,ZZ-F12,1kg Blueberry Muesli,Finished Product,F12,1kg,Blueberry Muesli,411,411,ST,5.26,2161.86,932.97,EUR,1228.89000,0.57
.1~1216,1216,ZZ,01,12,01/12,/Date(1705017600000)/,3,12,296,3,02,Saxony,North,ZWICKAU,Germany,08058,80166,12,ZZ-F12,1kg Blueberry Muesli,Finished Product,F12,1kg,Blueberry Muesli,444,444,ST,5.26,2335.44,1007.88,EUR,1327.56000,0.57
.1~1215,1215,ZZ,01,12,01/12,/Date(1705017600000)/,3,12,297,3,02,Nrth Rhine Westfalia,West,DORTMUND,Germany,44339,80150,12,ZZ-F12,1kg Blueberry Muesli,Finished Product,F12,1kg,Blueberry Muesli,367,367,ST,5.26,1930.42,833.09,EUR,1097.33000,0.57
.1~1214,1214,ZZ,01,12,01/12,/Date(1705017600000)/,3,12,294,2,02,Hamburg,North,BUXTEHUDE,Germany,21614,80134,12,ZZ-F12,1kg Blueberry Muesli,Finished Product,F12,1kg,Blueberry Muesli,361,361,ST,5.26,1898.86,819.47,EUR,1079.39000,0.57
.1~1185,1185,ZZ,01,11,01/11,/Date(1704931200000)/,3,11,289,4,02,Nrth Rhine Westfalia,West,VELBERT,Germany,42551,80161,12,ZZ-F12,1kg Blueberry Muesli,Finished Product,F12,1kg,Blueberry Muesli,448,448,ST,5.26,2356.48,1016.96,EUR,1339.52000,0.57
.1~1184,1184,ZZ,01,11,01/11,/Date(1704931200000)/,3,11,288,1,02,Nrth Rhine Westfalia,West,ESSEN,Germany,45127,80153,12,ZZ-F12,1kg Blueberry Muesli,Finished Product,F12,1kg,Blueberry Muesli,343,343,ST,5.26,1804.18,778.61,EUR,1025.57000,0.57
.1~1183,1183,ZZ,01,11,01/11,/Date(1704931200000)/,3,11,282,3,02,Bavaria,South,WÜRZBURG,Germany,97070,80128,12,ZZ-F12,1kg Blueberry Muesli,Finished Product,F12,1kg,Blueberry Muesli,448,448,ST,5.26,2356.48,1016.96,EUR,1339.52000,0.57
.1~1182,1182,ZZ,01,11,01/11,/Date(1704931200000)/,3,11,283,1,02,Baden-Wurttemberg,South,STUTTGART,Germany,70173,80118,12,ZZ-F12,1kg Blueberry Muesli,Finished Product,F12,1kg,Blueberry Muesli,453,453,ST,5.26,2382.78,1028.31,EUR,1354.47000,0.57
.1~1181,1181,ZZ,01,11,01/11,/Date(1704931200000)/,3,11,287,3,02,Lower Saxony,North,UELZEN,Germany,29525,80146,12,ZZ-F12,1kg Blueberry Muesli,Finished Product,F12,1kg,Blueberry Muesli,430,430,ST,5.26,2261.80,976.10,EUR,1285.70000,0.57
.1~1180,1180,ZZ,01,11,01/11,/Date(1704931200000)/,3,11,285,3,02,Nrth Rhine Westfalia,West,PADERBORN,Germany,33100,80159,12,ZZ-F12,1kg Blueberry Muesli,Finished Product,F12,1kg,Blueberry Muesli,360,360,ST,5.26,1893.60,817.20,EUR,1076.40000,0.57
.1~1154,1154,ZZ,01,10,01/10,/Date(1704844800000)/,2,10,278,3,02,Brandenburg,North,BRANDENBURG,Germany,14772,80131,12,ZZ-F12,1kg Blueberry Muesli,Finished Product,F12,1kg,Blueberry Muesli,413,413,ST,5.26,2172.38,937.51,EUR,1234.87000,0.57
.1~1153,1153,ZZ,01,10,01/10,/Date(1704844800000)/,2,10,274,2,02,Bavaria,South,REGENSBURG,Germany,93053,80127,12,ZZ-F12,1kg Blueberry Muesli,Finished Product,F12,1kg,Blueberry Muesli,390,390,ST,5.26,2051.40,885.30,EUR,1166.10000,0.57
.1~1152,1152,ZZ,01,10,01/10,/Date(1704844800000)/,2,10,279,1,02,Hamburg,North,BUXTEHUDE,Germany,21614,80134,12,ZZ-F12,1kg Blueberry Muesli,Finished Product,F12,1kg,Blueberry Muesli,435,435,ST,5.26,2288.10,987.45,EUR,1300.65000,0.57
.1~1151,1151,ZZ,01,10,01/10,/Date(1704844800000)/,2,10,275,4,02,Baden-Wurttemberg,South,ALBSTADT,Germany,72458,80170,12,ZZ-F12,1kg Blueberry Muesli,Finished Product,F12,1kg,Blueberry Muesli,447,447,ST,5.26,2351.22,1014.69,EUR,1336.53000,0.57
.1~1150,1150,ZZ,01,10,01/10,/Date(1704844800000)/,2,10,276,1,02,Nrth Rhine Westfalia,West,GELSENKIRCHEN,Germany,45879,80154,12,ZZ-F12,1kg Blueberry Muesli,Finished Product,F12,1kg,Blueberry Muesli,355,355,ST,5.26,1867.30,805.85,EUR,1061.45000,0.57
.1~1120,1120,ZZ,01,09,01/09,/Date(1704758400000)/,2,9,272,2,02,Hamburg,North,HAMBURG,Germany,22765,80135,12,ZZ-F12,1kg Blueberry Muesli,Finished Product,F12,1kg,Blueberry Muesli,358,358,ST,5.26,1883.08,812.66,EUR,1070.42000,0.57
.1~1119,1119,ZZ,01,09,01/09,/Date(1704758400000)/,2,9,269,3,02,Rhineland Palatinate,West,TRIER,Germany,54290,80164,12,ZZ-F12,1kg Blueberry Muesli,Finished Product,F12,1kg,Blueberry Muesli,354,354,ST,5.26,1862.04,803.58,EUR,1058.46000,0.57
.1~1118,1118,ZZ,01,09,01/09,/Date(1704758400000)/,2,9,265,2,02,Baden-Wurttemberg,South,ESSLINGEN,Germany,73730,80112,12,ZZ-F12,1kg Blueberry Muesli,Finished Product,F12,1kg,Blueberry Muesli,364,364,ST,5.26,1914.64,826.28,EUR,1088.36000,0.57
.1~1117,1117,ZZ,01,09,01/09,/Date(1704758400000)/,2,9,265,4,02,Baden-Wurttemberg,South,ESSLINGEN,Germany,73730,80112,12,ZZ-F12,1kg Blueberry Muesli,Finished Product,F12,1kg,Blueberry Muesli,351,351,ST,5.26,1846.26,796.77,EUR,1049.49000,0.57
.1~1116,1116,ZZ,01,09,01/09,/Date(1704758400000)/,2,9,270,1,02,Nrth Rhine Westfalia,West,KREFELD,Germany,47798,80157,12,ZZ-F12,1kg Blueberry Muesli,Finished Product,F12,1kg,Blueberry Muesli,446,446,ST,5.26,2345.96,1012.42,EUR,1333.54000,0.57
.1~1115,1115,ZZ,01,09,01/09,/Date(1704758400000)/,2,9,268,3,02,Nrth Rhine Westfalia,West,DÜSSELDORF,Germany,40212,80151,12,ZZ-F12,1kg Blueberry Muesli,Finished Product,F12,1kg,Blueberry Muesli,392,392,ST,5.26,2061.92,889.84,EUR,1172.08000,0.57
.1~1114,1114,ZZ,01,09,01/09,/Date(1704758400000)/,2,9,271,2,02,Bremen,North,BREMEN,Germany,28259,80133,12,ZZ-F12,1kg Blueberry Muesli,Finished Product,F12,1kg,Blueberry Muesli,362,362,ST,5.26,1904.12,821.74,EUR,1082.38000,0.57
.1~1079,1079,ZZ,01,08,01/08,/Date(1704672000000)/,2,8,264,1,02,Berlin,North,BERLIN,Germany,13349,80129,12,ZZ-F12,1kg Blueberry Muesli,Finished Product,F12,1kg,Blueberry Muesli,446,446,ST,5.26,2345.96,1012.42,EUR,1333.54000,0.57
.1~1078,1078,ZZ,01,08,01/08,/Date(1704672000000)/,2,8,258,2,02,Baden-Wurttemberg,South,GUNDELFINGEN,Germany,79194,80114,12,ZZ-F12,1kg Blueberry Muesli,Finished Product,F12,1kg,Blueberry Muesli,407,407,ST,5.26,2140.82,923.89,EUR,1216.93000,0.57
.1~1077,1077,ZZ,01,08,01/08,/Date(1704672000000)/,2,8,259,2,02,Rhineland Palatinate,West,BAD KREUZNACH,Germany,55543,80163,12,ZZ-F12,1kg Blueberry Muesli,Finished Product,F12,1kg,Blueberry Muesli,374,374,ST,5.26,1967.24,848.98,EUR,1118.26000,0.57
.1~1076,1076,ZZ,01,08,01/08,/Date(1704672000000)/,2,8,263,3,02,Lower Saxony,North,WOLFSBURG,Germany,38444,80147,12,ZZ-F12,1kg Blueberry Muesli,Finished Product,F12,1kg,Blueberry Muesli,403,403,ST,5.26,2119.78,914.81,EUR,1204.97000,0.57
.1~1075,1075,ZZ,01,08,01/08,/Date(1704672000000)/,2,8,190,2,02,Rhineland Palatinate,West,BAD KREUZNACH,Germany,55543,80163,12,ZZ-F12,1kg Blueberry Muesli,Finished Product,F12,1kg,Blueberry Muesli,402,402,ST,5.26,2114.52,912.54,EUR,1201.98000,0.57
.1~1074,1074,ZZ,01,08,01/08,/Date(1704672000000)/,2,8,189,2,02,Baden-Wurttemberg,South,GUNDELFINGEN,Germany,79194,80114,12,ZZ-F12,1kg Blueberry Muesli,Finished Product,F12,1kg,Blueberry Muesli,420,420,ST,5.26,2209.20,953.40,EUR,1255.80000,0.57
.1~1073,1073,ZZ,01,08,01/08,/Date(1704672000000)/,2,8,263,4,02,Lower Saxony,North,WOLFSBURG,Germany,38444,80147,12,ZZ-F12,1kg Blueberry Muesli,Finished Product,F12,1kg,Blueberry Muesli,390,390,ST,5.26,2051.40,885.30,EUR,1166.10000,0.57
.1~1072,1072,ZZ,01,08,01/08,/Date(1704672000000)/,2,8,262,3,02,Saxony-Anhalt,North,GÜNTHERSDORF,Germany,06254,80167,12,ZZ-F12,1kg Blueberry Muesli,Finished Product,F12,1kg,Blueberry Muesli,372,372,ST,5.26,1956.72,844.44,EUR,1112.28000,0.57
.1~1071,1071,ZZ,01,08,01/08,/Date(1704672000000)/,2,8,194,3,02,Lower Saxony,North,WOLFSBURG,Germany,38444,80147,12,ZZ-F12,1kg Blueberry Muesli,Finished Product,F12,1kg,Blueberry Muesli,391,391,ST,5.26,2056.66,887.57,EUR,1169.09000,0.57
.1~1070,1070,ZZ,01,08,01/08,/Date(1704672000000)/,2,8,193,3,02,Saxony-Anhalt,North,GÜNTHERSDORF,Germany,06254,80167,12,ZZ-F12,1kg Blueberry Muesli,Finished Product,F12,1kg,Blueberry Muesli,351,351,ST,5.26,1846.26,796.77,EUR,1049.49000,0.57
.1~1069,1069,ZZ,01,08,01/08,/Date(1704672000000)/,2,8,194,4,02,Lower Saxony,North,WOLFSBURG,Germany,38444,80147,12,ZZ-F12,1kg Blueberry Muesli,Finished Product,F12,1kg,Blueberry Muesli,413,413,ST,5.26,2172.38,937.51,EUR,1234.87000,0.57
.1~1068,1068,ZZ,01,08,01/08,/Date(1704672000000)/,2,8,195,1,02,Berlin,North,BERLIN,Germany,13349,80129,12,ZZ-F12,1kg Blueberry Muesli,Finished Product,F12,1kg,Blueberry Muesli,427,427,ST,5.26,2246.02,969.29,EUR,1276.73000,0.57
.1~995,995,ZZ,01,07,01/07,/Date(1704585600000)/,2,7,182,4,02,Nrth Rhine Westfalia,West,DORTMUND,Germany,44339,80150,12,ZZ-F12,1kg Blueberry Muesli,Finished Product,F12,1kg,Blueberry Muesli,352,352,ST,5.26,1851.52,799.04,EUR,1052.48000,0.57
.1~994,994,ZZ,01,07,01/07,/Date(1704585600000)/,2,7,253,2,02,Lower Saxony,North,GÖTTINGEN,Germany,37073,80142,12,ZZ-F12,1kg Blueberry Muesli,Finished Product,F12,1kg,Blueberry Muesli,401,401,ST,5.26,2109.26,910.27,EUR,1198.99000,0.57
.1~993,993,ZZ,01,07,01/07,/Date(1704585600000)/,2,7,250,2,02,Nrth Rhine Westfalia,West,BAD OEYNHAUSEN,Germany,32547,80148,12,ZZ-F12,1kg Blueberry Muesli,Finished Product,F12,1kg,Blueberry Muesli,383,383,ST,5.26,2014.58,869.41,EUR,1145.17000,0.57
.1~992,992,ZZ,01,07,01/07,/Date(1704585600000)/,2,7,253,1,02,Lower Saxony,North,GÖTTINGEN,Germany,37073,80142,12,ZZ-F12,1kg Blueberry Muesli,Finished Product,F12,1kg,Blueberry Muesli,367,367,ST,5.26,1930.42,833.09,EUR,1097.33000,0.57
.1~991,991,ZZ,01,07,01/07,/Date(1704585600000)/,2,7,250,4,02,Nrth Rhine Westfalia,West,BAD OEYNHAUSEN,Germany,32547,80148,12,ZZ-F12,1kg Blueberry Muesli,Finished Product,F12,1kg,Blueberry Muesli,346,346,ST,5.26,1819.96,785.42,EUR,1034.54000,0.57
.1~990,990,ZZ,01,07,01/07,/Date(1704585600000)/,2,7,251,4,02,Nrth Rhine Westfalia,West,DORTMUND,Germany,44339,80150,12,ZZ-F12,1kg Blueberry Muesli,Finished Product,F12,1kg,Blueberry Muesli,434,434,ST,5.26,2282.84,985.18,EUR,1297.66000,0.57
.1~989,989,ZZ,01,07,01/07,/Date(1704585600000)/,2,7,249,4,02,Bavaria,South,INGOLSTADT,Germany,85055,80120,12,ZZ-F12,1kg Blueberry Muesli,Finished Product,F12,1kg,Blueberry Muesli,368,368,ST,5.26,1935.68,835.36,EUR,1100.32000,0.57
.1~988,988,ZZ,01,07,01/07,/Date(1704585600000)/,2,7,254,4,02,Berlin,North,WALTERSDORF,Germany,12529,80130,12,ZZ-F12,1kg Blueberry Muesli,Finished Product,F12,1kg,Blueberry Muesli,419,419,ST,5.26,2203.94,951.13,EUR,1252.81000,0.57
.1~987,987,ZZ,01,07,01/07,/Date(1704585600000)/,2,7,254,3,02,Berlin,North,WALTERSDORF,Germany,12529,80130,12,ZZ-F12,1kg Blueberry Muesli,Finished Product,F12,1kg,Blueberry Muesli,347,347,ST,5.26,1825.22,787.69,EUR,1037.53000,0.57
.1~986,986,ZZ,01,07,01/07,/Date(1704585600000)/,2,7,248,1,02,Bavaria,South,MÜNCHEN,Germany,81245,80123,12,ZZ-F12,1kg Blueberry Muesli,Finished Product,F12,1kg,Blueberry Muesli,412,412,ST,5.26,2167.12,935.24,EUR,1231.88000,0.57
.1~985,985,ZZ,01,07,01/07,/Date(1704585600000)/,2,7,255,4,02,Saxony,North,ZWICKAU,Germany,08058,80166,12,ZZ-F12,1kg Blueberry Muesli,Finished Product,F12,1kg,Blueberry Muesli,353,353,ST,5.26,1856.78,801.31,EUR,1055.47000,0.57
.1~984,984,ZZ,01,07,01/07,/Date(1704585600000)/,2,7,181,4,02,Nrth Rhine Westfalia,West,BAD OEYNHAUSEN,Germany,32547,80148,12,ZZ-F12,1kg Blueberry Muesli,Finished Product,F12,1kg,Blueberry Muesli,381,381,ST,5.26,2004.06,864.87,EUR,1139.19000,0.57
.1~983,983,ZZ,01,07,01/07,/Date(1704585600000)/,2,7,185,3,02,Berlin,North,WALTERSDORF,Germany,12529,80130,12,ZZ-F12,1kg Blueberry Muesli,Finished Product,F12,1kg,Blueberry Muesli,353,353,ST,5.26,1856.78,801.31,EUR,1055.47000,0.57
.1~982,982,ZZ,01,07,01/07,/Date(1704585600000)/,2,7,186,4,02,Saxony,North,ZWICKAU,Germany,08058,80166,12,ZZ-F12,1kg Blueberry Muesli,Finished Product,F12,1kg,Blueberry Muesli,421,421,ST,5.26,2214.46,955.67,EUR,1258.79000,0.57
.1~935,935,ZZ,01,06,01/06,/Date(1704499200000)/,2,6,239,1,02,Baden-Wurttemberg,South,ESSLINGEN,Germany,73730,80112,12,ZZ-F12,1kg Blueberry Muesli,Finished Product,F12,1kg,Blueberry Muesli,429,429,ST,5.26,2256.54,973.83,EUR,1282.71000,0.57
.1~934,934,ZZ,01,06,01/06,/Date(1704499200000)/,2,6,175,3,02,Nrth Rhine Westfalia,West,GELSENKIRCHEN,Germany,45879,80154,12,ZZ-F12,1kg Blueberry Muesli,Finished Product,F12,1kg,Blueberry Muesli,437,437,ST,5.26,2298.62,991.99,EUR,1306.63000,0.57
.1~933,933,ZZ,01,06,01/06,/Date(1704499200000)/,2,6,172,4,02,Baden-Wurttemberg,South,STUTTGART,Germany,70173,80118,12,ZZ-F12,1kg Blueberry Muesli,Finished Product,F12,1kg,Blueberry Muesli,419,419,ST,5.26,2203.94,951.13,EUR,1252.81000,0.57
.1~932,932,ZZ,01,06,01/06,/Date(1704499200000)/,2,6,172,1,02,Baden-Wurttemberg,South,STUTTGART,Germany,70173,80118,12,ZZ-F12,1kg Blueberry Muesli,Finished Product,F12,1kg,Blueberry Muesli,362,362,ST,5.26,1904.12,821.74,EUR,1082.38000,0.57
.1~931,931,ZZ,01,06,01/06,/Date(1704499200000)/,2,6,243,4,02,Nrth Rhine Westfalia,West,SIEGEN,Germany,57076,80160,12,ZZ-F12,1kg Blueberry Muesli,Finished Product,F12,1kg,Blueberry Muesli,413,413,ST,5.26,2172.38,937.51,EUR,1234.87000,0.57
.1~930,930,ZZ,01,06,01/06,/Date(1704499200000)/,2,6,244,3,02,Nrth Rhine Westfalia,West,GELSENKIRCHEN,Germany,45879,80154,12,ZZ-F12,1kg Blueberry Muesli,Finished Product,F12,1kg,Blueberry Muesli,417,417,ST,5.26,2193.42,946.59,EUR,1246.83000,0.57
.1~929,929,ZZ,01,06,01/06,/Date(1704499200000)/,2,6,241,1,02,Baden-Wurttemberg,South,STUTTGART,Germany,70173,80118,12,ZZ-F12,1kg Blueberry Muesli,Finished Product,F12,1kg,Blueberry Muesli,453,453,ST,5.26,2382.78,1028.31,EUR,1354.47000,0.57
.1~928,928,ZZ,01,06,01/06,/Date(1704499200000)/,2,6,170,1,02,Baden-Wurttemberg,South,ESSLINGEN,Germany,73730,80112,12,ZZ-F12,1kg Blueberry Muesli,Finished Product,F12,1kg,Blueberry Muesli,362,362,ST,5.26,1904.12,821.74,EUR,1082.38000,0.57
.1~927,927,ZZ,01,06,01/06,/Date(1704499200000)/,2,6,177,4,02,Mecklenburg-Vorpomm.,North,ROSTOCK,Germany,18184,80141,12,ZZ-F12,1kg Blueberry Muesli,Finished Product,F12,1kg,Blueberry Muesli,347,347,ST,5.26,1825.22,787.69,EUR,1037.53000,0.57
.1~926,926,ZZ,01,06,01/06,/Date(1704499200000)/,2,6,241,4,02,Baden-Wurttemberg,South,STUTTGART,Germany,70173,80118,12,ZZ-F12,1kg Blueberry Muesli,Finished Product,F12,1kg,Blueberry Muesli,424,424,ST,5.26,2230.24,962.48,EUR,1267.76000,0.57
.1~854,854,ZZ,01,05,01/05,/Date(1704412800000)/,1,5,168,2,02,Berlin,North,BERLIN,Germany,13349,80129,12,ZZ-F12,1kg Blueberry Muesli,Finished Product,F12,1kg,Blueberry Muesli,388,388,ST,5.26,2040.88,880.76,EUR,1160.12000,0.57
.1~853,853,ZZ,01,05,01/05,/Date(1704412800000)/,1,5,237,2,02,Berlin,North,BERLIN,Germany,13349,80129,12,ZZ-F12,1kg Blueberry Muesli,Finished Product,F12,1kg,Blueberry Muesli,409,409,ST,5.26,2151.34,928.43,EUR,1222.91000,0.57
.1~852,852,ZZ,01,05,01/05,/Date(1704412800000)/,1,5,234,4,02,Nrth Rhine Westfalia,West,BRÜHL,Germany,50321,80149,12,ZZ-F12,1kg Blueberry Muesli,Finished Product,F12,1kg,Blueberry Muesli,415,415,ST,5.26,2182.90,942.05,EUR,1240.85000,0.57
.1~851,851,ZZ,01,05,01/05,/Date(1704412800000)/,1,5,165,4,02,Nrth Rhine Westfalia,West,BRÜHL,Germany,50321,80149,12,ZZ-F12,1kg Blueberry Muesli,Finished Product,F12,1kg,Blueberry Muesli,364,364,ST,5.26,1914.64,826.28,EUR,1088.36000,0.57
.1~782,782,ZZ,01,04,01/04,/Date(1704326400000)/,1,4,160,2,02,Schleswig-Holstein,North,KIEL,Germany,24113,80168,12,ZZ-F12,1kg Blueberry Muesli,Finished Product,F12,1kg,Blueberry Muesli,445,445,ST,5.26,2340.70,1010.15,EUR,1330.55000,0.57
.1~781,781,ZZ,01,04,01/04,/Date(1704326400000)/,1,4,223,3,02,Bavaria,South,MÜNCHEN,Germany,80939,80124,12,ZZ-F12,1kg Blueberry Muesli,Finished Product,F12,1kg,Blueberry Muesli,430,430,ST,5.26,2261.80,976.10,EUR,1285.70000,0.57
.1~780,780,ZZ,01,04,01/04,/Date(1704326400000)/,1,4,154,3,02,Bavaria,South,MÜNCHEN,Germany,80939,80124,12,ZZ-F12,1kg Blueberry Muesli,Finished Product,F12,1kg,Blueberry Muesli,407,407,ST,5.26,2140.82,923.89,EUR,1216.93000,0.57
.1~779,779,ZZ,01,04,01/04,/Date(1704326400000)/,1,4,229,2,02,Schleswig-Holstein,North,KIEL,Germany,24113,80168,12,ZZ-F12,1kg Blueberry Muesli,Finished Product,F12,1kg,Blueberry Muesli,422,422,ST,5.26,2219.72,957.94,EUR,1261.78000,0.57
.1~713,713,ZZ,01,03,01/03,/Date(1704240000000)/,1,3,217,1,02,Nrth Rhine Westfalia,West,HÜCKELHOVEN,Germany,41836,80156,12,ZZ-F12,1kg Blueberry Muesli,Finished Product,F12,1kg,Blueberry Muesli,356,356,ST,5.26,1872.56,808.12,EUR,1064.44000,0.57
.1~712,712,ZZ,01,03,01/03,/Date(1704240000000)/,1,3,148,1,02,Nrth Rhine Westfalia,West,HÜCKELHOVEN,Germany,41836,80156,12,ZZ-F12,1kg Blueberry Muesli,Finished Product,F12,1kg,Blueberry Muesli,417,417,ST,5.26,2193.42,946.59,EUR,1246.83000,0.57
.1~711,711,ZZ,01,03,01/03,/Date(1704240000000)/,1,3,146,1,02,Baden-Wurttemberg,South,MANNHEIM,Germany,68199,80117,12,ZZ-F12,1kg Blueberry Muesli,Finished Product,F12,1kg,Blueberry Muesli,373,373,ST,5.26,1961.98,846.71,EUR,1115.27000,0.57
.1~710,710,ZZ,01,03,01/03,/Date(1704240000000)/,1,3,145,3,02,Hessen,South,FULDA,Germany,36037,80137,12,ZZ-F12,1kg Blueberry Muesli,Finished Product,F12,1kg,Blueberry Muesli,359,359,ST,5.26,1888.34,814.93,EUR,1073.41000,0.57
.1~709,709,ZZ,01,03,01/03,/Date(1704240000000)/,1,3,214,3,02,Hessen,South,FULDA,Germany,36037,80137,12,ZZ-F12,1kg Blueberry Muesli,Finished Product,F12,1kg,Blueberry Muesli,356,356,ST,5.26,1872.56,808.12,EUR,1064.44000,0.57
.1~708,708,ZZ,01,03,01/03,/Date(1704240000000)/,1,3,215,1,02,Baden-Wurttemberg,South,MANNHEIM,Germany,68199,80117,12,ZZ-F12,1kg Blueberry Muesli,Finished Product,F12,1kg,Blueberry Muesli,363,363,ST,5.26,1909.38,824.01,EUR,1085.37000,0.57
.1~647,647,ZZ,01,02,01/02,/Date(1704153600000)/,1,2,207,1,02,Nrth Rhine Westfalia,West,DÜSSELDORF,Germany,40213,80152,12,ZZ-F12,1kg Blueberry Muesli,Finished Product,F12,1kg,Blueberry Muesli,421,421,ST,5.26,2214.46,955.67,EUR,1258.79000,0.57
.1~646,646,ZZ,01,02,01/02,/Date(1704153600000)/,1,2,139,1,02,Nrth Rhine Westfalia,West,DÜSSELDORF,Germany,40212,80151,12,ZZ-F12,1kg Blueberry Muesli,Finished Product,F12,1kg,Blueberry Muesli,411,411,ST,5.26,2161.86,932.97,EUR,1228.89000,0.57
.1~645,645,ZZ,01,02,01/02,/Date(1704153600000)/,1,2,140,1,02,Schleswig-Holstein,North,KIEL,Germany,24113,80168,12,ZZ-F12,1kg Blueberry Muesli,Finished Product,F12,1kg,Blueberry Muesli,428,428,ST,5.26,2251.28,971.56,EUR,1279.72000,0.57
.1~644,644,ZZ,01,02,01/02,/Date(1704153600000)/,1,2,140,2,02,Schleswig-Holstein,North,KIEL,Germany,24113,80168,12,ZZ-F12,1kg Blueberry Muesli,Finished Product,F12,1kg,Blueberry Muesli,452,452,ST,5.26,2377.52,1026.04,EUR,1351.48000,0.57
.1~643,643,ZZ,01,02,01/02,/Date(1704153600000)/,1,2,206,1,02,Baden-Wurttemberg,South,GUNDELFINGEN,Germany,79194,80114,12,ZZ-F12,1kg Blueberry Muesli,Finished Product,F12,1kg,Blueberry Muesli,421,421,ST,5.26,2214.46,955.67,EUR,1258.79000,0.57
.1~642,642,ZZ,01,02,01/02,/Date(1704153600000)/,1,2,205,4,02,Hessen,South,MAGDEBURG,Germany,39128,80138,12,ZZ-F12,1kg Blueberry Muesli,Finished Product,F12,1kg,Blueberry Muesli,378,378,ST,5.26,1988.28,858.06,EUR,1130.22000,0.57
.1~641,641,ZZ,01,02,01/02,/Date(1704153600000)/,1,2,141,1,02,Nrth Rhine Westfalia,West,PADERBORN,Germany,33100,80159,12,ZZ-F12,1kg Blueberry Muesli,Finished Product,F12,1kg,Blueberry Muesli,408,408,ST,5.26,2146.08,926.16,EUR,1219.92000,0.57
.1~640,640,ZZ,01,02,01/02,/Date(1704153600000)/,1,2,204,3,02,Baden-Wurttemberg,South,KARLSRUHE,Germany,76133,80115,12,ZZ-F12,1kg Blueberry Muesli,Finished Product,F12,1kg,Blueberry Muesli,452,452,ST,5.26,2377.52,1026.04,EUR,1351.48000,0.57
.1~639,639,ZZ,01,02,01/02,/Date(1704153600000)/,1,2,212,4,02,Saxony-Anhalt,North,GÜNTHERSDORF,Germany,06254,80167,12,ZZ-F12,1kg Blueberry Muesli,Finished Product,F12,1kg,Blueberry Muesli,426,426,ST,5.26,2240.76,967.02,EUR,1273.74000,0.57
.1~638,638,ZZ,01,02,01/02,/Date(1704153600000)/,1,2,142,4,02,Lower Saxony,North,GÖTTINGEN,Germany,37073,80142,12,ZZ-F12,1kg Blueberry Muesli,Finished Product,F12,1kg,Blueberry Muesli,441,441,ST,5.26,2319.66,1001.07,EUR,1318.59000,0.57
.1~637,637,ZZ,01,02,01/02,/Date(1704153600000)/,1,2,212,1,02,Saxony-Anhalt,North,GÜNTHERSDORF,Germany,06254,80167,12,ZZ-F12,1kg Blueberry Muesli,Finished Product,F12,1kg,Blueberry Muesli,415,415,ST,5.26,2182.90,942.05,EUR,1240.85000,0.57
.1~636,636,ZZ,01,02,01/02,/Date(1704153600000)/,1,2,212,2,02,Saxony-Anhalt,North,GÜNTHERSDORF,Germany,06254,80167,12,ZZ-F12,1kg Blueberry Muesli,Finished Product,F12,1kg,Blueberry Muesli,448,448,ST,5.26,2356.48,1016.96,EUR,1339.52000,0.57
.1~635,635,ZZ,01,02,01/02,/Date(1704153600000)/,1,2,211,2,02,Lower Saxony,North,GÖTTINGEN,Germany,37073,80142,12,ZZ-F12,1kg Blueberry Muesli,Finished Product,F12,1kg,Blueberry Muesli,392,392,ST,5.26,2061.92,889.84,EUR,1172.08000,0.57
.1~634,634,ZZ,01,02,01/02,/Date(1704153600000)/,1,2,143,1,02,Saxony-Anhalt,North,GÜNTHERSDORF,Germany,06254,80167,12,ZZ-F12,1kg Blueberry Muesli,Finished Product,F12,1kg,Blueberry Muesli,357,357,ST,5.26,1877.82,810.39,EUR,1067.43000,0.57
.1~633,633,ZZ,01,02,01/02,/Date(1704153600000)/,1,2,210,4,02,Nrth Rhine Westfalia,West,PADERBORN,Germany,33100,80159,12,ZZ-F12,1kg Blueberry Muesli,Finished Product,F12,1kg,Blueberry Muesli,445,445,ST,5.26,2340.70,1010.15,EUR,1330.55000,0.57
.1~632,632,ZZ,01,02,01/02,/Date(1704153600000)/,1,2,136,4,02,Hessen,South,MAGDEBURG,Germany,39128,80138,12,ZZ-F12,1kg Blueberry Muesli,Finished Product,F12,1kg,Blueberry Muesli,432,432,ST,5.26,2272.32,980.64,EUR,1291.68000,0.57
.1~631,631,ZZ,01,02,01/02,/Date(1704153600000)/,1,2,143,4,02,Saxony-Anhalt,North,GÜNTHERSDORF,Germany,06254,80167,12,ZZ-F12,1kg Blueberry Muesli,Finished Product,F12,1kg,Blueberry Muesli,384,384,ST,5.26,2019.84,871.68,EUR,1148.16000,0.57
.1~630,630,ZZ,01,02,01/02,/Date(1704153600000)/,1,2,210,3,02,Nrth Rhine Westfalia,West,PADERBORN,Germany,33100,80159,12,ZZ-F12,1kg Blueberry Muesli,Finished Product,F12,1kg,Blueberry Muesli,386,386,ST,5.26,2030.36,876.22,EUR,1154.14000,0.57
.1~629,629,ZZ,01,02,01/02,/Date(1704153600000)/,1,2,210,1,02,Nrth Rhine Westfalia,West,PADERBORN,Germany,33100,80159,12,ZZ-F12,1kg Blueberry Muesli,Finished Product,F12,1kg,Blueberry Muesli,404,404,ST,5.26,2125.04,917.08,EUR,1207.96000,0.57
.1~628,628,ZZ,01,02,01/02,/Date(1704153600000)/,1,2,209,1,02,Schleswig-Holstein,North,KIEL,Germany,24113,80168,12,ZZ-F12,1kg Blueberry Muesli,Finished Product,F12,1kg,Blueberry Muesli,427,427,ST,5.26,2246.02,969.29,EUR,1276.73000,0.57
.1~627,627,ZZ,01,02,01/02,/Date(1704153600000)/,1,2,209,2,02,Schleswig-Holstein,North,KIEL,Germany,24113,80168,12,ZZ-F12,1kg Blueberry Muesli,Finished Product,F12,1kg,Blueberry Muesli,442,442,ST,5.26,2324.92,1003.34,EUR,1321.58000,0.57
.1~626,626,ZZ,01,02,01/02,/Date(1704153600000)/,1,2,209,4,02,Schleswig-Holstein,North,KIEL,Germany,24113,80168,12,ZZ-F12,1kg Blueberry Muesli,Finished Product,F12,1kg,Blueberry Muesli,362,362,ST,5.26,1904.12,821.74,EUR,1082.38000,0.57
.1~625,625,ZZ,01,02,01/02,/Date(1704153600000)/,1,2,208,1,02,Nrth Rhine Westfalia,West,DÜSSELDORF,Germany,40212,80151,12,ZZ-F12,1kg Blueberry Muesli,Finished Product,F12,1kg,Blueberry Muesli,375,375,ST,5.26,1972.50,851.25,EUR,1121.25000,0.57
.1~561,561,ZZ,01,01,01/01,/Date(1704067200000)/,1,1,196,4,02,Baden-Wurttemberg,South,FREIBURG,Germany,79098,80113,12,ZZ-F12,1kg Blueberry Muesli,Finished Product,F12,1kg,Blueberry Muesli,365,365,ST,5.26,1919.90,828.55,EUR,1091.35000,0.57
.1~560,560,ZZ,01,01,01/01,/Date(1704067200000)/,1,1,203,3,02,Bremen,North,BREMEN,Germany,28259,80133,12,ZZ-F12,1kg Blueberry Muesli,Finished Product,F12,1kg,Blueberry Muesli,365,365,ST,5.26,1919.90,828.55,EUR,1091.35000,0.57
.1~559,559,ZZ,01,01,01/01,/Date(1704067200000)/,1,1,203,2,02,Bremen,North,BREMEN,Germany,28259,80133,12,ZZ-F12,1kg Blueberry Muesli,Finished Product,F12,1kg,Blueberry Muesli,365,365,ST,5.26,1919.90,828.55,EUR,1091.35000,0.57
.1~558,558,ZZ,01,01,01/01,/Date(1704067200000)/,1,1,202,1,02,Lower Saxony,North,WOLFSBURG,Germany,38444,80147,12,ZZ-F12,1kg Blueberry Muesli,Finished Product,F12,1kg,Blueberry Muesli,412,412,ST,5.26,2167.12,935.24,EUR,1231.88000,0.57
.1~557,557,ZZ,01,01,01/01,/Date(1704067200000)/,1,1,197,3,02,Bavaria,South,NÜRNBERG,Germany,90451,80125,12,ZZ-F12,1kg Blueberry Muesli,Finished Product,F12,1kg,Blueberry Muesli,410,410,ST,5.26,2156.60,930.70,EUR,1225.90000,0.57
.1~556,556,ZZ,01,01,01/01,/Date(1704067200000)/,1,1,197,4,02,Bavaria,South,NÜRNBERG,Germany,90451,80125,12,ZZ-F12,1kg Blueberry Muesli,Finished Product,F12,1kg,Blueberry Muesli,368,368,ST,5.26,1935.68,835.36,EUR,1100.32000,0.57
.1~555,555,ZZ,01,01,01/01,/Date(1704067200000)/,1,1,198,3,02,Nrth Rhine Westfalia,West,DORTMUND,Germany,44339,80150,12,ZZ-F12,1kg Blueberry Muesli,Finished Product,F12,1kg,Blueberry Muesli,456,456,ST,5.26,2398.56,1035.12,EUR,1363.44000,0.57
.1~554,554,ZZ,01,01,01/01,/Date(1704067200000)/,1,1,127,4,02,Baden-Wurttemberg,South,FREIBURG,Germany,79098,80113,12,ZZ-F12,1kg Blueberry Muesli,Finished Product,F12,1kg,Blueberry Muesli,426,426,ST,5.26,2240.76,967.02,EUR,1273.74000,0.57
.1~553,553,ZZ,01,01,01/01,/Date(1704067200000)/,1,1,128,4,02,Bavaria,South,NÜRNBERG,Germany,90451,80125,12,ZZ-F12,1kg Blueberry Muesli,Finished Product,F12,1kg,Blueberry Muesli,365,365,ST,5.26,1919.90,828.55,EUR,1091.35000,0.57
.1~552,552,ZZ,01,01,01/01,/Date(1704067200000)/,1,1,128,3,02,Bavaria,South,NÜRNBERG,Germany,90451,80125,12,ZZ-F12,1kg Blueberry Muesli,Finished Product,F12,1kg,Blueberry Muesli,452,452,ST,5.26,2377.52,1026.04,EUR,1351.48000,0.57
.1~505,505,AA,01,15,01/15,/Date(1705276800000)/,3,15,125,2,02,Hessen,South,FRANKFURT/MAIN,Germany,60386,80136,12,AA-F12,1kg Blueberry Muesli,Finished Product,F12,1kg,Blueberry Muesli,164,164,ST,5.26,862.64,372.28,EUR,490.36000,0.57
.1~490,490,AA,01,14,01/14,/Date(1705190400000)/,3,14,115,1,02,Baden-Wurttemberg,South,ALBSTADT,Germany,72458,80170,12,AA-F12,1kg Blueberry Muesli,Finished Product,F12,1kg,Blueberry Muesli,400,400,ST,5.26,2104.00,908.00,EUR,1196.00000,0.57
.1~489,489,AA,01,14,01/14,/Date(1705190400000)/,3,14,114,2,02,Bavaria,South,NÜRNBERG-BUCH,Germany,90427,80126,12,AA-F12,1kg Blueberry Muesli,Finished Product,F12,1kg,Blueberry Muesli,434,434,ST,5.26,2282.84,985.18,EUR,1297.66000,0.57
.1~460,460,AA,01,13,01/13,/Date(1705104000000)/,3,13,108,3,02,Mecklenburg-Vorpomm.,North,ROSTOCK,Germany,18184,80141,12,AA-F12,1kg Blueberry Muesli,Finished Product,F12,1kg,Blueberry Muesli,428,428,ST,5.26,2251.28,971.56,EUR,1279.72000,0.57
.1~459,459,AA,01,13,01/13,/Date(1705104000000)/,3,13,105,2,02,Bavaria,South,MÜNCHEN,Germany,80804,80122,12,AA-F12,1kg Blueberry Muesli,Finished Product,F12,1kg,Blueberry Muesli,382,382,ST,5.26,2009.32,867.14,EUR,1142.18000,0.57
.1~458,458,AA,01,13,01/13,/Date(1705104000000)/,3,13,105,1,02,Bavaria,South,MÜNCHEN,Germany,80804,80122,12,AA-F12,1kg Blueberry Muesli,Finished Product,F12,1kg,Blueberry Muesli,413,413,ST,5.26,2172.38,937.51,EUR,1234.87000,0.57
.1~457,457,AA,01,13,01/13,/Date(1705104000000)/,3,13,106,3,02,Hessen,South,MARBURG,Germany,35037,80139,12,AA-F12,1kg Blueberry Muesli,Finished Product,F12,1kg,Blueberry Muesli,360,360,ST,5.26,1893.60,817.20,EUR,1076.40000,0.57
.1~456,456,AA,01,13,01/13,/Date(1705104000000)/,3,13,106,4,02,Hessen,South,MARBURG,Germany,35037,80139,12,AA-F12,1kg Blueberry Muesli,Finished Product,F12,1kg,Blueberry Muesli,426,426,ST,5.26,2240.76,967.02,EUR,1273.74000,0.57
.1~455,455,AA,01,13,01/13,/Date(1705104000000)/,3,13,111,2,02,Nrth Rhine Westfalia,West,WÜRSELEN,Germany,52146,80162,12,AA-F12,1kg Blueberry Muesli,Finished Product,F12,1kg,Blueberry Muesli,450,450,ST,5.26,2367.00,1021.50,EUR,1345.50000,0.57
.1~454,454,AA,01,13,01/13,/Date(1705104000000)/,3,13,109,2,02,Lower Saxony,North,GÖTTINGEN,Germany,37073,80142,12,AA-F12,1kg Blueberry Muesli,Finished Product,F12,1kg,Blueberry Muesli,387,387,ST,5.26,2035.62,878.49,EUR,1157.13000,0.57
.1~453,453,AA,01,13,01/13,/Date(1705104000000)/,3,13,107,2,02,Bavaria,South,NÜRNBERG,Germany,90451,80125,12,AA-F12,1kg Blueberry Muesli,Finished Product,F12,1kg,Blueberry Muesli,438,438,ST,5.26,2303.88,994.26,EUR,1309.62000,0.57
.1~452,452,AA,01,13,01/13,/Date(1705104000000)/,3,13,113,2,02,Nrth Rhine Westfalia,West,PADERBORN,Germany,33100,80159,12,AA-F12,1kg Blueberry Muesli,Finished Product,F12,1kg,Blueberry Muesli,345,345,ST,5.26,1814.70,783.15,EUR,1031.55000,0.57
.1~417,417,AA,01,12,01/12,/Date(1705017600000)/,3,12,96,1,02,Baden-Wurttemberg,South,ESSLINGEN,Germany,73730,80112,12,AA-F12,1kg Blueberry Muesli,Finished Product,F12,1kg,Blueberry Muesli,390,390,ST,5.26,2051.40,885.30,EUR,1166.10000,0.57
.1~416,416,AA,01,12,01/12,/Date(1705017600000)/,3,12,96,4,02,Baden-Wurttemberg,South,ESSLINGEN,Germany,73730,80112,12,AA-F12,1kg Blueberry Muesli,Finished Product,F12,1kg,Blueberry Muesli,351,351,ST,5.26,1846.26,796.77,EUR,1049.49000,0.57
.1~415,415,AA,01,12,01/12,/Date(1705017600000)/,3,12,103,1,02,Nrth Rhine Westfalia,West,BAD OEYNHAUSEN,Germany,32547,80148,12,AA-F12,1kg Blueberry Muesli,Finished Product,F12,1kg,Blueberry Muesli,355,355,ST,5.26,1867.30,805.85,EUR,1061.45000,0.57
.1~414,414,AA,01,12,01/12,/Date(1705017600000)/,3,12,101,3,02,Saxony,North,ZWICKAU,Germany,08058,80166,12,AA-F12,1kg Blueberry Muesli,Finished Product,F12,1kg,Blueberry Muesli,369,369,ST,5.26,1940.94,837.63,EUR,1103.31000,0.57
.1~413,413,AA,01,12,01/12,/Date(1705017600000)/,3,12,104,2,02,Nrth Rhine Westfalia,West,DÜSSELDORF,Germany,40213,80152,12,AA-F12,1kg Blueberry Muesli,Finished Product,F12,1kg,Blueberry Muesli,445,445,ST,5.26,2340.70,1010.15,EUR,1330.55000,0.57
.1~412,412,AA,01,12,01/12,/Date(1705017600000)/,3,12,104,4,02,Nrth Rhine Westfalia,West,DÜSSELDORF,Germany,40213,80152,12,AA-F12,1kg Blueberry Muesli,Finished Product,F12,1kg,Blueberry Muesli,414,414,ST,5.26,2177.64,939.78,EUR,1237.86000,0.57
.1~411,411,AA,01,12,01/12,/Date(1705017600000)/,3,12,104,3,02,Nrth Rhine Westfalia,West,DÜSSELDORF,Germany,40213,80152,12,AA-F12,1kg Blueberry Muesli,Finished Product,F12,1kg,Blueberry Muesli,353,353,ST,5.26,1856.78,801.31,EUR,1055.47000,0.57
.1~410,410,AA,01,12,01/12,/Date(1705017600000)/,3,12,98,1,02,Bavaria,South,WÜRZBURG,Germany,97070,80128,12,AA-F12,1kg Blueberry Muesli,Finished Product,F12,1kg,Blueberry Muesli,425,425,ST,5.26,2235.50,964.75,EUR,1270.75000,0.57
.1~383,383,AA,01,11,01/11,/Date(1704931200000)/,3,11,95,1,02,Nrth Rhine Westfalia,West,SIEGEN,Germany,57076,80160,12,AA-F12,1kg Blueberry Muesli,Finished Product,F12,1kg,Blueberry Muesli,352,352,ST,5.26,1851.52,799.04,EUR,1052.48000,0.57
.1~382,382,AA,01,11,01/11,/Date(1704931200000)/,3,11,95,3,02,Nrth Rhine Westfalia,West,SIEGEN,Germany,57076,80160,12,AA-F12,1kg Blueberry Muesli,Finished Product,F12,1kg,Blueberry Muesli,374,374,ST,5.26,1967.24,848.98,EUR,1118.26000,0.57
.1~381,381,AA,01,11,01/11,/Date(1704931200000)/,3,11,93,4,02,Nrth Rhine Westfalia,West,MÜNSTER,Germany,48159,80158,12,AA-F12,1kg Blueberry Muesli,Finished Product,F12,1kg,Blueberry Muesli,408,408,ST,5.26,2146.08,926.16,EUR,1219.92000,0.57
.1~380,380,AA,01,11,01/11,/Date(1704931200000)/,3,11,92,2,02,Baden-Wurttemberg,South,MANNHEIM,Germany,68199,80117,12,AA-F12,1kg Blueberry Muesli,Finished Product,F12,1kg,Blueberry Muesli,421,421,ST,5.26,2214.46,955.67,EUR,1258.79000,0.57
.1~379,379,AA,01,11,01/11,/Date(1704931200000)/,3,11,92,1,02,Baden-Wurttemberg,South,MANNHEIM,Germany,68199,80117,12,AA-F12,1kg Blueberry Muesli,Finished Product,F12,1kg,Blueberry Muesli,351,351,ST,5.26,1846.26,796.77,EUR,1049.49000,0.57
.1~378,378,AA,01,11,01/11,/Date(1704931200000)/,3,11,89,2,02,Brandenburg,North,BRANDENBURG,Germany,14772,80131,12,AA-F12,1kg Blueberry Muesli,Finished Product,F12,1kg,Blueberry Muesli,432,432,ST,5.26,2272.32,980.64,EUR,1291.68000,0.57
.1~377,377,AA,01,11,01/11,/Date(1704931200000)/,3,11,94,2,02,Nrth Rhine Westfalia,West,ESSEN,Germany,45127,80153,12,AA-F12,1kg Blueberry Muesli,Finished Product,F12,1kg,Blueberry Muesli,394,394,ST,5.26,2072.44,894.38,EUR,1178.06000,0.57
.1~346,346,AA,01,10,01/10,/Date(1704844800000)/,2,10,85,2,02,Rhineland Palatinate,West,TRIER,Germany,54290,80164,12,AA-F12,1kg Blueberry Muesli,Finished Product,F12,1kg,Blueberry Muesli,415,415,ST,5.26,2182.90,942.05,EUR,1240.85000,0.57
.1~345,345,AA,01,10,01/10,/Date(1704844800000)/,2,10,81,4,02,Bavaria,South,INGOLSTADT,Germany,85055,80120,12,AA-F12,1kg Blueberry Muesli,Finished Product,F12,1kg,Blueberry Muesli,347,347,ST,5.26,1825.22,787.69,EUR,1037.53000,0.57
.1~344,344,AA,01,10,01/10,/Date(1704844800000)/,2,10,81,2,02,Bavaria,South,INGOLSTADT,Germany,85055,80120,12,AA-F12,1kg Blueberry Muesli,Finished Product,F12,1kg,Blueberry Muesli,383,383,ST,5.26,2014.58,869.41,EUR,1145.17000,0.57
.1~343,343,AA,01,10,01/10,/Date(1704844800000)/,2,10,79,1,02,Bavaria,South,INGOLSTADT,Germany,85046,80121,12,AA-F12,1kg Blueberry Muesli,Finished Product,F12,1kg,Blueberry Muesli,376,376,ST,5.26,1977.76,853.52,EUR,1124.24000,0.57
.1~342,342,AA,01,10,01/10,/Date(1704844800000)/,2,10,84,1,02,Nrth Rhine Westfalia,West,KREFELD,Germany,47798,80157,12,AA-F12,1kg Blueberry Muesli,Finished Product,F12,1kg,Blueberry Muesli,356,356,ST,5.26,1872.56,808.12,EUR,1064.44000,0.57
.1~341,341,AA,01,10,01/10,/Date(1704844800000)/,2,10,82,4,02,Lower Saxony,North,UELZEN,Germany,29525,80146,12,AA-F12,1kg Blueberry Muesli,Finished Product,F12,1kg,Blueberry Muesli,354,354,ST,5.26,1862.04,803.58,EUR,1058.46000,0.57
.1~340,340,AA,01,10,01/10,/Date(1704844800000)/,2,10,82,9,02,Lower Saxony,North,UELZEN,Germany,29525,80146,12,AA-F12,1kg Blueberry Muesli,Finished Product,F12,1kg,Blueberry Muesli,406,406,ST,5.26,2135.56,921.62,EUR,1213.94000,0.57
.1~339,339,AA,01,10,01/10,/Date(1704844800000)/,2,10,82,1,02,Lower Saxony,North,UELZEN,Germany,29525,80146,12,AA-F12,1kg Blueberry Muesli,Finished Product,F12,1kg,Blueberry Muesli,443,443,ST,5.26,2330.18,1005.61,EUR,1324.57000,0.57
.1~338,338,AA,01,10,01/10,/Date(1704844800000)/,2,10,86,1,02,Nrth Rhine Westfalia,West,ESSEN,Germany,45127,80153,12,AA-F12,1kg Blueberry Muesli,Finished Product,F12,1kg,Blueberry Muesli,386,386,ST,5.26,2030.36,876.22,EUR,1154.14000,0.57
.1~337,337,AA,01,10,01/10,/Date(1704844800000)/,2,10,86,2,02,Nrth Rhine Westfalia,West,ESSEN,Germany,45127,80153,12,AA-F12,1kg Blueberry Muesli,Finished Product,F12,1kg,Blueberry Muesli,446,446,ST,5.26,2345.96,1012.42,EUR,1333.54000,0.57
.1~336,336,AA,01,10,01/10,/Date(1704844800000)/,2,10,82,1,02,Lower Saxony,North,UELZEN,Germany,29525,80146,12,AA-F12,1kg Blueberry Muesli,Finished Product,F12,1kg,Blueberry Muesli,361,361,ST,5.26,1898.86,819.47,EUR,1079.39000,0.57
.1~314,314,AA,01,09,01/09,/Date(1704758400000)/,2,9,75,4,02,Lower Saxony,North,OLDENBURG,Germany,26121,80145,12,AA-F12,1kg Blueberry Muesli,Finished Product,F12,1kg,Blueberry Muesli,443,443,ST,5.26,2330.18,1005.61,EUR,1324.57000,0.57
.1~313,313,AA,01,09,01/09,/Date(1704758400000)/,2,9,71,4,02,Bavaria,South,INGOLSTADT,Germany,85046,80121,12,AA-F12,1kg Blueberry Muesli,Finished Product,F12,1kg,Blueberry Muesli,358,358,ST,5.26,1883.08,812.66,EUR,1070.42000,0.57
.1~279,279,AA,01,08,01/08,/Date(1704672000000)/,2,8,63,3,02,Hessen,South,FULDA,Germany,36037,80137,12,AA-F12,1kg Blueberry Muesli,Finished Product,F12,1kg,Blueberry Muesli,349,349,ST,5.26,1835.74,792.23,EUR,1043.51000,0.57
.1~278,278,AA,01,08,01/08,/Date(1704672000000)/,2,8,67,2,02,Nrth Rhine Westfalia,West,HÜCKELHOVEN,Germany,41836,80156,12,AA-F12,1kg Blueberry Muesli,Finished Product,F12,1kg,Blueberry Muesli,403,403,ST,5.26,2119.78,914.81,EUR,1204.97000,0.57
.1~277,277,AA,01,08,01/08,/Date(1704672000000)/,2,8,64,3,02,Saxony,North,ZWICKAU,Germany,08058,80166,12,AA-F12,1kg Blueberry Muesli,Finished Product,F12,1kg,Blueberry Muesli,369,369,ST,5.26,1940.94,837.63,EUR,1103.31000,0.57
.1~276,276,AA,01,08,01/08,/Date(1704672000000)/,2,8,69,4,02,Nrth Rhine Westfalia,West,VELBERT,Germany,42551,80161,12,AA-F12,1kg Blueberry Muesli,Finished Product,F12,1kg,Blueberry Muesli,452,452,ST,5.26,2377.52,1026.04,EUR,1351.48000,0.57
.1~275,275,AA,01,08,01/08,/Date(1704672000000)/,2,8,66,4,02,Schleswig-Holstein,North,KIEL,Germany,24113,80168,12,AA-F12,1kg Blueberry Muesli,Finished Product,F12,1kg,Blueberry Muesli,407,407,ST,5.26,2140.82,923.89,EUR,1216.93000,0.57
.1~249,249,AA,01,07,01/07,/Date(1704585600000)/,2,7,57,2,02,Saxony,North,CHEMNITZ,Germany,09111,80165,12,AA-F12,1kg Blueberry Muesli,Finished Product,F12,1kg,Blueberry Muesli,385,385,ST,5.26,2025.10,873.95,EUR,1151.15000,0.57
.1~248,248,AA,01,07,01/07,/Date(1704585600000)/,2,7,54,1,02,Baden-Wurttemberg,South,GUNDELFINGEN,Germany,79194,80114,12,AA-F12,1kg Blueberry Muesli,Finished Product,F12,1kg,Blueberry Muesli,430,430,ST,5.26,2261.80,976.10,EUR,1285.70000,0.57
.1~247,247,AA,01,07,01/07,/Date(1704585600000)/,2,7,59,4,02,Nrth Rhine Westfalia,West,HÜCKELHOVEN,Germany,41836,80156,12,AA-F12,1kg Blueberry Muesli,Finished Product,F12,1kg,Blueberry Muesli,423,423,ST,5.26,2224.98,960.21,EUR,1264.77000,0.57
.1~246,246,AA,01,07,01/07,/Date(1704585600000)/,2,7,55,1,02,Hessen,South,FRANKFURT/MAIN,Germany,60386,80136,12,AA-F12,1kg Blueberry Muesli,Finished Product,F12,1kg,Blueberry Muesli,361,361,ST,5.26,1898.86,819.47,EUR,1079.39000,0.57
.1~245,245,AA,01,07,01/07,/Date(1704585600000)/,2,7,58,3,02,Nrth Rhine Westfalia,West,HERFORD,Germany,32052,80155,12,AA-F12,1kg Blueberry Muesli,Finished Product,F12,1kg,Blueberry Muesli,454,454,ST,5.26,2388.04,1030.58,EUR,1357.46000,0.57
.1~211,211,AA,01,06,01/06,/Date(1704499200000)/,2,6,52,1,02,Nrth Rhine Westfalia,West,DÜSSELDORF,Germany,40212,80151,12,AA-F12,1kg Blueberry Muesli,Finished Product,F12,1kg,Blueberry Muesli,373,373,ST,5.26,1961.98,846.71,EUR,1115.27000,0.57
.1~210,210,AA,01,06,01/06,/Date(1704499200000)/,2,6,48,1,02,Baden-Wurttemberg,South,KORNTAL,Germany,70825,80116,12,AA-F12,1kg Blueberry Muesli,Finished Product,F12,1kg,Blueberry Muesli,442,442,ST,5.26,2324.92,1003.34,EUR,1321.58000,0.57
.1~175,175,AA,01,05,01/05,/Date(1704412800000)/,1,5,38,3,02,Baden-Wurttemberg,South,ESSLINGEN,Germany,73730,80112,12,AA-F12,1kg Blueberry Muesli,Finished Product,F12,1kg,Blueberry Muesli,359,359,ST,5.26,1888.34,814.93,EUR,1073.41000,0.57
.1~174,174,AA,01,05,01/05,/Date(1704412800000)/,1,5,41,3,02,Nrth Rhine Westfalia,West,SIEGEN,Germany,57076,80160,12,AA-F12,1kg Blueberry Muesli,Finished Product,F12,1kg,Blueberry Muesli,350,350,ST,5.26,1841.00,794.50,EUR,1046.50000,0.57
.1~173,173,AA,01,05,01/05,/Date(1704412800000)/,1,5,36,2,02,Lower Saxony,North,GÖTTINGEN,Germany,37073,80142,12,AA-F12,1kg Blueberry Muesli,Finished Product,F12,1kg,Blueberry Muesli,389,389,ST,5.26,2046.14,883.03,EUR,1163.11000,0.57
.1~172,172,AA,01,05,01/05,/Date(1704412800000)/,1,5,36,4,02,Lower Saxony,North,GÖTTINGEN,Germany,37073,80142,12,AA-F12,1kg Blueberry Muesli,Finished Product,F12,1kg,Blueberry Muesli,395,395,ST,5.26,2077.70,896.65,EUR,1181.05000,0.57
.1~171,171,AA,01,05,01/05,/Date(1704412800000)/,1,5,43,4,02,Nrth Rhine Westfalia,West,HERFORD,Germany,32052,80155,12,AA-F12,1kg Blueberry Muesli,Finished Product,F12,1kg,Blueberry Muesli,435,435,ST,5.26,2288.10,987.45,EUR,1300.65000,0.57
.1~170,170,AA,01,05,01/05,/Date(1704412800000)/,1,5,39,2,02,Baden-Wurttemberg,South,FREIBURG,Germany,79098,80113,12,AA-F12,1kg Blueberry Muesli,Finished Product,F12,1kg,Blueberry Muesli,396,396,ST,5.26,2082.96,898.92,EUR,1184.04000,0.57
.1~138,138,AA,01,04,01/04,/Date(1704326400000)/,1,4,31,3,02,Hamburg,North,HAMBURG,Germany,22765,80135,12,AA-F12,1kg Blueberry Muesli,Finished Product,F12,1kg,Blueberry Muesli,427,427,ST,5.26,2246.02,969.29,EUR,1276.73000,0.57
.1~137,137,AA,01,04,01/04,/Date(1704326400000)/,1,4,27,2,02,Baden-Wurttemberg,South,GUNDELFINGEN,Germany,79194,80114,12,AA-F12,1kg Blueberry Muesli,Finished Product,F12,1kg,Blueberry Muesli,412,412,ST,5.26,2167.12,935.24,EUR,1231.88000,0.57
.1~136,136,AA,01,04,01/04,/Date(1704326400000)/,1,4,33,3,02,Nrth Rhine Westfalia,West,GELSENKIRCHEN,Germany,45879,80154,12,AA-F12,1kg Blueberry Muesli,Finished Product,F12,1kg,Blueberry Muesli,362,362,ST,5.26,1904.12,821.74,EUR,1082.38000,0.57
.1~96,96,AA,01,03,01/03,/Date(1704240000000)/,1,3,22,3,02,Hessen,South,WIESBADEN,Germany,65183,80140,12,AA-F12,1kg Blueberry Muesli,Finished Product,F12,1kg,Blueberry Muesli,416,416,ST,5.26,2188.16,944.32,EUR,1243.84000,0.57
.1~95,95,AA,01,03,01/03,/Date(1704240000000)/,1,3,18,3,02,Hamburg,North,HAMBURG,Germany,22765,80135,12,AA-F12,1kg Blueberry Muesli,Finished Product,F12,1kg,Blueberry Muesli,356,356,ST,5.26,1872.56,808.12,EUR,1064.44000,0.57
.1~94,94,AA,01,03,01/03,/Date(1704240000000)/,1,3,21,2,02,Schleswig-Holstein,North,KIEL,Germany,24113,80168,12,AA-F12,1kg Blueberry Muesli,Finished Product,F12,1kg,Blueberry Muesli,371,371,ST,5.26,1951.46,842.17,EUR,1109.29000,0.57
.1~93,93,AA,01,03,01/03,/Date(1704240000000)/,1,3,25,4,02,Nrth Rhine Westfalia,West,BAD OEYNHAUSEN,Germany,32547,80148,12,AA-F12,1kg Blueberry Muesli,Finished Product,F12,1kg,Blueberry Muesli,421,421,ST,5.26,2214.46,955.67,EUR,1258.79000,0.57
.1~63,63,AA,01,02,01/02,/Date(1704153600000)/,1,2,14,3,02,Bremen,North,BREMEN,Germany,28259,80133,12,AA-F12,1kg Blueberry Muesli,Finished Product,F12,1kg,Blueberry Muesli,413,413,ST,5.26,2172.38,937.51,EUR,1234.87000,0.57
.1~62,62,AA,01,02,01/02,/Date(1704153600000)/,1,2,11,4,02,Hessen,South,MAGDEBURG,Germany,39128,80138,12,AA-F12,1kg Blueberry Muesli,Finished Product,F12,1kg,Blueberry Muesli,450,450,ST,5.26,2367.00,1021.50,EUR,1345.50000,0.57
.1~61,61,AA,01,02,01/02,/Date(1704153600000)/,1,2,10,4,02,Bavaria,South,AUGSBURG,Germany,86156,80119,12,AA-F12,1kg Blueberry Muesli,Finished Product,F12,1kg,Blueberry Muesli,380,380,ST,5.26,1998.80,862.60,EUR,1136.20000,0.57
.1~30,30,AA,01,01,01/01,/Date(1704067200000)/,1,1,3,1,02,Hessen,South,FULDA,Germany,36037,80137,12,AA-F12,1kg Blueberry Muesli,Finished Product,F12,1kg,Blueberry Muesli,434,434,ST,5.26,2282.84,985.18,EUR,1297.66000,0.57
.1~29,29,AA,01,01,01/01,/Date(1704067200000)/,1,1,6,2,02,Nrth Rhine Westfalia,West,DÜSSELDORF,Germany,40213,80152,12,AA-F12,1kg Blueberry Muesli,Finished Product,F12,1kg,Blueberry Muesli,397,397,ST,5.26,2088.22,901.19,EUR,1187.03000,0.57
.1~28,28,AA,01,01,01/01,/Date(1704067200000)/,1,1,8,2,02,Nrth Rhine Westfalia,West,WÜRSELEN,Germany,52146,80162,12,AA-F12,1kg Blueberry Muesli,Finished Product,F12,1kg,Blueberry Muesli,401,401,ST,5.26,2109.26,910.27,EUR,1198.99000,0.57
.1~27,27,AA,01,01,01/01,/Date(1704067200000)/,1,1,6,4,02,Nrth Rhine Westfalia,West,DÜSSELDORF,Germany,40213,80152,12,AA-F12,1kg Blueberry Muesli,Finished Product,F12,1kg,Blueberry Muesli,375,375,ST,5.26,1972.50,851.25,EUR,1121.25000,0.57
.1~26,26,AA,01,01,01/01,/Date(1704067200000)/,1,1,3,2,02,Hessen,South,FULDA,Germany,36037,80137,12,AA-F12,1kg Blueberry Muesli,Finished Product,F12,1kg,Blueberry Muesli,447,447,ST,5.26,2351.22,1014.69,EUR,1336.53000,0.57
.1~25,25,AA,01,01,01/01,/Date(1704067200000)/,1,1,2,1,02,Nrth Rhine Westfalia,West,BAD OEYNHAUSEN,Germany,32547,80148,12,AA-F12,1kg Blueberry Muesli,Finished Product,F12,1kg,Blueberry Muesli,396,396,ST,5.26,2082.96,898.92,EUR,1184.04000,0.57
.1~24,24,AA,01,01,01/01,/Date(1704067200000)/,1,1,2,3,02,Nrth Rhine Westfalia,West,BAD OEYNHAUSEN,Germany,32547,80148,12,AA-F12,1kg Blueberry Muesli,Finished Product,F12,1kg,Blueberry Muesli,419,419,ST,5.26,2203.94,951.13,EUR,1252.81000,0.57
.1~20,20,AA,01,01,01/01,/Date(1704067200000)/,1,1,8,3,02,Nrth Rhine Westfalia,West,WÜRSELEN,Germany,52146,80162,12,AA-F11,1kg Nut Muesli,Finished Product,F11,1kg,Nut Muesli,445,445,ST,4.61,2051.45,720.90,EUR,1330.55000,0.65
.1~2071,2071,ZZ,04,05,04/05,/Date(1709596800000)/,13,65,592,0,02,Baden-Wurttemberg,South,MANNHEIM,Germany,68199,80117,12,ZZ-F11,1kg Nut Muesli,Finished Product,F11,1kg,Nut Muesli,14,14,ST,5.00,70.00,22.68,EUR,47.32000,0.68
.1~1930,1930,ZZ,03,20,03/20,/Date(1709164800000)/,12,60,551,1,02,Bavaria,South,WÜRZBURG,Germany,97070,80128,12,ZZ-F11,1kg Nut Muesli,Finished Product,F11,1kg,Nut Muesli,412,412,ST,5.00,2060.00,667.44,EUR,1392.56000,0.68
.1~1929,1929,ZZ,03,20,03/20,/Date(1709164800000)/,12,60,550,1,02,Bavaria,South,MÜNCHEN,Germany,80804,80122,12,ZZ-F11,1kg Nut Muesli,Finished Product,F11,1kg,Nut Muesli,475,475,ST,5.00,2375.00,769.50,EUR,1605.50000,0.68
.1~1928,1928,ZZ,03,20,03/20,/Date(1709164800000)/,12,60,549,3,02,Bavaria,South,AUGSBURG,Germany,86156,80119,12,ZZ-F11,1kg Nut Muesli,Finished Product,F11,1kg,Nut Muesli,422,422,ST,5.00,2110.00,683.64,EUR,1426.36000,0.68
.1~1927,1927,ZZ,03,20,03/20,/Date(1709164800000)/,12,60,549,1,02,Bavaria,South,AUGSBURG,Germany,86156,80119,12,ZZ-F11,1kg Nut Muesli,Finished Product,F11,1kg,Nut Muesli,406,406,ST,5.00,2030.00,657.72,EUR,1372.28000,0.68
.1~1901,1901,ZZ,03,19,03/19,/Date(1709078400000)/,12,59,540,3,02,Bavaria,South,INGOLSTADT,Germany,85046,80121,12,ZZ-F11,1kg Nut Muesli,Finished Product,F11,1kg,Nut Muesli,398,398,ST,5.00,1990.00,644.76,EUR,1345.24000,0.68
.1~1900,1900,ZZ,03,19,03/19,/Date(1709078400000)/,12,59,540,2,02,Bavaria,South,INGOLSTADT,Germany,85046,80121,12,ZZ-F11,1kg Nut Muesli,Finished Product,F11,1kg,Nut Muesli,459,459,ST,5.00,2295.00,743.58,EUR,1551.42000,0.68
.1~1899,1899,ZZ,03,19,03/19,/Date(1709078400000)/,12,59,541,2,02,Hessen,South,WIESBADEN,Germany,65183,80140,12,ZZ-F11,1kg Nut Muesli,Finished Product,F11,1kg,Nut Muesli,416,416,ST,5.00,2080.00,673.92,EUR,1406.08000,0.68
.1~1898,1898,ZZ,03,19,03/19,/Date(1709078400000)/,12,59,545,1,02,Bremen,North,BREMEN,Germany,28259,80133,12,ZZ-F11,1kg Nut Muesli,Finished Product,F11,1kg,Nut Muesli,443,443,ST,5.00,2215.00,717.66,EUR,1497.34000,0.68
.1~1897,1897,ZZ,03,19,03/19,/Date(1709078400000)/,12,59,543,4,02,Lower Saxony,North,WOLFSBURG,Germany,38444,80147,12,ZZ-F11,1kg Nut Muesli,Finished Product,F11,1kg,Nut Muesli,402,402,ST,5.00,2010.00,651.24,EUR,1358.76000,0.68
.1~1896,1896,ZZ,03,19,03/19,/Date(1709078400000)/,12,59,547,3,02,Nrth Rhine Westfalia,West,PADERBORN,Germany,33100,80159,12,ZZ-F11,1kg Nut Muesli,Finished Product,F11,1kg,Nut Muesli,462,462,ST,5.00,2310.00,748.44,EUR,1561.56000,0.68
.1~1895,1895,ZZ,03,19,03/19,/Date(1709078400000)/,12,59,547,4,02,Nrth Rhine Westfalia,West,PADERBORN,Germany,33100,80159,12,ZZ-F11,1kg Nut Muesli,Finished Product,F11,1kg,Nut Muesli,374,374,ST,5.00,1870.00,605.88,EUR,1264.12000,0.68
.1~1894,1894,ZZ,03,19,03/19,/Date(1709078400000)/,12,59,543,2,02,Lower Saxony,North,WOLFSBURG,Germany,38444,80147,12,ZZ-F11,1kg Nut Muesli,Finished Product,F11,1kg,Nut Muesli,425,425,ST,5.00,2125.00,688.50,EUR,1436.50000,0.68
.1~1872,1872,ZZ,03,18,03/18,/Date(1708992000000)/,12,58,536,3,02,Saxony-Anhalt,North,GÜNTHERSDORF,Germany,06254,80167,12,ZZ-F11,1kg Nut Muesli,Finished Product,F11,1kg,Nut Muesli,374,374,ST,5.00,1870.00,605.88,EUR,1264.12000,0.68
.1~1871,1871,ZZ,03,18,03/18,/Date(1708992000000)/,12,58,536,1,02,Saxony-Anhalt,North,GÜNTHERSDORF,Germany,06254,80167,12,ZZ-F11,1kg Nut Muesli,Finished Product,F11,1kg,Nut Muesli,386,386,ST,5.00,1930.00,625.32,EUR,1304.68000,0.68
.1~1870,1870,ZZ,03,18,03/18,/Date(1708992000000)/,12,58,535,1,02,Saxony,North,ZWICKAU,Germany,08058,80166,12,ZZ-F11,1kg Nut Muesli,Finished Product,F11,1kg,Nut Muesli,361,361,ST,5.00,1805.00,584.82,EUR,1220.18000,0.68
.1~1869,1869,ZZ,03,18,03/18,/Date(1708992000000)/,12,58,539,1,02,Nrth Rhine Westfalia,West,DÜSSELDORF,Germany,40213,80152,12,ZZ-F11,1kg Nut Muesli,Finished Product,F11,1kg,Nut Muesli,467,467,ST,5.00,2335.00,756.54,EUR,1578.46000,0.68
.1~1868,1868,ZZ,03,18,03/18,/Date(1708992000000)/,12,58,534,4,02,Berlin,North,WALTERSDORF,Germany,12529,80130,12,ZZ-F11,1kg Nut Muesli,Finished Product,F11,1kg,Nut Muesli,427,427,ST,5.00,2135.00,691.74,EUR,1443.26000,0.68
.1~1867,1867,ZZ,03,18,03/18,/Date(1708992000000)/,12,58,534,3,02,Berlin,North,WALTERSDORF,Germany,12529,80130,12,ZZ-F11,1kg Nut Muesli,Finished Product,F11,1kg,Nut Muesli,397,397,ST,5.00,1985.00,643.14,EUR,1341.86000,0.68
.1~1866,1866,ZZ,03,18,03/18,/Date(1708992000000)/,12,58,533,2,02,Hessen,South,FRANKFURT/MAIN,Germany,60386,80136,12,ZZ-F11,1kg Nut Muesli,Finished Product,F11,1kg,Nut Muesli,479,479,ST,5.00,2395.00,775.98,EUR,1619.02000,0.68
.1~1843,1843,ZZ,03,17,03/17,/Date(1708905600000)/,12,57,523,1,02,Bavaria,South,WÜRZBURG,Germany,97070,80128,12,ZZ-F11,1kg Nut Muesli,Finished Product,F11,1kg,Nut Muesli,375,375,ST,5.00,1875.00,607.50,EUR,1267.50000,0.68
.1~1842,1842,ZZ,03,17,03/17,/Date(1708905600000)/,12,57,526,2,02,Brandenburg,North,COTTBUS,Germany,03046,80132,12,ZZ-F11,1kg Nut Muesli,Finished Product,F11,1kg,Nut Muesli,399,399,ST,5.00,1995.00,646.38,EUR,1348.62000,0.68
.1~1841,1841,ZZ,03,17,03/17,/Date(1708905600000)/,12,57,524,2,02,Baden-Wurttemberg,South,STUTTGART,Germany,70173,80118,12,ZZ-F11,1kg Nut Muesli,Finished Product,F11,1kg,Nut Muesli,381,381,ST,5.00,1905.00,617.22,EUR,1287.78000,0.68
.1~1840,1840,ZZ,03,17,03/17,/Date(1708905600000)/,12,57,526,1,02,Brandenburg,North,COTTBUS,Germany,03046,80132,12,ZZ-F11,1kg Nut Muesli,Finished Product,F11,1kg,Nut Muesli,440,440,ST,5.00,2200.00,712.80,EUR,1487.20000,0.68
.1~1839,1839,ZZ,03,17,03/17,/Date(1708905600000)/,12,57,530,2,02,Nrth Rhine Westfalia,West,DORTMUND,Germany,44339,80150,12,ZZ-F11,1kg Nut Muesli,Finished Product,F11,1kg,Nut Muesli,431,431,ST,5.00,2155.00,698.22,EUR,1456.78000,0.68
.1~1838,1838,ZZ,03,17,03/17,/Date(1708905600000)/,12,57,530,3,02,Nrth Rhine Westfalia,West,DORTMUND,Germany,44339,80150,12,ZZ-F11,1kg Nut Muesli,Finished Product,F11,1kg,Nut Muesli,401,401,ST,5.00,2005.00,649.62,EUR,1355.38000,0.68
.1~1837,1837,ZZ,03,17,03/17,/Date(1708905600000)/,12,57,529,3,02,Nrth Rhine Westfalia,West,DÜSSELDORF,Germany,40213,80152,12,ZZ-F11,1kg Nut Muesli,Finished Product,F11,1kg,Nut Muesli,452,452,ST,5.00,2260.00,732.24,EUR,1527.76000,0.68
.1~1836,1836,ZZ,03,17,03/17,/Date(1708905600000)/,12,57,528,3,02,Nrth Rhine Westfalia,West,VELBERT,Germany,42551,80161,12,ZZ-F11,1kg Nut Muesli,Finished Product,F11,1kg,Nut Muesli,400,400,ST,5.00,2000.00,648.00,EUR,1352.00000,0.68
.1~1814,1814,ZZ,03,16,03/16,/Date(1708819200000)/,12,56,519,4,02,Nrth Rhine Westfalia,West,WÜRSELEN,Germany,52146,80162,12,ZZ-F11,1kg Nut Muesli,Finished Product,F11,1kg,Nut Muesli,471,471,ST,5.00,2355.00,763.02,EUR,1591.98000,0.68
.1~1813,1813,ZZ,03,16,03/16,/Date(1708819200000)/,12,56,519,1,02,Nrth Rhine Westfalia,West,WÜRSELEN,Germany,52146,80162,12,ZZ-F11,1kg Nut Muesli,Finished Product,F11,1kg,Nut Muesli,402,402,ST,5.00,2010.00,651.24,EUR,1358.76000,0.68
.1~1812,1812,ZZ,03,16,03/16,/Date(1708819200000)/,12,56,518,2,02,Saxony,North,CHEMNITZ,Germany,09111,80165,12,ZZ-F11,1kg Nut Muesli,Finished Product,F11,1kg,Nut Muesli,461,461,ST,5.00,2305.00,746.82,EUR,1558.18000,0.68
.1~1811,1811,ZZ,03,16,03/16,/Date(1708819200000)/,12,56,518,3,02,Saxony,North,CHEMNITZ,Germany,09111,80165,12,ZZ-F11,1kg Nut Muesli,Finished Product,F11,1kg,Nut Muesli,382,382,ST,5.00,1910.00,618.84,EUR,1291.16000,0.68
.1~1810,1810,ZZ,03,16,03/16,/Date(1708819200000)/,12,56,520,4,02,Nrth Rhine Westfalia,West,PADERBORN,Germany,33100,80159,12,ZZ-F11,1kg Nut Muesli,Finished Product,F11,1kg,Nut Muesli,381,381,ST,5.00,1905.00,617.22,EUR,1287.78000,0.68
.1~1809,1809,ZZ,03,16,03/16,/Date(1708819200000)/,12,56,521,3,02,Nrth Rhine Westfalia,West,ESSEN,Germany,45127,80153,12,ZZ-F11,1kg Nut Muesli,Finished Product,F11,1kg,Nut Muesli,362,362,ST,5.00,1810.00,586.44,EUR,1223.56000,0.68
.1~1808,1808,ZZ,03,16,03/16,/Date(1708819200000)/,12,56,521,1,02,Nrth Rhine Westfalia,West,ESSEN,Germany,45127,80153,12,ZZ-F11,1kg Nut Muesli,Finished Product,F11,1kg,Nut Muesli,422,422,ST,5.00,2110.00,683.64,EUR,1426.36000,0.68
.1~1807,1807,ZZ,03,16,03/16,/Date(1708819200000)/,12,56,513,3,02,Bavaria,South,NÜRNBERG-BUCH,Germany,90427,80126,12,ZZ-F11,1kg Nut Muesli,Finished Product,F11,1kg,Nut Muesli,394,394,ST,5.00,1970.00,638.28,EUR,1331.72000,0.68
.1~1806,1806,ZZ,03,16,03/16,/Date(1708819200000)/,12,56,514,1,02,Bavaria,South,REGENSBURG,Germany,93053,80127,12,ZZ-F11,1kg Nut Muesli,Finished Product,F11,1kg,Nut Muesli,444,444,ST,5.00,2220.00,719.28,EUR,1500.72000,0.68
.1~1805,1805,ZZ,03,16,03/16,/Date(1708819200000)/,12,56,516,3,02,Berlin,North,BERLIN,Germany,13349,80129,12,ZZ-F11,1kg Nut Muesli,Finished Product,F11,1kg,Nut Muesli,435,435,ST,5.00,2175.00,704.70,EUR,1470.30000,0.68
.1~1804,1804,ZZ,03,16,03/16,/Date(1708819200000)/,12,56,515,3,02,Baden-Wurttemberg,South,ALBSTADT,Germany,72458,80170,12,ZZ-F11,1kg Nut Muesli,Finished Product,F11,1kg,Nut Muesli,416,416,ST,5.00,2080.00,673.92,EUR,1406.08000,0.68
.1~1803,1803,ZZ,03,16,03/16,/Date(1708819200000)/,12,56,515,2,02,Baden-Wurttemberg,South,ALBSTADT,Germany,72458,80170,12,ZZ-F11,1kg Nut Muesli,Finished Product,F11,1kg,Nut Muesli,447,447,ST,5.00,2235.00,724.14,EUR,1510.86000,0.68
.1~1783,1783,ZZ,03,15,03/15,/Date(1708732800000)/,11,55,511,4,02,Nrth Rhine Westfalia,West,GELSENKIRCHEN,Germany,45879,80154,12,ZZ-F11,1kg Nut Muesli,Finished Product,F11,1kg,Nut Muesli,404,404,ST,5.00,2020.00,654.48,EUR,1365.52000,0.68
.1~1782,1782,ZZ,03,15,03/15,/Date(1708732800000)/,11,55,511,3,02,Nrth Rhine Westfalia,West,GELSENKIRCHEN,Germany,45879,80154,12,ZZ-F11,1kg Nut Muesli,Finished Product,F11,1kg,Nut Muesli,422,422,ST,5.00,2110.00,683.64,EUR,1426.36000,0.68
.1~1781,1781,ZZ,03,15,03/15,/Date(1708732800000)/,11,55,510,2,02,Nrth Rhine Westfalia,West,KREFELD,Germany,47798,80157,12,ZZ-F11,1kg Nut Muesli,Finished Product,F11,1kg,Nut Muesli,380,380,ST,5.00,1900.00,615.60,EUR,1284.40000,0.68
.1~1780,1780,ZZ,03,15,03/15,/Date(1708732800000)/,11,55,510,4,02,Nrth Rhine Westfalia,West,KREFELD,Germany,47798,80157,12,ZZ-F11,1kg Nut Muesli,Finished Product,F11,1kg,Nut Muesli,476,476,ST,5.00,2380.00,771.12,EUR,1608.88000,0.68
.1~1779,1779,ZZ,03,15,03/15,/Date(1708732800000)/,11,55,509,2,02,Mecklenburg-Vorpomm.,North,ROSTOCK,Germany,18184,80141,12,ZZ-F11,1kg Nut Muesli,Finished Product,F11,1kg,Nut Muesli,370,370,ST,5.00,1850.00,599.40,EUR,1250.60000,0.68
.1~1778,1778,ZZ,03,15,03/15,/Date(1708732800000)/,11,55,508,2,02,Lower Saxony,North,OLDENBURG,Germany,26129,80144,12,ZZ-F11,1kg Nut Muesli,Finished Product,F11,1kg,Nut Muesli,384,384,ST,5.00,1920.00,622.08,EUR,1297.92000,0.68
.1~1777,1777,ZZ,03,15,03/15,/Date(1708732800000)/,11,55,507,3,02,Schleswig-Holstein,North,KIEL,Germany,24113,80168,12,ZZ-F11,1kg Nut Muesli,Finished Product,F11,1kg,Nut Muesli,451,451,ST,5.00,2255.00,730.62,EUR,1524.38000,0.68
.1~1776,1776,ZZ,03,15,03/15,/Date(1708732800000)/,11,55,506,2,02,Baden-Wurttemberg,South,KORNTAL,Germany,70825,80116,12,ZZ-F11,1kg Nut Muesli,Finished Product,F11,1kg,Nut Muesli,469,469,ST,5.00,2345.00,759.78,EUR,1585.22000,0.68
.1~1775,1775,ZZ,03,15,03/15,/Date(1708732800000)/,11,55,506,1,02,Baden-Wurttemberg,South,KORNTAL,Germany,70825,80116,12,ZZ-F11,1kg Nut Muesli,Finished Product,F11,1kg,Nut Muesli,362,362,ST,5.00,1810.00,586.44,EUR,1223.56000,0.68
.1~1774,1774,ZZ,03,15,03/15,/Date(1708732800000)/,11,55,504,3,02,Baden-Wurttemberg,South,ESSLINGEN,Germany,73730,80112,12,ZZ-F11,1kg Nut Muesli,Finished Product,F11,1kg,Nut Muesli,471,471,ST,5.00,2355.00,763.02,EUR,1591.98000,0.68
.1~1773,1773,ZZ,03,15,03/15,/Date(1708732800000)/,11,55,512,1,02,Nrth Rhine Westfalia,West,WÜRSELEN,Germany,52146,80162,12,ZZ-F11,1kg Nut Muesli,Finished Product,F11,1kg,Nut Muesli,362,362,ST,5.00,1810.00,586.44,EUR,1223.56000,0.68
.1~1753,1753,ZZ,03,14,03/14,/Date(1708646400000)/,11,54,500,3,02,Lower Saxony,North,OLDENBURG,Germany,26129,80144,12,ZZ-F11,1kg Nut Muesli,Finished Product,F11,1kg,Nut Muesli,370,370,ST,5.00,1850.00,599.40,EUR,1250.60000,0.68
.1~1752,1752,ZZ,03,14,03/14,/Date(1708646400000)/,11,54,502,3,02,Nrth Rhine Westfalia,West,DÜSSELDORF,Germany,40212,80151,12,ZZ-F11,1kg Nut Muesli,Finished Product,F11,1kg,Nut Muesli,383,383,ST,5.00,1915.00,620.46,EUR,1294.54000,0.68
.1~1751,1751,ZZ,03,14,03/14,/Date(1708646400000)/,11,54,503,4,02,Rhineland Palatinate,West,TRIER,Germany,54290,80164,12,ZZ-F11,1kg Nut Muesli,Finished Product,F11,1kg,Nut Muesli,474,474,ST,5.00,2370.00,767.88,EUR,1602.12000,0.68
.1~1750,1750,ZZ,03,14,03/14,/Date(1708646400000)/,11,54,495,2,02,Bavaria,South,INGOLSTADT,Germany,85046,80121,12,ZZ-F11,1kg Nut Muesli,Finished Product,F11,1kg,Nut Muesli,439,439,ST,5.00,2195.00,711.18,EUR,1483.82000,0.68
.1~1749,1749,ZZ,03,14,03/14,/Date(1708646400000)/,11,54,495,1,02,Bavaria,South,INGOLSTADT,Germany,85046,80121,12,ZZ-F11,1kg Nut Muesli,Finished Product,F11,1kg,Nut Muesli,452,452,ST,5.00,2260.00,732.24,EUR,1527.76000,0.68
.1~1748,1748,ZZ,03,14,03/14,/Date(1708646400000)/,11,54,496,2,02,Bavaria,South,REGENSBURG,Germany,93053,80127,12,ZZ-F11,1kg Nut Muesli,Finished Product,F11,1kg,Nut Muesli,385,385,ST,5.00,1925.00,623.70,EUR,1301.30000,0.68
.1~1747,1747,ZZ,03,14,03/14,/Date(1708646400000)/,11,54,497,3,02,Baden-Wurttemberg,South,GUNDELFINGEN,Germany,79194,80114,12,ZZ-F11,1kg Nut Muesli,Finished Product,F11,1kg,Nut Muesli,391,391,ST,5.00,1955.00,633.42,EUR,1321.58000,0.68
.1~1746,1746,ZZ,03,14,03/14,/Date(1708646400000)/,11,54,498,3,02,Saxony,North,CHEMNITZ,Germany,09111,80165,12,ZZ-F11,1kg Nut Muesli,Finished Product,F11,1kg,Nut Muesli,370,370,ST,5.00,1850.00,599.40,EUR,1250.60000,0.68
.1~1745,1745,ZZ,03,14,03/14,/Date(1708646400000)/,11,54,498,2,02,Saxony,North,CHEMNITZ,Germany,09111,80165,12,ZZ-F11,1kg Nut Muesli,Finished Product,F11,1kg,Nut Muesli,373,373,ST,5.00,1865.00,604.26,EUR,1260.74000,0.68
.1~1723,1723,ZZ,03,13,03/13,/Date(1708560000000)/,11,53,488,2,02,Bavaria,South,MÜNCHEN,Germany,81245,80123,12,ZZ-F11,1kg Nut Muesli,Finished Product,F11,1kg,Nut Muesli,369,369,ST,5.00,1845.00,597.78,EUR,1247.22000,0.68
.1~1722,1722,ZZ,03,13,03/13,/Date(1708560000000)/,11,53,489,1,02,Bavaria,South,INGOLSTADT,Germany,85055,80120,12,ZZ-F11,1kg Nut Muesli,Finished Product,F11,1kg,Nut Muesli,403,403,ST,5.00,2015.00,652.86,EUR,1362.14000,0.68
.1~1721,1721,ZZ,03,13,03/13,/Date(1708560000000)/,11,53,494,2,02,Rhineland Palatinate,West,BAD KREUZNACH,Germany,55543,80163,12,ZZ-F11,1kg Nut Muesli,Finished Product,F11,1kg,Nut Muesli,432,432,ST,5.00,2160.00,699.84,EUR,1460.16000,0.68
.1~1720,1720,ZZ,03,13,03/13,/Date(1708560000000)/,11,53,489,2,02,Bavaria,South,INGOLSTADT,Germany,85055,80120,12,ZZ-F11,1kg Nut Muesli,Finished Product,F11,1kg,Nut Muesli,411,411,ST,5.00,2055.00,665.82,EUR,1389.18000,0.68
.1~1719,1719,ZZ,03,13,03/13,/Date(1708560000000)/,11,53,490,1,02,Lower Saxony,North,GÖTTINGEN,Germany,37073,80142,12,ZZ-F11,1kg Nut Muesli,Finished Product,F11,1kg,Nut Muesli,404,404,ST,5.00,2020.00,654.48,EUR,1365.52000,0.68
.1~1718,1718,ZZ,03,13,03/13,/Date(1708560000000)/,11,53,492,1,02,Lower Saxony,North,NIENBURG,Germany,31582,80143,12,ZZ-F11,1kg Nut Muesli,Finished Product,F11,1kg,Nut Muesli,441,441,ST,5.00,2205.00,714.42,EUR,1490.58000,0.68
.1~1717,1717,ZZ,03,13,03/13,/Date(1708560000000)/,11,53,492,2,02,Lower Saxony,North,NIENBURG,Germany,31582,80143,12,ZZ-F11,1kg Nut Muesli,Finished Product,F11,1kg,Nut Muesli,366,366,ST,5.00,1830.00,592.92,EUR,1237.08000,0.68
.1~1696,1696,ZZ,03,12,03/12,/Date(1708473600000)/,11,52,483,2,02,Bremen,North,BREMEN,Germany,28259,80133,12,ZZ-F11,1kg Nut Muesli,Finished Product,F11,1kg,Nut Muesli,427,427,ST,5.00,2135.00,691.74,EUR,1443.26000,0.68
.1~1695,1695,ZZ,03,12,03/12,/Date(1708473600000)/,11,52,483,3,02,Bremen,North,BREMEN,Germany,28259,80133,12,ZZ-F11,1kg Nut Muesli,Finished Product,F11,1kg,Nut Muesli,451,451,ST,5.00,2255.00,730.62,EUR,1524.38000,0.68
.1~1694,1694,ZZ,03,12,03/12,/Date(1708473600000)/,11,52,484,4,02,Schleswig-Holstein,North,KIEL,Germany,24113,80168,12,ZZ-F11,1kg Nut Muesli,Finished Product,F11,1kg,Nut Muesli,437,437,ST,5.00,2185.00,707.94,EUR,1477.06000,0.68
.1~1693,1693,ZZ,03,12,03/12,/Date(1708473600000)/,11,52,485,1,02,Nrth Rhine Westfalia,West,GELSENKIRCHEN,Germany,45879,80154,12,ZZ-F11,1kg Nut Muesli,Finished Product,F11,1kg,Nut Muesli,439,439,ST,5.00,2195.00,711.18,EUR,1483.82000,0.68
.1~1692,1692,ZZ,03,12,03/12,/Date(1708473600000)/,11,52,482,1,02,Lower Saxony,North,WOLFSBURG,Germany,38444,80147,12,ZZ-F11,1kg Nut Muesli,Finished Product,F11,1kg,Nut Muesli,382,382,ST,5.00,1910.00,618.84,EUR,1291.16000,0.68
.1~1691,1691,ZZ,03,12,03/12,/Date(1708473600000)/,11,52,487,1,02,Nrth Rhine Westfalia,West,DORTMUND,Germany,44339,80150,12,ZZ-F11,1kg Nut Muesli,Finished Product,F11,1kg,Nut Muesli,384,384,ST,5.00,1920.00,622.08,EUR,1297.92000,0.68
.1~1690,1690,ZZ,03,12,03/12,/Date(1708473600000)/,11,52,487,2,02,Nrth Rhine Westfalia,West,DORTMUND,Germany,44339,80150,12,ZZ-F11,1kg Nut Muesli,Finished Product,F11,1kg,Nut Muesli,386,386,ST,5.00,1930.00,625.32,EUR,1304.68000,0.68
.1~1689,1689,ZZ,03,12,03/12,/Date(1708473600000)/,11,52,487,3,02,Nrth Rhine Westfalia,West,DORTMUND,Germany,44339,80150,12,ZZ-F11,1kg Nut Muesli,Finished Product,F11,1kg,Nut Muesli,460,460,ST,5.00,2300.00,745.20,EUR,1554.80000,0.68
.1~1688,1688,ZZ,03,12,03/12,/Date(1708473600000)/,11,52,480,3,02,Hessen,South,FULDA,Germany,36037,80137,12,ZZ-F11,1kg Nut Muesli,Finished Product,F11,1kg,Nut Muesli,388,388,ST,5.00,1940.00,628.56,EUR,1311.44000,0.68
.1~1687,1687,ZZ,03,12,03/12,/Date(1708473600000)/,11,52,480,4,02,Hessen,South,FULDA,Germany,36037,80137,12,ZZ-F11,1kg Nut Muesli,Finished Product,F11,1kg,Nut Muesli,475,475,ST,5.00,2375.00,769.50,EUR,1605.50000,0.68
.1~1686,1686,ZZ,03,12,03/12,/Date(1708473600000)/,11,52,479,3,02,Baden-Wurttemberg,South,ESSLINGEN,Germany,73730,80112,12,ZZ-F11,1kg Nut Muesli,Finished Product,F11,1kg,Nut Muesli,462,462,ST,5.00,2310.00,748.44,EUR,1561.56000,0.68
.1~1179,1179,ZZ,01,11,01/11,/Date(1704931200000)/,3,11,282,1,02,Bavaria,South,WÜRZBURG,Germany,97070,80128,12,ZZ-F11,1kg Nut Muesli,Finished Product,F11,1kg,Nut Muesli,448,448,ST,4.61,2065.28,725.76,EUR,1339.52000,0.65
.1~1178,1178,ZZ,01,11,01/11,/Date(1704931200000)/,3,11,283,2,02,Baden-Wurttemberg,South,STUTTGART,Germany,70173,80118,12,ZZ-F11,1kg Nut Muesli,Finished Product,F11,1kg,Nut Muesli,410,410,ST,4.61,1890.10,664.20,EUR,1225.90000,0.65
.1~1149,1149,ZZ,01,10,01/10,/Date(1704844800000)/,2,10,277,2,02,Nrth Rhine Westfalia,West,WÜRSELEN,Germany,52146,80162,12,ZZ-F11,1kg Nut Muesli,Finished Product,F11,1kg,Nut Muesli,398,398,ST,4.61,1834.78,644.76,EUR,1190.02000,0.65
.1~1148,1148,ZZ,01,10,01/10,/Date(1704844800000)/,2,10,277,9,02,Nrth Rhine Westfalia,West,WÜRSELEN,Germany,52146,80162,12,ZZ-F11,1kg Nut Muesli,Finished Product,F11,1kg,Nut Muesli,405,405,ST,4.61,1867.05,656.10,EUR,1210.95000,0.65
.1~1147,1147,ZZ,01,10,01/10,/Date(1704844800000)/,2,10,277,3,02,Nrth Rhine Westfalia,West,WÜRSELEN,Germany,52146,80162,12,ZZ-F11,1kg Nut Muesli,Finished Product,F11,1kg,Nut Muesli,417,417,ST,4.61,1922.37,675.54,EUR,1246.83000,0.65
.1~1146,1146,ZZ,01,10,01/10,/Date(1704844800000)/,2,10,277,1,02,Nrth Rhine Westfalia,West,WÜRSELEN,Germany,52146,80162,12,ZZ-F11,1kg Nut Muesli,Finished Product,F11,1kg,Nut Muesli,422,422,ST,4.61,1945.42,683.64,EUR,1261.78000,0.65
.1~1145,1145,ZZ,01,10,01/10,/Date(1704844800000)/,2,10,280,2,02,Lower Saxony,North,NIENBURG,Germany,31582,80143,12,ZZ-F11,1kg Nut Muesli,Finished Product,F11,1kg,Nut Muesli,441,441,ST,4.61,2033.01,714.42,EUR,1318.59000,0.65
.1~1144,1144,ZZ,01,10,01/10,/Date(1704844800000)/,2,10,275,2,02,Baden-Wurttemberg,South,ALBSTADT,Germany,72458,80170,12,ZZ-F11,1kg Nut Muesli,Finished Product,F11,1kg,Nut Muesli,472,472,ST,4.61,2175.92,764.64,EUR,1411.28000,0.65
.1~1143,1143,ZZ,01,10,01/10,/Date(1704844800000)/,2,10,276,3,02,Nrth Rhine Westfalia,West,GELSENKIRCHEN,Germany,45879,80154,12,ZZ-F11,1kg Nut Muesli,Finished Product,F11,1kg,Nut Muesli,499,499,ST,4.61,2300.39,808.38,EUR,1492.01000,0.65
.1~1142,1142,ZZ,01,10,01/10,/Date(1704844800000)/,2,10,273,3,02,Bavaria,South,NÜRNBERG-BUCH,Germany,90427,80126,12,ZZ-F11,1kg Nut Muesli,Finished Product,F11,1kg,Nut Muesli,517,517,ST,4.61,2383.37,837.54,EUR,1545.83000,0.65
.1~1141,1141,ZZ,01,10,01/10,/Date(1704844800000)/,2,10,275,3,02,Baden-Wurttemberg,South,ALBSTADT,Germany,72458,80170,12,ZZ-F11,1kg Nut Muesli,Finished Product,F11,1kg,Nut Muesli,511,511,ST,4.61,2355.71,827.82,EUR,1527.89000,0.65
.1~1140,1140,ZZ,01,10,01/10,/Date(1704844800000)/,2,10,274,1,02,Bavaria,South,REGENSBURG,Germany,93053,80127,12,ZZ-F11,1kg Nut Muesli,Finished Product,F11,1kg,Nut Muesli,509,509,ST,4.61,2346.49,824.58,EUR,1521.91000,0.65
.1~1113,1113,ZZ,01,09,01/09,/Date(1704758400000)/,2,9,270,2,02,Nrth Rhine Westfalia,West,KREFELD,Germany,47798,80157,12,ZZ-F11,1kg Nut Muesli,Finished Product,F11,1kg,Nut Muesli,429,429,ST,4.61,1977.69,694.98,EUR,1282.71000,0.65
.1~1112,1112,ZZ,01,09,01/09,/Date(1704758400000)/,2,9,267,1,02,Baden-Wurttemberg,South,KORNTAL,Germany,70825,80116,12,ZZ-F11,1kg Nut Muesli,Finished Product,F11,1kg,Nut Muesli,408,408,ST,4.61,1880.88,660.96,EUR,1219.92000,0.65
.1~1111,1111,ZZ,01,09,01/09,/Date(1704758400000)/,2,9,269,4,02,Rhineland Palatinate,West,TRIER,Germany,54290,80164,12,ZZ-F11,1kg Nut Muesli,Finished Product,F11,1kg,Nut Muesli,407,407,ST,4.61,1876.27,659.34,EUR,1216.93000,0.65
.1~1110,1110,ZZ,01,09,01/09,/Date(1704758400000)/,2,9,267,2,02,Baden-Wurttemberg,South,KORNTAL,Germany,70825,80116,12,ZZ-F11,1kg Nut Muesli,Finished Product,F11,1kg,Nut Muesli,511,511,ST,4.61,2355.71,827.82,EUR,1527.89000,0.65
.1~1109,1109,ZZ,01,09,01/09,/Date(1704758400000)/,2,9,268,4,02,Nrth Rhine Westfalia,West,DÜSSELDORF,Germany,40212,80151,12,ZZ-F11,1kg Nut Muesli,Finished Product,F11,1kg,Nut Muesli,419,419,ST,4.61,1931.59,678.78,EUR,1252.81000,0.65
.1~1108,1108,ZZ,01,09,01/09,/Date(1704758400000)/,2,9,271,1,02,Bremen,North,BREMEN,Germany,28259,80133,12,ZZ-F11,1kg Nut Muesli,Finished Product,F11,1kg,Nut Muesli,477,477,ST,4.61,2198.97,772.74,EUR,1426.23000,0.65
.1~1107,1107,ZZ,01,09,01/09,/Date(1704758400000)/,2,9,272,2,02,Hamburg,North,HAMBURG,Germany,22765,80135,12,ZZ-F11,1kg Nut Muesli,Finished Product,F11,1kg,Nut Muesli,512,512,ST,4.61,2360.32,829.44,EUR,1530.88000,0.65
.1~1106,1106,ZZ,01,09,01/09,/Date(1704758400000)/,2,9,272,9,02,Hamburg,North,HAMBURG,Germany,22765,80135,12,ZZ-F11,1kg Nut Muesli,Finished Product,F11,1kg,Nut Muesli,503,503,ST,4.61,2318.83,814.86,EUR,1503.97000,0.65
.1~1105,1105,ZZ,01,09,01/09,/Date(1704758400000)/,2,9,272,0,02,Hamburg,North,HAMBURG,Germany,22765,80135,12,ZZ-F11,1kg Nut Muesli,Finished Product,F11,1kg,Nut Muesli,451,451,ST,4.61,2079.11,730.62,EUR,1348.49000,0.65
.1~1067,1067,ZZ,01,08,01/08,/Date(1704672000000)/,2,8,257,3,02,Bavaria,South,REGENSBURG,Germany,93053,80127,12,ZZ-F11,1kg Nut Muesli,Finished Product,F11,1kg,Nut Muesli,485,485,ST,4.61,2235.85,785.70,EUR,1450.15000,0.65
.1~1066,1066,ZZ,01,08,01/08,/Date(1704672000000)/,2,8,193,1,02,Saxony-Anhalt,North,GÜNTHERSDORF,Germany,06254,80167,12,ZZ-F11,1kg Nut Muesli,Finished Product,F11,1kg,Nut Muesli,403,403,ST,4.61,1857.83,652.86,EUR,1204.97000,0.65
.1~1065,1065,ZZ,01,08,01/08,/Date(1704672000000)/,2,8,256,3,02,Bavaria,South,INGOLSTADT,Germany,85046,80121,12,ZZ-F11,1kg Nut Muesli,Finished Product,F11,1kg,Nut Muesli,435,435,ST,4.61,2005.35,704.70,EUR,1300.65000,0.65
.1~1064,1064,ZZ,01,08,01/08,/Date(1704672000000)/,2,8,194,2,02,Lower Saxony,North,WOLFSBURG,Germany,38444,80147,12,ZZ-F11,1kg Nut Muesli,Finished Product,F11,1kg,Nut Muesli,361,361,ST,4.61,1664.21,584.82,EUR,1079.39000,0.65
.1~1063,1063,ZZ,01,08,01/08,/Date(1704672000000)/,2,8,258,4,02,Baden-Wurttemberg,South,GUNDELFINGEN,Germany,79194,80114,12,ZZ-F11,1kg Nut Muesli,Finished Product,F11,1kg,Nut Muesli,432,432,ST,4.61,1991.52,699.84,EUR,1291.68000,0.65
.1~1062,1062,ZZ,01,08,01/08,/Date(1704672000000)/,2,8,259,4,02,Rhineland Palatinate,West,BAD KREUZNACH,Germany,55543,80163,12,ZZ-F11,1kg Nut Muesli,Finished Product,F11,1kg,Nut Muesli,451,451,ST,4.61,2079.11,730.62,EUR,1348.49000,0.65
.1~1061,1061,ZZ,01,08,01/08,/Date(1704672000000)/,2,8,256,1,02,Bavaria,South,INGOLSTADT,Germany,85046,80121,12,ZZ-F11,1kg Nut Muesli,Finished Product,F11,1kg,Nut Muesli,422,422,ST,4.61,1945.42,683.64,EUR,1261.78000,0.65
.1~1060,1060,ZZ,01,08,01/08,/Date(1704672000000)/,2,8,190,4,02,Rhineland Palatinate,West,BAD KREUZNACH,Germany,55543,80163,12,ZZ-F11,1kg Nut Muesli,Finished Product,F11,1kg,Nut Muesli,498,498,ST,4.61,2295.78,806.76,EUR,1489.02000,0.65
.1~1059,1059,ZZ,01,08,01/08,/Date(1704672000000)/,2,8,263,2,02,Lower Saxony,North,WOLFSBURG,Germany,38444,80147,12,ZZ-F11,1kg Nut Muesli,Finished Product,F11,1kg,Nut Muesli,454,454,ST,4.61,2092.94,735.48,EUR,1357.46000,0.65
.1~1058,1058,ZZ,01,08,01/08,/Date(1704672000000)/,2,8,262,1,02,Saxony-Anhalt,North,GÜNTHERSDORF,Germany,06254,80167,12,ZZ-F11,1kg Nut Muesli,Finished Product,F11,1kg,Nut Muesli,478,478,ST,4.61,2203.58,774.36,EUR,1429.22000,0.65
.1~1057,1057,ZZ,01,08,01/08,/Date(1704672000000)/,2,8,187,1,02,Bavaria,South,INGOLSTADT,Germany,85046,80121,12,ZZ-F11,1kg Nut Muesli,Finished Product,F11,1kg,Nut Muesli,427,427,ST,4.61,1968.47,691.74,EUR,1276.73000,0.65
.1~1056,1056,ZZ,01,08,01/08,/Date(1704672000000)/,2,8,189,4,02,Baden-Wurttemberg,South,GUNDELFINGEN,Germany,79194,80114,12,ZZ-F11,1kg Nut Muesli,Finished Product,F11,1kg,Nut Muesli,419,419,ST,4.61,1931.59,678.78,EUR,1252.81000,0.65
.1~1055,1055,ZZ,01,08,01/08,/Date(1704672000000)/,2,8,187,3,02,Bavaria,South,INGOLSTADT,Germany,85046,80121,12,ZZ-F11,1kg Nut Muesli,Finished Product,F11,1kg,Nut Muesli,400,400,ST,4.61,1844.00,648.00,EUR,1196.00000,0.65
.1~1054,1054,ZZ,01,08,01/08,/Date(1704672000000)/,2,8,188,3,02,Bavaria,South,REGENSBURG,Germany,93053,80127,12,ZZ-F11,1kg Nut Muesli,Finished Product,F11,1kg,Nut Muesli,418,418,ST,4.61,1926.98,677.16,EUR,1249.82000,0.65
.1~981,981,ZZ,01,07,01/07,/Date(1704585600000)/,2,7,182,2,02,Nrth Rhine Westfalia,West,DORTMUND,Germany,44339,80150,12,ZZ-F11,1kg Nut Muesli,Finished Product,F11,1kg,Nut Muesli,441,441,ST,4.61,2033.01,714.42,EUR,1318.59000,0.65
.1~980,980,ZZ,01,07,01/07,/Date(1704585600000)/,2,7,182,1,02,Nrth Rhine Westfalia,West,DORTMUND,Germany,44339,80150,12,ZZ-F11,1kg Nut Muesli,Finished Product,F11,1kg,Nut Muesli,461,461,ST,4.61,2125.21,746.82,EUR,1378.39000,0.65
.1~979,979,ZZ,01,07,01/07,/Date(1704585600000)/,2,7,180,2,02,Bavaria,South,INGOLSTADT,Germany,85055,80120,12,ZZ-F11,1kg Nut Muesli,Finished Product,F11,1kg,Nut Muesli,410,410,ST,4.61,1890.10,664.20,EUR,1225.90000,0.65
.1~978,978,ZZ,01,07,01/07,/Date(1704585600000)/,2,7,251,3,02,Nrth Rhine Westfalia,West,DORTMUND,Germany,44339,80150,12,ZZ-F11,1kg Nut Muesli,Finished Product,F11,1kg,Nut Muesli,453,453,ST,4.61,2088.33,733.86,EUR,1354.47000,0.65
.1~977,977,ZZ,01,07,01/07,/Date(1704585600000)/,2,7,179,2,02,Bavaria,South,MÜNCHEN,Germany,81245,80123,12,ZZ-F11,1kg Nut Muesli,Finished Product,F11,1kg,Nut Muesli,430,430,ST,4.61,1982.30,696.60,EUR,1285.70000,0.65
.1~976,976,ZZ,01,07,01/07,/Date(1704585600000)/,2,7,254,2,02,Berlin,North,WALTERSDORF,Germany,12529,80130,12,ZZ-F11,1kg Nut Muesli,Finished Product,F11,1kg,Nut Muesli,486,486,ST,4.61,2240.46,787.32,EUR,1453.14000,0.65
.1~975,975,ZZ,01,07,01/07,/Date(1704585600000)/,2,7,255,1,02,Saxony,North,ZWICKAU,Germany,08058,80166,12,ZZ-F11,1kg Nut Muesli,Finished Product,F11,1kg,Nut Muesli,418,418,ST,4.61,1926.98,677.16,EUR,1249.82000,0.65
.1~974,974,ZZ,01,07,01/07,/Date(1704585600000)/,2,7,186,1,02,Saxony,North,ZWICKAU,Germany,08058,80166,12,ZZ-F11,1kg Nut Muesli,Finished Product,F11,1kg,Nut Muesli,436,436,ST,4.61,2009.96,706.32,EUR,1303.64000,0.65
.1~973,973,ZZ,01,07,01/07,/Date(1704585600000)/,2,7,248,4,02,Bavaria,South,MÜNCHEN,Germany,81245,80123,12,ZZ-F11,1kg Nut Muesli,Finished Product,F11,1kg,Nut Muesli,445,445,ST,4.61,2051.45,720.90,EUR,1330.55000,0.65
.1~972,972,ZZ,01,07,01/07,/Date(1704585600000)/,2,7,185,2,02,Berlin,North,WALTERSDORF,Germany,12529,80130,12,ZZ-F11,1kg Nut Muesli,Finished Product,F11,1kg,Nut Muesli,391,391,ST,4.61,1802.51,633.42,EUR,1169.09000,0.65
.1~971,971,ZZ,01,07,01/07,/Date(1704585600000)/,2,7,248,2,02,Bavaria,South,MÜNCHEN,Germany,81245,80123,12,ZZ-F11,1kg Nut Muesli,Finished Product,F11,1kg,Nut Muesli,409,409,ST,4.61,1885.49,662.58,EUR,1222.91000,0.65
.1~970,970,ZZ,01,07,01/07,/Date(1704585600000)/,2,7,182,3,02,Nrth Rhine Westfalia,West,DORTMUND,Germany,44339,80150,12,ZZ-F11,1kg Nut Muesli,Finished Product,F11,1kg,Nut Muesli,461,461,ST,4.61,2125.21,746.82,EUR,1378.39000,0.65
.1~969,969,ZZ,01,07,01/07,/Date(1704585600000)/,2,7,251,2,02,Nrth Rhine Westfalia,West,DORTMUND,Germany,44339,80150,12,ZZ-F11,1kg Nut Muesli,Finished Product,F11,1kg,Nut Muesli,505,505,ST,4.61,2328.05,818.10,EUR,1509.95000,0.65
.1~968,968,ZZ,01,07,01/07,/Date(1704585600000)/,2,7,249,2,02,Bavaria,South,INGOLSTADT,Germany,85055,80120,12,ZZ-F11,1kg Nut Muesli,Finished Product,F11,1kg,Nut Muesli,403,403,ST,4.61,1857.83,652.86,EUR,1204.97000,0.65
.1~967,967,ZZ,01,07,01/07,/Date(1704585600000)/,2,7,251,1,02,Nrth Rhine Westfalia,West,DORTMUND,Germany,44339,80150,12,ZZ-F11,1kg Nut Muesli,Finished Product,F11,1kg,Nut Muesli,494,494,ST,4.61,2277.34,800.28,EUR,1477.06000,0.65
.1~966,966,ZZ,01,07,01/07,/Date(1704585600000)/,2,7,185,4,02,Berlin,North,WALTERSDORF,Germany,12529,80130,12,ZZ-F11,1kg Nut Muesli,Finished Product,F11,1kg,Nut Muesli,469,469,ST,4.61,2162.09,759.78,EUR,1402.31000,0.65
.1~925,925,ZZ,01,06,01/06,/Date(1704499200000)/,2,6,245,2,02,Saxony,North,CHEMNITZ,Germany,09111,80165,12,ZZ-F11,1kg Nut Muesli,Finished Product,F11,1kg,Nut Muesli,393,393,ST,4.61,1811.73,636.66,EUR,1175.07000,0.65
.1~924,924,ZZ,01,06,01/06,/Date(1704499200000)/,2,6,239,4,02,Baden-Wurttemberg,South,ESSLINGEN,Germany,73730,80112,12,ZZ-F11,1kg Nut Muesli,Finished Product,F11,1kg,Nut Muesli,465,465,ST,4.61,2143.65,753.30,EUR,1390.35000,0.65
.1~923,923,ZZ,01,06,01/06,/Date(1704499200000)/,2,6,243,1,02,Nrth Rhine Westfalia,West,SIEGEN,Germany,57076,80160,12,ZZ-F11,1kg Nut Muesli,Finished Product,F11,1kg,Nut Muesli,395,395,ST,4.61,1820.95,639.90,EUR,1181.05000,0.65
.1~922,922,ZZ,01,06,01/06,/Date(1704499200000)/,2,6,240,3,02,Hessen,South,FULDA,Germany,36037,80137,12,ZZ-F11,1kg Nut Muesli,Finished Product,F11,1kg,Nut Muesli,441,441,ST,4.61,2033.01,714.42,EUR,1318.59000,0.65
.1~921,921,ZZ,01,06,01/06,/Date(1704499200000)/,2,6,244,1,02,Nrth Rhine Westfalia,West,GELSENKIRCHEN,Germany,45879,80154,12,ZZ-F11,1kg Nut Muesli,Finished Product,F11,1kg,Nut Muesli,421,421,ST,4.61,1940.81,682.02,EUR,1258.79000,0.65
.1~920,920,ZZ,01,06,01/06,/Date(1704499200000)/,2,6,245,4,02,Saxony,North,CHEMNITZ,Germany,09111,80165,12,ZZ-F11,1kg Nut Muesli,Finished Product,F11,1kg,Nut Muesli,491,491,ST,4.61,2263.51,795.42,EUR,1468.09000,0.65
.1~919,919,ZZ,01,06,01/06,/Date(1704499200000)/,2,6,240,4,02,Hessen,South,FULDA,Germany,36037,80137,12,ZZ-F11,1kg Nut Muesli,Finished Product,F11,1kg,Nut Muesli,398,398,ST,4.61,1834.78,644.76,EUR,1190.02000,0.65
.1~918,918,ZZ,01,06,01/06,/Date(1704499200000)/,2,6,247,3,02,Brandenburg,North,COTTBUS,Germany,03046,80132,12,ZZ-F11,1kg Nut Muesli,Finished Product,F11,1kg,Nut Muesli,517,517,ST,4.61,2383.37,837.54,EUR,1545.83000,0.65
.1~917,917,ZZ,01,06,01/06,/Date(1704499200000)/,2,6,247,4,02,Brandenburg,North,COTTBUS,Germany,03046,80132,12,ZZ-F11,1kg Nut Muesli,Finished Product,F11,1kg,Nut Muesli,518,518,ST,4.61,2387.98,839.16,EUR,1548.82000,0.65
.1~916,916,ZZ,01,06,01/06,/Date(1704499200000)/,2,6,246,4,02,Mecklenburg-Vorpomm.,North,ROSTOCK,Germany,18184,80141,12,ZZ-F11,1kg Nut Muesli,Finished Product,F11,1kg,Nut Muesli,477,477,ST,4.61,2198.97,772.74,EUR,1426.23000,0.65
.1~915,915,ZZ,01,06,01/06,/Date(1704499200000)/,2,6,246,3,02,Mecklenburg-Vorpomm.,North,ROSTOCK,Germany,18184,80141,12,ZZ-F11,1kg Nut Muesli,Finished Product,F11,1kg,Nut Muesli,504,504,ST,4.61,2323.44,816.48,EUR,1506.96000,0.65
.1~914,914,ZZ,01,06,01/06,/Date(1704499200000)/,2,6,174,1,02,Nrth Rhine Westfalia,West,SIEGEN,Germany,57076,80160,12,ZZ-F11,1kg Nut Muesli,Finished Product,F11,1kg,Nut Muesli,473,473,ST,4.61,2180.53,766.26,EUR,1414.27000,0.65
.1~913,913,ZZ,01,06,01/06,/Date(1704499200000)/,2,6,171,1,02,Hessen,South,FULDA,Germany,36037,80137,12,ZZ-F11,1kg Nut Muesli,Finished Product,F11,1kg,Nut Muesli,408,408,ST,4.61,1880.88,660.96,EUR,1219.92000,0.65
.1~912,912,ZZ,01,06,01/06,/Date(1704499200000)/,2,6,240,1,02,Hessen,South,FULDA,Germany,36037,80137,12,ZZ-F11,1kg Nut Muesli,Finished Product,F11,1kg,Nut Muesli,413,413,ST,4.61,1903.93,669.06,EUR,1234.87000,0.65
.1~911,911,ZZ,01,06,01/06,/Date(1704499200000)/,2,6,171,3,02,Hessen,South,FULDA,Germany,36037,80137,12,ZZ-F11,1kg Nut Muesli,Finished Product,F11,1kg,Nut Muesli,493,493,ST,4.61,2272.73,798.66,EUR,1474.07000,0.65
.1~910,910,ZZ,01,06,01/06,/Date(1704499200000)/,2,6,171,4,02,Hessen,South,FULDA,Germany,36037,80137,12,ZZ-F11,1kg Nut Muesli,Finished Product,F11,1kg,Nut Muesli,509,509,ST,4.61,2346.49,824.58,EUR,1521.91000,0.65
.1~909,909,ZZ,01,06,01/06,/Date(1704499200000)/,2,6,170,4,02,Baden-Wurttemberg,South,ESSLINGEN,Germany,73730,80112,12,ZZ-F11,1kg Nut Muesli,Finished Product,F11,1kg,Nut Muesli,516,516,ST,4.61,2378.76,835.92,EUR,1542.84000,0.65
.1~908,908,ZZ,01,06,01/06,/Date(1704499200000)/,2,6,175,1,02,Nrth Rhine Westfalia,West,GELSENKIRCHEN,Germany,45879,80154,12,ZZ-F11,1kg Nut Muesli,Finished Product,F11,1kg,Nut Muesli,434,434,ST,4.61,2000.74,703.08,EUR,1297.66000,0.65
.1~907,907,ZZ,01,06,01/06,/Date(1704499200000)/,2,6,178,4,02,Brandenburg,North,COTTBUS,Germany,03046,80132,12,ZZ-F11,1kg Nut Muesli,Finished Product,F11,1kg,Nut Muesli,489,489,ST,4.61,2254.29,792.18,EUR,1462.11000,0.65
.1~906,906,ZZ,01,06,01/06,/Date(1704499200000)/,2,6,178,3,02,Brandenburg,North,COTTBUS,Germany,03046,80132,12,ZZ-F11,1kg Nut Muesli,Finished Product,F11,1kg,Nut Muesli,422,422,ST,4.61,1945.42,683.64,EUR,1261.78000,0.65
.1~905,905,ZZ,01,06,01/06,/Date(1704499200000)/,2,6,176,4,02,Saxony,North,CHEMNITZ,Germany,09111,80165,12,ZZ-F11,1kg Nut Muesli,Finished Product,F11,1kg,Nut Muesli,496,496,ST,4.61,2286.56,803.52,EUR,1483.04000,0.65
.1~904,904,ZZ,01,06,01/06,/Date(1704499200000)/,2,6,176,2,02,Saxony,North,CHEMNITZ,Germany,09111,80165,12,ZZ-F11,1kg Nut Muesli,Finished Product,F11,1kg,Nut Muesli,393,393,ST,4.61,1811.73,636.66,EUR,1175.07000,0.65
.1~850,850,ZZ,01,05,01/05,/Date(1704412800000)/,1,5,163,3,02,Bavaria,South,MÜNCHEN,Germany,80939,80124,12,ZZ-F11,1kg Nut Muesli,Finished Product,F11,1kg,Nut Muesli,511,511,ST,4.61,2355.71,827.82,EUR,1527.89000,0.65
.1~849,849,ZZ,01,05,01/05,/Date(1704412800000)/,1,5,235,4,02,Nrth Rhine Westfalia,West,HÜCKELHOVEN,Germany,41836,80156,12,ZZ-F11,1kg Nut Muesli,Finished Product,F11,1kg,Nut Muesli,485,485,ST,4.61,2235.85,785.70,EUR,1450.15000,0.65
.1~848,848,ZZ,01,05,01/05,/Date(1704412800000)/,1,5,161,1,02,Bavaria,South,NÜRNBERG-BUCH,Germany,90427,80126,12,ZZ-F11,1kg Nut Muesli,Finished Product,F11,1kg,Nut Muesli,461,461,ST,4.61,2125.21,746.82,EUR,1378.39000,0.65
.1~847,847,ZZ,01,05,01/05,/Date(1704412800000)/,1,5,169,1,02,Brandenburg,North,BRANDENBURG,Germany,14772,80131,12,ZZ-F11,1kg Nut Muesli,Finished Product,F11,1kg,Nut Muesli,499,499,ST,4.61,2300.39,808.38,EUR,1492.01000,0.65
.1~846,846,ZZ,01,05,01/05,/Date(1704412800000)/,1,5,236,2,02,Mecklenburg-Vorpomm.,North,ROSTOCK,Germany,18184,80141,12,ZZ-F11,1kg Nut Muesli,Finished Product,F11,1kg,Nut Muesli,455,455,ST,4.61,2097.55,737.10,EUR,1360.45000,0.65
.1~845,845,ZZ,01,05,01/05,/Date(1704412800000)/,1,5,167,2,02,Mecklenburg-Vorpomm.,North,ROSTOCK,Germany,18184,80141,12,ZZ-F11,1kg Nut Muesli,Finished Product,F11,1kg,Nut Muesli,462,462,ST,4.61,2129.82,748.44,EUR,1381.38000,0.65
.1~844,844,ZZ,01,05,01/05,/Date(1704412800000)/,1,5,166,4,02,Nrth Rhine Westfalia,West,HÜCKELHOVEN,Germany,41836,80156,12,ZZ-F11,1kg Nut Muesli,Finished Product,F11,1kg,Nut Muesli,414,414,ST,4.61,1908.54,670.68,EUR,1237.86000,0.65
.1~843,843,ZZ,01,05,01/05,/Date(1704412800000)/,1,5,232,3,02,Bavaria,South,MÜNCHEN,Germany,80939,80124,12,ZZ-F11,1kg Nut Muesli,Finished Product,F11,1kg,Nut Muesli,515,515,ST,4.61,2374.15,834.30,EUR,1539.85000,0.65
.1~842,842,ZZ,01,05,01/05,/Date(1704412800000)/,1,5,230,1,02,Bavaria,South,NÜRNBERG-BUCH,Germany,90427,80126,12,ZZ-F11,1kg Nut Muesli,Finished Product,F11,1kg,Nut Muesli,456,456,ST,4.61,2102.16,738.72,EUR,1363.44000,0.65
.1~778,778,ZZ,01,04,01/04,/Date(1704326400000)/,1,4,228,0,02,Lower Saxony,North,OLDENBURG,Germany,26129,80144,12,ZZ-F11,1kg Nut Muesli,Finished Product,F11,1kg,Nut Muesli,408,408,ST,4.61,1880.88,660.96,EUR,1219.92000,0.65
.1~777,777,ZZ,01,04,01/04,/Date(1704326400000)/,1,4,225,2,02,Nrth Rhine Westfalia,West,BAD OEYNHAUSEN,Germany,32547,80148,12,ZZ-F11,1kg Nut Muesli,Finished Product,F11,1kg,Nut Muesli,499,499,ST,4.61,2300.39,808.38,EUR,1492.01000,0.65
.1~776,776,ZZ,01,04,01/04,/Date(1704326400000)/,1,4,226,4,02,Nrth Rhine Westfalia,West,HERFORD,Germany,32052,80155,12,ZZ-F11,1kg Nut Muesli,Finished Product,F11,1kg,Nut Muesli,418,418,ST,4.61,1926.98,677.16,EUR,1249.82000,0.65
.1~775,775,ZZ,01,04,01/04,/Date(1704326400000)/,1,4,228,4,02,Lower Saxony,North,OLDENBURG,Germany,26129,80144,12,ZZ-F11,1kg Nut Muesli,Finished Product,F11,1kg,Nut Muesli,443,443,ST,4.61,2042.23,717.66,EUR,1324.57000,0.65
.1~774,774,ZZ,01,04,01/04,/Date(1704326400000)/,1,4,224,2,02,Bavaria,South,AUGSBURG,Germany,86156,80119,12,ZZ-F11,1kg Nut Muesli,Finished Product,F11,1kg,Nut Muesli,418,418,ST,4.61,1926.98,677.16,EUR,1249.82000,0.65
.1~773,773,ZZ,01,04,01/04,/Date(1704326400000)/,1,4,224,3,02,Bavaria,South,AUGSBURG,Germany,86156,80119,12,ZZ-F11,1kg Nut Muesli,Finished Product,F11,1kg,Nut Muesli,498,498,ST,4.61,2295.78,806.76,EUR,1489.02000,0.65
.1~772,772,ZZ,01,04,01/04,/Date(1704326400000)/,1,4,229,3,02,Schleswig-Holstein,North,KIEL,Germany,24113,80168,12,ZZ-F11,1kg Nut Muesli,Finished Product,F11,1kg,Nut Muesli,435,435,ST,4.61,2005.35,704.70,EUR,1300.65000,0.65
.1~771,771,ZZ,01,04,01/04,/Date(1704326400000)/,1,4,222,4,02,Baden-Wurttemberg,South,MANNHEIM,Germany,68199,80117,12,ZZ-F11,1kg Nut Muesli,Finished Product,F11,1kg,Nut Muesli,466,466,ST,4.61,2148.26,754.92,EUR,1393.34000,0.65
.1~770,770,ZZ,01,04,01/04,/Date(1704326400000)/,1,4,157,4,02,Nrth Rhine Westfalia,West,HERFORD,Germany,32052,80155,12,ZZ-F11,1kg Nut Muesli,Finished Product,F11,1kg,Nut Muesli,474,474,ST,4.61,2185.14,767.88,EUR,1417.26000,0.65
.1~769,769,ZZ,01,04,01/04,/Date(1704326400000)/,1,4,159,0,02,Lower Saxony,North,OLDENBURG,Germany,26129,80144,12,ZZ-F11,1kg Nut Muesli,Finished Product,F11,1kg,Nut Muesli,434,434,ST,4.61,2000.74,703.08,EUR,1297.66000,0.65
.1~768,768,ZZ,01,04,01/04,/Date(1704326400000)/,1,4,159,4,02,Lower Saxony,North,OLDENBURG,Germany,26129,80144,12,ZZ-F11,1kg Nut Muesli,Finished Product,F11,1kg,Nut Muesli,437,437,ST,4.61,2014.57,707.94,EUR,1306.63000,0.65
.1~767,767,ZZ,01,04,01/04,/Date(1704326400000)/,1,4,159,1,02,Lower Saxony,North,OLDENBURG,Germany,26129,80144,12,ZZ-F11,1kg Nut Muesli,Finished Product,F11,1kg,Nut Muesli,481,481,ST,4.61,2217.41,779.22,EUR,1438.19000,0.65
.1~766,766,ZZ,01,04,01/04,/Date(1704326400000)/,1,4,228,1,02,Lower Saxony,North,OLDENBURG,Germany,26129,80144,12,ZZ-F11,1kg Nut Muesli,Finished Product,F11,1kg,Nut Muesli,439,439,ST,4.61,2023.79,711.18,EUR,1312.61000,0.65
.1~765,765,ZZ,01,04,01/04,/Date(1704326400000)/,1,4,155,3,02,Bavaria,South,AUGSBURG,Germany,86156,80119,12,ZZ-F11,1kg Nut Muesli,Finished Product,F11,1kg,Nut Muesli,503,503,ST,4.61,2318.83,814.86,EUR,1503.97000,0.65
.1~764,764,ZZ,01,04,01/04,/Date(1704326400000)/,1,4,160,3,02,Schleswig-Holstein,North,KIEL,Germany,24113,80168,12,ZZ-F11,1kg Nut Muesli,Finished Product,F11,1kg,Nut Muesli,506,506,ST,4.61,2332.66,819.72,EUR,1512.94000,0.65
.1~763,763,ZZ,01,04,01/04,/Date(1704326400000)/,1,4,155,2,02,Bavaria,South,AUGSBURG,Germany,86156,80119,12,ZZ-F11,1kg Nut Muesli,Finished Product,F11,1kg,Nut Muesli,432,432,ST,4.61,1991.52,699.84,EUR,1291.68000,0.65
.1~762,762,ZZ,01,04,01/04,/Date(1704326400000)/,1,4,153,4,02,Baden-Wurttemberg,South,MANNHEIM,Germany,68199,80117,12,ZZ-F11,1kg Nut Muesli,Finished Product,F11,1kg,Nut Muesli,469,469,ST,4.61,2162.09,759.78,EUR,1402.31000,0.65
.1~707,707,ZZ,01,03,01/03,/Date(1704240000000)/,1,3,217,4,02,Nrth Rhine Westfalia,West,HÜCKELHOVEN,Germany,41836,80156,12,ZZ-F11,1kg Nut Muesli,Finished Product,F11,1kg,Nut Muesli,484,484,ST,4.61,2231.24,784.08,EUR,1447.16000,0.65
.1~706,706,ZZ,01,03,01/03,/Date(1704240000000)/,1,3,145,2,02,Hessen,South,FULDA,Germany,36037,80137,12,ZZ-F11,1kg Nut Muesli,Finished Product,F11,1kg,Nut Muesli,406,406,ST,4.61,1871.66,657.72,EUR,1213.94000,0.65
.1~705,705,ZZ,01,03,01/03,/Date(1704240000000)/,1,3,144,1,02,Bavaria,South,NÜRNBERG,Germany,90451,80125,12,ZZ-F11,1kg Nut Muesli,Finished Product,F11,1kg,Nut Muesli,458,458,ST,4.61,2111.38,741.96,EUR,1369.42000,0.65
.1~704,704,ZZ,01,03,01/03,/Date(1704240000000)/,1,3,151,1,02,Saxony,North,CHEMNITZ,Germany,09111,80165,12,ZZ-F11,1kg Nut Muesli,Finished Product,F11,1kg,Nut Muesli,431,431,ST,4.61,1986.91,698.22,EUR,1288.69000,0.65
.1~703,703,ZZ,01,03,01/03,/Date(1704240000000)/,1,3,151,2,02,Saxony,North,CHEMNITZ,Germany,09111,80165,12,ZZ-F11,1kg Nut Muesli,Finished Product,F11,1kg,Nut Muesli,474,474,ST,4.61,2185.14,767.88,EUR,1417.26000,0.65
.1~702,702,ZZ,01,03,01/03,/Date(1704240000000)/,1,3,146,4,02,Baden-Wurttemberg,South,MANNHEIM,Germany,68199,80117,12,ZZ-F11,1kg Nut Muesli,Finished Product,F11,1kg,Nut Muesli,452,452,ST,4.61,2083.72,732.24,EUR,1351.48000,0.65
.1~701,701,ZZ,01,03,01/03,/Date(1704240000000)/,1,3,151,3,02,Saxony,North,CHEMNITZ,Germany,09111,80165,12,ZZ-F11,1kg Nut Muesli,Finished Product,F11,1kg,Nut Muesli,484,484,ST,4.61,2231.24,784.08,EUR,1447.16000,0.65
.1~700,700,ZZ,01,03,01/03,/Date(1704240000000)/,1,3,150,3,02,Lower Saxony,North,NIENBURG,Germany,31582,80143,12,ZZ-F11,1kg Nut Muesli,Finished Product,F11,1kg,Nut Muesli,519,519,ST,4.61,2392.59,840.78,EUR,1551.81000,0.65
.1~699,699,ZZ,01,03,01/03,/Date(1704240000000)/,1,3,148,4,02,Nrth Rhine Westfalia,West,HÜCKELHOVEN,Germany,41836,80156,12,ZZ-F11,1kg Nut Muesli,Finished Product,F11,1kg,Nut Muesli,502,502,ST,4.61,2314.22,813.24,EUR,1500.98000,0.65
.1~698,698,ZZ,01,03,01/03,/Date(1704240000000)/,1,3,150,2,02,Lower Saxony,North,NIENBURG,Germany,31582,80143,12,ZZ-F11,1kg Nut Muesli,Finished Product,F11,1kg,Nut Muesli,407,407,ST,4.61,1876.27,659.34,EUR,1216.93000,0.65
.1~697,697,ZZ,01,03,01/03,/Date(1704240000000)/,1,3,213,1,02,Bavaria,South,NÜRNBERG,Germany,90451,80125,12,ZZ-F11,1kg Nut Muesli,Finished Product,F11,1kg,Nut Muesli,486,486,ST,4.61,2240.46,787.32,EUR,1453.14000,0.65
.1~696,696,ZZ,01,03,01/03,/Date(1704240000000)/,1,3,220,3,02,Saxony,North,CHEMNITZ,Germany,09111,80165,12,ZZ-F11,1kg Nut Muesli,Finished Product,F11,1kg,Nut Muesli,501,501,ST,4.61,2309.61,811.62,EUR,1497.99000,0.65
.1~695,695,ZZ,01,03,01/03,/Date(1704240000000)/,1,3,215,4,02,Baden-Wurttemberg,South,MANNHEIM,Germany,68199,80117,12,ZZ-F11,1kg Nut Muesli,Finished Product,F11,1kg,Nut Muesli,490,490,ST,4.61,2258.90,793.80,EUR,1465.10000,0.65
.1~694,694,ZZ,01,03,01/03,/Date(1704240000000)/,1,3,219,2,02,Lower Saxony,North,NIENBURG,Germany,31582,80143,12,ZZ-F11,1kg Nut Muesli,Finished Product,F11,1kg,Nut Muesli,479,479,ST,4.61,2208.19,775.98,EUR,1432.21000,0.65
.1~693,693,ZZ,01,03,01/03,/Date(1704240000000)/,1,3,214,2,02,Hessen,South,FULDA,Germany,36037,80137,12,ZZ-F11,1kg Nut Muesli,Finished Product,F11,1kg,Nut Muesli,443,443,ST,4.61,2042.23,717.66,EUR,1324.57000,0.65
.1~692,692,ZZ,01,03,01/03,/Date(1704240000000)/,1,3,219,3,02,Lower Saxony,North,NIENBURG,Germany,31582,80143,12,ZZ-F11,1kg Nut Muesli,Finished Product,F11,1kg,Nut Muesli,509,509,ST,4.61,2346.49,824.58,EUR,1521.91000,0.65
.1~691,691,ZZ,01,03,01/03,/Date(1704240000000)/,1,3,220,2,02,Saxony,North,CHEMNITZ,Germany,09111,80165,12,ZZ-F11,1kg Nut Muesli,Finished Product,F11,1kg,Nut Muesli,506,506,ST,4.61,2332.66,819.72,EUR,1512.94000,0.65
.1~690,690,ZZ,01,03,01/03,/Date(1704240000000)/,1,3,220,1,02,Saxony,North,CHEMNITZ,Germany,09111,80165,12,ZZ-F11,1kg Nut Muesli,Finished Product,F11,1kg,Nut Muesli,398,398,ST,4.61,1834.78,644.76,EUR,1190.02000,0.65
.1~624,624,ZZ,01,02,01/02,/Date(1704153600000)/,1,2,138,1,02,Nrth Rhine Westfalia,West,DÜSSELDORF,Germany,40213,80152,12,ZZ-F11,1kg Nut Muesli,Finished Product,F11,1kg,Nut Muesli,412,412,ST,4.61,1899.32,667.44,EUR,1231.88000,0.65
.1~623,623,ZZ,01,02,01/02,/Date(1704153600000)/,1,2,137,1,02,Baden-Wurttemberg,South,GUNDELFINGEN,Germany,79194,80114,12,ZZ-F11,1kg Nut Muesli,Finished Product,F11,1kg,Nut Muesli,453,453,ST,4.61,2088.33,733.86,EUR,1354.47000,0.65
.1~622,622,ZZ,01,02,01/02,/Date(1704153600000)/,1,2,137,4,02,Baden-Wurttemberg,South,GUNDELFINGEN,Germany,79194,80114,12,ZZ-F11,1kg Nut Muesli,Finished Product,F11,1kg,Nut Muesli,428,428,ST,4.61,1973.08,693.36,EUR,1279.72000,0.65
.1~621,621,ZZ,01,02,01/02,/Date(1704153600000)/,1,2,143,2,02,Saxony-Anhalt,North,GÜNTHERSDORF,Germany,06254,80167,12,ZZ-F11,1kg Nut Muesli,Finished Product,F11,1kg,Nut Muesli,464,464,ST,4.61,2139.04,751.68,EUR,1387.36000,0.65
.1~620,620,ZZ,01,02,01/02,/Date(1704153600000)/,1,2,135,2,02,Baden-Wurttemberg,South,KARLSRUHE,Germany,76133,80115,12,ZZ-F11,1kg Nut Muesli,Finished Product,F11,1kg,Nut Muesli,453,453,ST,4.61,2088.33,733.86,EUR,1354.47000,0.65
.1~619,619,ZZ,01,02,01/02,/Date(1704153600000)/,1,2,140,4,02,Schleswig-Holstein,North,KIEL,Germany,24113,80168,12,ZZ-F11,1kg Nut Muesli,Finished Product,F11,1kg,Nut Muesli,505,505,ST,4.61,2328.05,818.10,EUR,1509.95000,0.65
.1~618,618,ZZ,01,02,01/02,/Date(1704153600000)/,1,2,135,3,02,Baden-Wurttemberg,South,KARLSRUHE,Germany,76133,80115,12,ZZ-F11,1kg Nut Muesli,Finished Product,F11,1kg,Nut Muesli,438,438,ST,4.61,2019.18,709.56,EUR,1309.62000,0.65
.1~617,617,ZZ,01,02,01/02,/Date(1704153600000)/,1,2,136,2,02,Hessen,South,MAGDEBURG,Germany,39128,80138,12,ZZ-F11,1kg Nut Muesli,Finished Product,F11,1kg,Nut Muesli,509,509,ST,4.61,2346.49,824.58,EUR,1521.91000,0.65
.1~616,616,ZZ,01,02,01/02,/Date(1704153600000)/,1,2,142,2,02,Lower Saxony,North,GÖTTINGEN,Germany,37073,80142,12,ZZ-F11,1kg Nut Muesli,Finished Product,F11,1kg,Nut Muesli,460,460,ST,4.61,2120.60,745.20,EUR,1375.40000,0.65
.1~615,615,ZZ,01,02,01/02,/Date(1704153600000)/,1,2,141,3,02,Nrth Rhine Westfalia,West,PADERBORN,Germany,33100,80159,12,ZZ-F11,1kg Nut Muesli,Finished Product,F11,1kg,Nut Muesli,404,404,ST,4.61,1862.44,654.48,EUR,1207.96000,0.65
.1~614,614,ZZ,01,02,01/02,/Date(1704153600000)/,1,2,141,4,02,Nrth Rhine Westfalia,West,PADERBORN,Germany,33100,80159,12,ZZ-F11,1kg Nut Muesli,Finished Product,F11,1kg,Nut Muesli,458,458,ST,4.61,2111.38,741.96,EUR,1369.42000,0.65
.1~551,551,ZZ,01,01,01/01,/Date(1704067200000)/,1,1,127,2,02,Baden-Wurttemberg,South,FREIBURG,Germany,79098,80113,12,ZZ-F11,1kg Nut Muesli,Finished Product,F11,1kg,Nut Muesli,516,516,ST,4.61,2378.76,835.92,EUR,1542.84000,0.65
.1~550,550,ZZ,01,01,01/01,/Date(1704067200000)/,1,1,129,3,02,Nrth Rhine Westfalia,West,DORTMUND,Germany,44339,80150,12,ZZ-F11,1kg Nut Muesli,Finished Product,F11,1kg,Nut Muesli,461,461,ST,4.61,2125.21,746.82,EUR,1378.39000,0.65
.1~549,549,ZZ,01,01,01/01,/Date(1704067200000)/,1,1,127,1,02,Baden-Wurttemberg,South,FREIBURG,Germany,79098,80113,12,ZZ-F11,1kg Nut Muesli,Finished Product,F11,1kg,Nut Muesli,405,405,ST,4.61,1867.05,656.10,EUR,1210.95000,0.65
.1~548,548,ZZ,01,01,01/01,/Date(1704067200000)/,1,1,129,2,02,Nrth Rhine Westfalia,West,DORTMUND,Germany,44339,80150,12,ZZ-F11,1kg Nut Muesli,Finished Product,F11,1kg,Nut Muesli,499,499,ST,4.61,2300.39,808.38,EUR,1492.01000,0.65
.1~547,547,ZZ,01,01,01/01,/Date(1704067200000)/,1,1,134,4,02,Bremen,North,BREMEN,Germany,28259,80133,12,ZZ-F11,1kg Nut Muesli,Finished Product,F11,1kg,Nut Muesli,473,473,ST,4.61,2180.53,766.26,EUR,1414.27000,0.65
.1~546,546,ZZ,01,01,01/01,/Date(1704067200000)/,1,1,134,3,02,Bremen,North,BREMEN,Germany,28259,80133,12,ZZ-F11,1kg Nut Muesli,Finished Product,F11,1kg,Nut Muesli,433,433,ST,4.61,1996.13,701.46,EUR,1294.67000,0.65
.1~545,545,ZZ,01,01,01/01,/Date(1704067200000)/,1,1,133,1,02,Lower Saxony,North,WOLFSBURG,Germany,38444,80147,12,ZZ-F11,1kg Nut Muesli,Finished Product,F11,1kg,Nut Muesli,476,476,ST,4.61,2194.36,771.12,EUR,1423.24000,0.65
.1~544,544,ZZ,01,01,01/01,/Date(1704067200000)/,1,1,134,2,02,Bremen,North,BREMEN,Germany,28259,80133,12,ZZ-F11,1kg Nut Muesli,Finished Product,F11,1kg,Nut Muesli,479,479,ST,4.61,2208.19,775.98,EUR,1432.21000,0.65
.1~312,312,AA,01,09,01/09,/Date(1704758400000)/,2,9,71,3,02,Bavaria,South,INGOLSTADT,Germany,85046,80121,12,AA-F11,1kg Nut Muesli,Finished Product,F11,1kg,Nut Muesli,407,407,ST,4.61,1876.27,659.34,EUR,1216.93000,0.65
.1~311,311,AA,01,09,01/09,/Date(1704758400000)/,2,9,74,2,02,Brandenburg,North,COTTBUS,Germany,03046,80132,12,AA-F11,1kg Nut Muesli,Finished Product,F11,1kg,Nut Muesli,480,480,ST,4.61,2212.80,777.60,EUR,1435.20000,0.65
.1~310,310,AA,01,09,01/09,/Date(1704758400000)/,2,9,71,1,02,Bavaria,South,INGOLSTADT,Germany,85046,80121,12,AA-F11,1kg Nut Muesli,Finished Product,F11,1kg,Nut Muesli,489,489,ST,4.61,2254.29,792.18,EUR,1462.11000,0.65
.1~309,309,AA,01,09,01/09,/Date(1704758400000)/,2,9,72,2,02,Hessen,South,MAGDEBURG,Germany,39128,80138,12,AA-F11,1kg Nut Muesli,Finished Product,F11,1kg,Nut Muesli,512,512,ST,4.61,2360.32,829.44,EUR,1530.88000,0.65
.1~308,308,AA,01,09,01/09,/Date(1704758400000)/,2,9,75,2,02,Lower Saxony,North,OLDENBURG,Germany,26121,80145,12,AA-F11,1kg Nut Muesli,Finished Product,F11,1kg,Nut Muesli,500,500,ST,4.61,2305.00,810.00,EUR,1495.00000,0.65
.1~307,307,AA,01,09,01/09,/Date(1704758400000)/,2,9,75,1,02,Lower Saxony,North,OLDENBURG,Germany,26121,80145,12,AA-F11,1kg Nut Muesli,Finished Product,F11,1kg,Nut Muesli,410,410,ST,4.61,1890.10,664.20,EUR,1225.90000,0.65
.1~306,306,AA,01,09,01/09,/Date(1704758400000)/,2,9,76,3,02,Nrth Rhine Westfalia,West,PADERBORN,Germany,33100,80159,12,AA-F11,1kg Nut Muesli,Finished Product,F11,1kg,Nut Muesli,303,303,ST,4.61,1396.83,490.86,EUR,905.97000,0.65
.1~274,274,AA,01,08,01/08,/Date(1704672000000)/,2,8,67,1,02,Nrth Rhine Westfalia,West,HÜCKELHOVEN,Germany,41836,80156,12,AA-F11,1kg Nut Muesli,Finished Product,F11,1kg,Nut Muesli,436,436,ST,4.61,2009.96,706.32,EUR,1303.64000,0.65
.1~273,273,AA,01,08,01/08,/Date(1704672000000)/,2,8,68,2,02,Nrth Rhine Westfalia,West,DORTMUND,Germany,44339,80150,12,AA-F11,1kg Nut Muesli,Finished Product,F11,1kg,Nut Muesli,480,480,ST,4.61,2212.80,777.60,EUR,1435.20000,0.65
.1~272,272,AA,01,08,01/08,/Date(1704672000000)/,2,8,61,1,02,Bavaria,South,NÜRNBERG,Germany,90451,80125,12,AA-F11,1kg Nut Muesli,Finished Product,F11,1kg,Nut Muesli,454,454,ST,4.61,2092.94,735.48,EUR,1357.46000,0.65
.1~271,271,AA,01,08,01/08,/Date(1704672000000)/,2,8,65,3,02,Mecklenburg-Vorpomm.,North,ROSTOCK,Germany,18184,80141,12,AA-F11,1kg Nut Muesli,Finished Product,F11,1kg,Nut Muesli,435,435,ST,4.61,2005.35,704.70,EUR,1300.65000,0.65
.1~270,270,AA,01,08,01/08,/Date(1704672000000)/,2,8,65,4,02,Mecklenburg-Vorpomm.,North,ROSTOCK,Germany,18184,80141,12,AA-F11,1kg Nut Muesli,Finished Product,F11,1kg,Nut Muesli,509,509,ST,4.61,2346.49,824.58,EUR,1521.91000,0.65
.1~269,269,AA,01,08,01/08,/Date(1704672000000)/,2,8,62,4,02,Baden-Wurttemberg,South,MANNHEIM,Germany,68199,80117,12,AA-F11,1kg Nut Muesli,Finished Product,F11,1kg,Nut Muesli,476,476,ST,4.61,2194.36,771.12,EUR,1423.24000,0.65
.1~244,244,AA,01,07,01/07,/Date(1704585600000)/,2,7,58,1,02,Nrth Rhine Westfalia,West,HERFORD,Germany,32052,80155,12,AA-F11,1kg Nut Muesli,Finished Product,F11,1kg,Nut Muesli,510,510,ST,4.61,2351.10,826.20,EUR,1524.90000,0.65
.1~243,243,AA,01,07,01/07,/Date(1704585600000)/,2,7,53,4,02,Bavaria,South,REGENSBURG,Germany,93053,80127,12,AA-F11,1kg Nut Muesli,Finished Product,F11,1kg,Nut Muesli,465,465,ST,4.61,2143.65,753.30,EUR,1390.35000,0.65
.1~242,242,AA,01,07,01/07,/Date(1704585600000)/,2,7,60,3,02,Nrth Rhine Westfalia,West,DÜSSELDORF,Germany,40213,80152,12,AA-F11,1kg Nut Muesli,Finished Product,F11,1kg,Nut Muesli,510,510,ST,4.61,2351.10,826.20,EUR,1524.90000,0.65
.1~241,241,AA,01,07,01/07,/Date(1704585600000)/,2,7,60,2,02,Nrth Rhine Westfalia,West,DÜSSELDORF,Germany,40213,80152,12,AA-F11,1kg Nut Muesli,Finished Product,F11,1kg,Nut Muesli,429,429,ST,4.61,1977.69,694.98,EUR,1282.71000,0.65
.1~240,240,AA,01,07,01/07,/Date(1704585600000)/,2,7,56,2,02,Hamburg,North,BUXTEHUDE,Germany,21614,80134,12,AA-F11,1kg Nut Muesli,Finished Product,F11,1kg,Nut Muesli,482,482,ST,4.61,2222.02,780.84,EUR,1441.18000,0.65
.1~239,239,AA,01,07,01/07,/Date(1704585600000)/,2,7,53,3,02,Bavaria,South,REGENSBURG,Germany,93053,80127,12,AA-F11,1kg Nut Muesli,Finished Product,F11,1kg,Nut Muesli,468,468,ST,4.61,2157.48,758.16,EUR,1399.32000,0.65
.1~238,238,AA,01,07,01/07,/Date(1704585600000)/,2,7,53,1,02,Bavaria,South,REGENSBURG,Germany,93053,80127,12,AA-F11,1kg Nut Muesli,Finished Product,F11,1kg,Nut Muesli,417,417,ST,4.61,1922.37,675.54,EUR,1246.83000,0.65
.1~237,237,AA,01,07,01/07,/Date(1704585600000)/,2,7,56,3,02,Hamburg,North,BUXTEHUDE,Germany,21614,80134,12,AA-F11,1kg Nut Muesli,Finished Product,F11,1kg,Nut Muesli,493,493,ST,4.61,2272.73,798.66,EUR,1474.07000,0.65
.1~236,236,AA,01,07,01/07,/Date(1704585600000)/,2,7,55,2,02,Hessen,South,FRANKFURT/MAIN,Germany,60386,80136,12,AA-F11,1kg Nut Muesli,Finished Product,F11,1kg,Nut Muesli,464,464,ST,4.61,2139.04,751.68,EUR,1387.36000,0.65
.1~235,235,AA,01,07,01/07,/Date(1704585600000)/,2,7,59,3,02,Nrth Rhine Westfalia,West,HÜCKELHOVEN,Germany,41836,80156,12,AA-F11,1kg Nut Muesli,Finished Product,F11,1kg,Nut Muesli,454,454,ST,4.61,2092.94,735.48,EUR,1357.46000,0.65
.1~234,234,AA,01,07,01/07,/Date(1704585600000)/,2,7,54,4,02,Baden-Wurttemberg,South,GUNDELFINGEN,Germany,79194,80114,12,AA-F11,1kg Nut Muesli,Finished Product,F11,1kg,Nut Muesli,466,466,ST,4.61,2148.26,754.92,EUR,1393.34000,0.65
.1~209,209,AA,01,06,01/06,/Date(1704499200000)/,2,6,50,3,02,Rhineland Palatinate,West,BAD KREUZNACH,Germany,55543,80163,12,AA-F11,1kg Nut Muesli,Finished Product,F11,1kg,Nut Muesli,438,438,ST,4.61,2019.18,709.56,EUR,1309.62000,0.65
.1~208,208,AA,01,06,01/06,/Date(1704499200000)/,2,6,50,1,02,Rhineland Palatinate,West,BAD KREUZNACH,Germany,55543,80163,12,AA-F11,1kg Nut Muesli,Finished Product,F11,1kg,Nut Muesli,450,450,ST,4.61,2074.50,729.00,EUR,1345.50000,0.65
.1~207,207,AA,01,06,01/06,/Date(1704499200000)/,2,6,51,3,02,Nrth Rhine Westfalia,West,BRÜHL,Germany,50321,80149,12,AA-F11,1kg Nut Muesli,Finished Product,F11,1kg,Nut Muesli,434,434,ST,4.61,2000.74,703.08,EUR,1297.66000,0.65
.1~206,206,AA,01,06,01/06,/Date(1704499200000)/,2,6,51,2,02,Nrth Rhine Westfalia,West,BRÜHL,Germany,50321,80149,12,AA-F11,1kg Nut Muesli,Finished Product,F11,1kg,Nut Muesli,409,409,ST,4.61,1885.49,662.58,EUR,1222.91000,0.65
.1~205,205,AA,01,06,01/06,/Date(1704499200000)/,2,6,52,4,02,Nrth Rhine Westfalia,West,DÜSSELDORF,Germany,40212,80151,12,AA-F11,1kg Nut Muesli,Finished Product,F11,1kg,Nut Muesli,432,432,ST,4.61,1991.52,699.84,EUR,1291.68000,0.65
.1~204,204,AA,01,06,01/06,/Date(1704499200000)/,2,6,51,1,02,Nrth Rhine Westfalia,West,BRÜHL,Germany,50321,80149,12,AA-F11,1kg Nut Muesli,Finished Product,F11,1kg,Nut Muesli,394,394,ST,4.61,1816.34,638.28,EUR,1178.06000,0.65
.1~203,203,AA,01,06,01/06,/Date(1704499200000)/,2,6,52,3,02,Nrth Rhine Westfalia,West,DÜSSELDORF,Germany,40212,80151,12,AA-F11,1kg Nut Muesli,Finished Product,F11,1kg,Nut Muesli,425,425,ST,4.61,1959.25,688.50,EUR,1270.75000,0.65
.1~202,202,AA,01,06,01/06,/Date(1704499200000)/,2,6,46,1,02,Baden-Wurttemberg,South,ALBSTADT,Germany,72458,80170,12,AA-F11,1kg Nut Muesli,Finished Product,F11,1kg,Nut Muesli,411,411,ST,4.61,1894.71,665.82,EUR,1228.89000,0.65
.1~201,201,AA,01,06,01/06,/Date(1704499200000)/,2,6,46,2,02,Baden-Wurttemberg,South,ALBSTADT,Germany,72458,80170,12,AA-F11,1kg Nut Muesli,Finished Product,F11,1kg,Nut Muesli,396,396,ST,4.61,1825.56,641.52,EUR,1184.04000,0.65
.1~200,200,AA,01,06,01/06,/Date(1704499200000)/,2,6,44,2,02,Saxony-Anhalt,North,GÜNTHERSDORF,Germany,06254,80167,12,AA-F11,1kg Nut Muesli,Finished Product,F11,1kg,Nut Muesli,507,507,ST,4.61,2337.27,821.34,EUR,1515.93000,0.65
.1~199,199,AA,01,06,01/06,/Date(1704499200000)/,2,6,49,2,02,Lower Saxony,North,OLDENBURG,Germany,26129,80144,12,AA-F11,1kg Nut Muesli,Finished Product,F11,1kg,Nut Muesli,391,391,ST,4.61,1802.51,633.42,EUR,1169.09000,0.65
.1~198,198,AA,01,06,01/06,/Date(1704499200000)/,2,6,49,4,02,Lower Saxony,North,OLDENBURG,Germany,26129,80144,12,AA-F11,1kg Nut Muesli,Finished Product,F11,1kg,Nut Muesli,418,418,ST,4.61,1926.98,677.16,EUR,1249.82000,0.65
.1~197,197,AA,01,06,01/06,/Date(1704499200000)/,2,6,47,3,02,Baden-Wurttemberg,South,KARLSRUHE,Germany,76133,80115,12,AA-F11,1kg Nut Muesli,Finished Product,F11,1kg,Nut Muesli,489,489,ST,4.61,2254.29,792.18,EUR,1462.11000,0.65
.1~169,169,AA,01,05,01/05,/Date(1704412800000)/,1,5,41,1,02,Nrth Rhine Westfalia,West,SIEGEN,Germany,57076,80160,12,AA-F11,1kg Nut Muesli,Finished Product,F11,1kg,Nut Muesli,426,426,ST,4.61,1963.86,690.12,EUR,1273.74000,0.65
.1~168,168,AA,01,05,01/05,/Date(1704412800000)/,1,5,40,2,02,Bavaria,South,WÜRZBURG,Germany,97070,80128,12,AA-F11,1kg Nut Muesli,Finished Product,F11,1kg,Nut Muesli,424,424,ST,4.61,1954.64,686.88,EUR,1267.76000,0.65
.1~167,167,AA,01,05,01/05,/Date(1704412800000)/,1,5,40,3,02,Bavaria,South,WÜRZBURG,Germany,97070,80128,12,AA-F11,1kg Nut Muesli,Finished Product,F11,1kg,Nut Muesli,494,494,ST,4.61,2277.34,800.28,EUR,1477.06000,0.65
.1~166,166,AA,01,05,01/05,/Date(1704412800000)/,1,5,35,3,02,Berlin,North,WALTERSDORF,Germany,12529,80130,12,AA-F11,1kg Nut Muesli,Finished Product,F11,1kg,Nut Muesli,397,397,ST,4.61,1830.17,643.14,EUR,1187.03000,0.65
.1~165,165,AA,01,05,01/05,/Date(1704412800000)/,1,5,35,4,02,Berlin,North,WALTERSDORF,Germany,12529,80130,12,AA-F11,1kg Nut Muesli,Finished Product,F11,1kg,Nut Muesli,396,396,ST,4.61,1825.56,641.52,EUR,1184.04000,0.65
.1~164,164,AA,01,05,01/05,/Date(1704412800000)/,1,5,38,2,02,Baden-Wurttemberg,South,ESSLINGEN,Germany,73730,80112,12,AA-F11,1kg Nut Muesli,Finished Product,F11,1kg,Nut Muesli,425,425,ST,4.61,1959.25,688.50,EUR,1270.75000,0.65
.1~163,163,AA,01,05,01/05,/Date(1704412800000)/,1,5,37,1,02,Berlin,North,BERLIN,Germany,13349,80129,12,AA-F11,1kg Nut Muesli,Finished Product,F11,1kg,Nut Muesli,400,400,ST,4.61,1844.00,648.00,EUR,1196.00000,0.65
.1~135,135,AA,01,04,01/04,/Date(1704326400000)/,1,4,29,3,02,Saxony,North,CHEMNITZ,Germany,09111,80165,12,AA-F11,1kg Nut Muesli,Finished Product,F11,1kg,Nut Muesli,461,461,ST,4.61,2125.21,746.82,EUR,1378.39000,0.65
.1~134,134,AA,01,04,01/04,/Date(1704326400000)/,1,4,33,1,02,Nrth Rhine Westfalia,West,GELSENKIRCHEN,Germany,45879,80154,12,AA-F11,1kg Nut Muesli,Finished Product,F11,1kg,Nut Muesli,451,451,ST,4.61,2079.11,730.62,EUR,1348.49000,0.65
.1~133,133,AA,01,04,01/04,/Date(1704326400000)/,1,4,31,1,02,Hamburg,North,HAMBURG,Germany,22765,80135,12,AA-F11,1kg Nut Muesli,Finished Product,F11,1kg,Nut Muesli,407,407,ST,4.61,1876.27,659.34,EUR,1216.93000,0.65
.1~132,132,AA,01,04,01/04,/Date(1704326400000)/,1,4,32,2,02,Bavaria,South,MÜNCHEN,Germany,80804,80122,12,AA-F11,1kg Nut Muesli,Finished Product,F11,1kg,Nut Muesli,517,517,ST,4.61,2383.37,837.54,EUR,1545.83000,0.65
.1~131,131,AA,01,04,01/04,/Date(1704326400000)/,1,4,32,1,02,Bavaria,South,MÜNCHEN,Germany,80804,80122,12,AA-F11,1kg Nut Muesli,Finished Product,F11,1kg,Nut Muesli,510,510,ST,4.61,2351.10,826.20,EUR,1524.90000,0.65
.1~130,130,AA,01,04,01/04,/Date(1704326400000)/,1,4,33,1,02,Nrth Rhine Westfalia,West,GELSENKIRCHEN,Germany,45879,80154,12,AA-F11,1kg Nut Muesli,Finished Product,F11,1kg,Nut Muesli,489,489,ST,4.61,2254.29,792.18,EUR,1462.11000,0.65
.1~129,129,AA,01,04,01/04,/Date(1704326400000)/,1,4,27,3,02,Baden-Wurttemberg,South,GUNDELFINGEN,Germany,79194,80114,12,AA-F11,1kg Nut Muesli,Finished Product,F11,1kg,Nut Muesli,477,477,ST,4.61,2198.97,772.74,EUR,1426.23000,0.65
.1~128,128,AA,01,04,01/04,/Date(1704326400000)/,1,4,30,1,02,Bavaria,South,MÜNCHEN,Germany,80939,80124,12,AA-F11,1kg Nut Muesli,Finished Product,F11,1kg,Nut Muesli,473,473,ST,4.61,2180.53,766.26,EUR,1414.27000,0.65
.1~127,127,AA,01,04,01/04,/Date(1704326400000)/,1,4,34,2,02,Nrth Rhine Westfalia,West,MÜNSTER,Germany,48159,80158,12,AA-F11,1kg Nut Muesli,Finished Product,F11,1kg,Nut Muesli,478,478,ST,4.61,2203.58,774.36,EUR,1429.22000,0.65
.1~92,92,AA,01,03,01/03,/Date(1704240000000)/,1,3,18,4,02,Hamburg,North,HAMBURG,Germany,22765,80135,12,AA-F11,1kg Nut Muesli,Finished Product,F11,1kg,Nut Muesli,497,497,ST,4.61,2291.17,805.14,EUR,1486.03000,0.65
.1~91,91,AA,01,03,01/03,/Date(1704240000000)/,1,3,18,1,02,Hamburg,North,HAMBURG,Germany,22765,80135,12,AA-F11,1kg Nut Muesli,Finished Product,F11,1kg,Nut Muesli,479,479,ST,4.61,2208.19,775.98,EUR,1432.21000,0.65
.1~90,90,AA,01,03,01/03,/Date(1704240000000)/,1,3,24,4,02,Nrth Rhine Westfalia,West,BRÜHL,Germany,50321,80149,12,AA-F11,1kg Nut Muesli,Finished Product,F11,1kg,Nut Muesli,505,505,ST,4.61,2328.05,818.10,EUR,1509.95000,0.65
.1~89,89,AA,01,03,01/03,/Date(1704240000000)/,1,3,25,3,02,Nrth Rhine Westfalia,West,BAD OEYNHAUSEN,Germany,32547,80148,12,AA-F11,1kg Nut Muesli,Finished Product,F11,1kg,Nut Muesli,432,432,ST,4.61,1991.52,699.84,EUR,1291.68000,0.65
.1~60,60,AA,01,02,01/02,/Date(1704153600000)/,1,2,9,3,02,Baden-Wurttemberg,South,KORNTAL,Germany,70825,80116,12,AA-F11,1kg Nut Muesli,Finished Product,F11,1kg,Nut Muesli,506,506,ST,4.61,2332.66,819.72,EUR,1512.94000,0.65
.1~59,59,AA,01,02,01/02,/Date(1704153600000)/,1,2,9,2,02,Baden-Wurttemberg,South,KORNTAL,Germany,70825,80116,12,AA-F11,1kg Nut Muesli,Finished Product,F11,1kg,Nut Muesli,513,513,ST,4.61,2364.93,831.06,EUR,1533.87000,0.65
.1~58,58,AA,01,02,01/02,/Date(1704153600000)/,1,2,16,2,02,Nrth Rhine Westfalia,West,PADERBORN,Germany,33100,80159,12,AA-F11,1kg Nut Muesli,Finished Product,F11,1kg,Nut Muesli,462,462,ST,4.61,2129.82,748.44,EUR,1381.38000,0.65
.1~57,57,AA,01,02,01/02,/Date(1704153600000)/,1,2,10,2,02,Bavaria,South,AUGSBURG,Germany,86156,80119,12,AA-F11,1kg Nut Muesli,Finished Product,F11,1kg,Nut Muesli,413,413,ST,4.61,1903.93,669.06,EUR,1234.87000,0.65
.1~56,56,AA,01,02,01/02,/Date(1704153600000)/,1,2,9,1,02,Baden-Wurttemberg,South,KORNTAL,Germany,70825,80116,12,AA-F11,1kg Nut Muesli,Finished Product,F11,1kg,Nut Muesli,509,509,ST,4.61,2346.49,824.58,EUR,1521.91000,0.65
.1~55,55,AA,01,02,01/02,/Date(1704153600000)/,1,2,13,4,02,Brandenburg,North,COTTBUS,Germany,03046,80132,12,AA-F11,1kg Nut Muesli,Finished Product,F11,1kg,Nut Muesli,479,479,ST,4.61,2208.19,775.98,EUR,1432.21000,0.65
.1~22,22,AA,01,01,01/01,/Date(1704067200000)/,1,1,6,3,02,Nrth Rhine Westfalia,West,DÜSSELDORF,Germany,40213,80152,12,AA-F11,1kg Nut Muesli,Finished Product,F11,1kg,Nut Muesli,465,465,ST,4.61,2143.65,753.30,EUR,1390.35000,0.65
.1~21,21,AA,01,01,01/01,/Date(1704067200000)/,1,1,7,4,02,Lower Saxony,North,NIENBURG,Germany,31582,80143,12,AA-F11,1kg Nut Muesli,Finished Product,F11,1kg,Nut Muesli,427,427,ST,4.61,1968.47,691.74,EUR,1276.73000,0.65
.1~34,34,AA,01,01,01/01,/Date(1704067200000)/,1,1,7,1,02,Lower Saxony,North,NIENBURG,Germany,31582,80143,12,AA-F14,1kg Raisin Muesli,Finished Product,F14,1kg,Raisin Muesli,419,419,ST,4.38,1835.22,582.41,EUR,1252.81000,0.68
.1~2075,2075,ZZ,04,05,04/05,/Date(1709596800000)/,13,65,592,4,02,Baden-Wurttemberg,South,MANNHEIM,Germany,68199,80117,12,ZZ-F14,1kg Raisin Muesli,Finished Product,F14,1kg,Raisin Muesli,317,317,ST,4.38,1388.46,440.63,EUR,947.83000,0.68
.1~2074,2074,ZZ,04,05,04/05,/Date(1709596800000)/,13,65,592,3,02,Baden-Wurttemberg,South,MANNHEIM,Germany,68199,80117,12,ZZ-F14,1kg Raisin Muesli,Finished Product,F14,1kg,Raisin Muesli,485,485,ST,4.38,2124.30,674.15,EUR,1450.15000,0.68
.1~2073,2073,ZZ,04,05,04/05,/Date(1709596800000)/,13,65,592,1,02,Baden-Wurttemberg,South,MANNHEIM,Germany,68199,80117,12,ZZ-F14,1kg Raisin Muesli,Finished Product,F14,1kg,Raisin Muesli,459,459,ST,4.38,2010.42,638.01,EUR,1372.41000,0.68
.1~2062,2062,ZZ,04,04,04/04,/Date(1709510400000)/,13,64,589,3,02,Nrth Rhine Westfalia,West,DORTMUND,Germany,44339,80150,12,ZZ-F14,1kg Raisin Muesli,Finished Product,F14,1kg,Raisin Muesli,431,431,ST,4.38,1887.78,599.09,EUR,1288.69000,0.68
.1~2061,2061,ZZ,04,04,04/04,/Date(1709510400000)/,13,64,589,4,02,Nrth Rhine Westfalia,West,DORTMUND,Germany,44339,80150,12,ZZ-F14,1kg Raisin Muesli,Finished Product,F14,1kg,Raisin Muesli,525,525,ST,4.38,2299.50,729.75,EUR,1569.75000,0.68
.1~2060,2060,ZZ,04,04,04/04,/Date(1709510400000)/,13,64,589,2,02,Nrth Rhine Westfalia,West,DORTMUND,Germany,44339,80150,12,ZZ-F14,1kg Raisin Muesli,Finished Product,F14,1kg,Raisin Muesli,487,487,ST,4.38,2133.06,676.93,EUR,1456.13000,0.68
.1~2059,2059,ZZ,04,04,04/04,/Date(1709510400000)/,13,64,589,1,02,Nrth Rhine Westfalia,West,DORTMUND,Germany,44339,80150,12,ZZ-F14,1kg Raisin Muesli,Finished Product,F14,1kg,Raisin Muesli,540,540,ST,4.38,2365.20,750.60,EUR,1614.60000,0.68
.1~2058,2058,ZZ,04,04,04/04,/Date(1709510400000)/,13,64,590,2,02,Nrth Rhine Westfalia,West,MÜNSTER,Germany,48159,80158,12,ZZ-F14,1kg Raisin Muesli,Finished Product,F14,1kg,Raisin Muesli,413,413,ST,4.38,1808.94,574.07,EUR,1234.87000,0.68
.1~2057,2057,ZZ,04,04,04/04,/Date(1709510400000)/,13,64,590,1,02,Nrth Rhine Westfalia,West,MÜNSTER,Germany,48159,80158,12,ZZ-F14,1kg Raisin Muesli,Finished Product,F14,1kg,Raisin Muesli,471,471,ST,4.38,2062.98,654.69,EUR,1408.29000,0.68
.1~2056,2056,ZZ,04,04,04/04,/Date(1709510400000)/,13,64,591,1,02,Rhineland Palatinate,West,BAD KREUZNACH,Germany,55543,80163,12,ZZ-F14,1kg Raisin Muesli,Finished Product,F14,1kg,Raisin Muesli,427,427,ST,4.38,1870.26,593.53,EUR,1276.73000,0.68
.1~2055,2055,ZZ,04,04,04/04,/Date(1709510400000)/,13,64,591,3,02,Rhineland Palatinate,West,BAD KREUZNACH,Germany,55543,80163,12,ZZ-F14,1kg Raisin Muesli,Finished Product,F14,1kg,Raisin Muesli,440,440,ST,4.38,1927.20,611.60,EUR,1315.60000,0.68
.1~2054,2054,ZZ,04,04,04/04,/Date(1709510400000)/,13,64,583,1,02,Baden-Wurttemberg,South,GUNDELFINGEN,Germany,79194,80114,12,ZZ-F14,1kg Raisin Muesli,Finished Product,F14,1kg,Raisin Muesli,444,444,ST,4.38,1944.72,617.16,EUR,1327.56000,0.68
.1~2053,2053,ZZ,04,04,04/04,/Date(1709510400000)/,13,64,583,2,02,Baden-Wurttemberg,South,GUNDELFINGEN,Germany,79194,80114,12,ZZ-F14,1kg Raisin Muesli,Finished Product,F14,1kg,Raisin Muesli,423,423,ST,4.38,1852.74,587.97,EUR,1264.77000,0.68
.1~2052,2052,ZZ,04,04,04/04,/Date(1709510400000)/,13,64,588,1,02,Lower Saxony,North,WOLFSBURG,Germany,38444,80147,12,ZZ-F14,1kg Raisin Muesli,Finished Product,F14,1kg,Raisin Muesli,521,521,ST,4.38,2281.98,724.19,EUR,1557.79000,0.68
.1~2051,2051,ZZ,04,04,04/04,/Date(1709510400000)/,13,64,584,3,02,Bavaria,South,NÜRNBERG,Germany,90451,80125,12,ZZ-F14,1kg Raisin Muesli,Finished Product,F14,1kg,Raisin Muesli,513,513,ST,4.38,2246.94,713.07,EUR,1533.87000,0.68
.1~2050,2050,ZZ,04,04,04/04,/Date(1709510400000)/,13,64,585,4,02,Hessen,South,FULDA,Germany,36037,80137,12,ZZ-F14,1kg Raisin Muesli,Finished Product,F14,1kg,Raisin Muesli,430,430,ST,4.38,1883.40,597.70,EUR,1285.70000,0.68
.1~2049,2049,ZZ,04,04,04/04,/Date(1709510400000)/,13,64,585,3,02,Hessen,South,FULDA,Germany,36037,80137,12,ZZ-F14,1kg Raisin Muesli,Finished Product,F14,1kg,Raisin Muesli,522,522,ST,4.38,2286.36,725.58,EUR,1560.78000,0.68
.1~2048,2048,ZZ,04,04,04/04,/Date(1709510400000)/,13,64,585,2,02,Hessen,South,FULDA,Germany,36037,80137,12,ZZ-F14,1kg Raisin Muesli,Finished Product,F14,1kg,Raisin Muesli,439,439,ST,4.38,1922.82,610.21,EUR,1312.61000,0.68
.1~2047,2047,ZZ,04,04,04/04,/Date(1709510400000)/,13,64,586,1,02,Brandenburg,North,COTTBUS,Germany,03046,80132,12,ZZ-F14,1kg Raisin Muesli,Finished Product,F14,1kg,Raisin Muesli,536,536,ST,4.38,2347.68,745.04,EUR,1602.64000,0.68
.1~2046,2046,ZZ,04,04,04/04,/Date(1709510400000)/,13,64,586,2,02,Brandenburg,North,COTTBUS,Germany,03046,80132,12,ZZ-F14,1kg Raisin Muesli,Finished Product,F14,1kg,Raisin Muesli,489,489,ST,4.38,2141.82,679.71,EUR,1462.11000,0.68
.1~2045,2045,ZZ,04,04,04/04,/Date(1709510400000)/,13,64,587,1,02,Lower Saxony,North,UELZEN,Germany,29525,80146,12,ZZ-F14,1kg Raisin Muesli,Finished Product,F14,1kg,Raisin Muesli,532,532,ST,4.38,2330.16,739.48,EUR,1590.68000,0.68
.1~2044,2044,ZZ,04,04,04/04,/Date(1709510400000)/,13,64,587,4,02,Lower Saxony,North,UELZEN,Germany,29525,80146,12,ZZ-F14,1kg Raisin Muesli,Finished Product,F14,1kg,Raisin Muesli,480,480,ST,4.38,2102.40,667.20,EUR,1435.20000,0.68
.1~2043,2043,ZZ,04,04,04/04,/Date(1709510400000)/,13,64,587,2,02,Lower Saxony,North,UELZEN,Germany,29525,80146,12,ZZ-F14,1kg Raisin Muesli,Finished Product,F14,1kg,Raisin Muesli,524,524,ST,4.38,2295.12,728.36,EUR,1566.76000,0.68
.1~2030,2030,ZZ,04,03,04/03,/Date(1709424000000)/,13,63,580,2,02,Nrth Rhine Westfalia,West,SIEGEN,Germany,57076,80160,12,ZZ-F14,1kg Raisin Muesli,Finished Product,F14,1kg,Raisin Muesli,528,528,ST,4.38,2312.64,733.92,EUR,1578.72000,0.68
.1~2029,2029,ZZ,04,03,04/03,/Date(1709424000000)/,13,63,574,3,02,Bavaria,South,NÜRNBERG,Germany,90451,80125,12,ZZ-F14,1kg Raisin Muesli,Finished Product,F14,1kg,Raisin Muesli,530,530,ST,4.38,2321.40,736.70,EUR,1584.70000,0.68
.1~2028,2028,ZZ,04,03,04/03,/Date(1709424000000)/,13,63,574,2,02,Bavaria,South,NÜRNBERG,Germany,90451,80125,12,ZZ-F14,1kg Raisin Muesli,Finished Product,F14,1kg,Raisin Muesli,501,501,ST,4.38,2194.38,696.39,EUR,1497.99000,0.68
.1~2027,2027,ZZ,04,03,04/03,/Date(1709424000000)/,13,63,579,3,02,Schleswig-Holstein,North,NEUMÜNSTER,Germany,24537,80169,12,ZZ-F14,1kg Raisin Muesli,Finished Product,F14,1kg,Raisin Muesli,411,411,ST,4.38,1800.18,571.29,EUR,1228.89000,0.68
.1~2026,2026,ZZ,04,03,04/03,/Date(1709424000000)/,13,63,577,1,02,Hamburg,North,BUXTEHUDE,Germany,21614,80134,12,ZZ-F14,1kg Raisin Muesli,Finished Product,F14,1kg,Raisin Muesli,475,475,ST,4.38,2080.50,660.25,EUR,1420.25000,0.68
.1~2025,2025,ZZ,04,03,04/03,/Date(1709424000000)/,13,63,580,4,02,Nrth Rhine Westfalia,West,SIEGEN,Germany,57076,80160,12,ZZ-F14,1kg Raisin Muesli,Finished Product,F14,1kg,Raisin Muesli,533,533,ST,4.38,2334.54,740.87,EUR,1593.67000,0.68
.1~2024,2024,ZZ,04,03,04/03,/Date(1709424000000)/,13,63,582,2,02,Nrth Rhine Westfalia,West,BAD OEYNHAUSEN,Germany,32547,80148,12,ZZ-F14,1kg Raisin Muesli,Finished Product,F14,1kg,Raisin Muesli,507,507,ST,4.38,2220.66,704.73,EUR,1515.93000,0.68
.1~2023,2023,ZZ,04,03,04/03,/Date(1709424000000)/,13,63,582,3,02,Nrth Rhine Westfalia,West,BAD OEYNHAUSEN,Germany,32547,80148,12,ZZ-F14,1kg Raisin Muesli,Finished Product,F14,1kg,Raisin Muesli,428,428,ST,4.38,1874.64,594.92,EUR,1279.72000,0.68
.1~1997,1997,ZZ,04,02,04/02,/Date(1709337600000)/,13,62,570,2,02,Berlin,North,WALTERSDORF,Germany,12529,80130,12,ZZ-F14,1kg Raisin Muesli,Finished Product,F14,1kg,Raisin Muesli,546,546,ST,4.38,2391.48,758.94,EUR,1632.54000,0.68
.1~1996,1996,ZZ,04,02,04/02,/Date(1709337600000)/,13,62,572,2,02,Nrth Rhine Westfalia,West,HÜCKELHOVEN,Germany,41836,80156,12,ZZ-F14,1kg Raisin Muesli,Finished Product,F14,1kg,Raisin Muesli,478,478,ST,4.38,2093.64,664.42,EUR,1429.22000,0.68
.1~1995,1995,ZZ,04,02,04/02,/Date(1709337600000)/,13,62,572,1,02,Nrth Rhine Westfalia,West,HÜCKELHOVEN,Germany,41836,80156,12,ZZ-F14,1kg Raisin Muesli,Finished Product,F14,1kg,Raisin Muesli,495,495,ST,4.38,2168.10,688.05,EUR,1480.05000,0.68
.1~1994,1994,ZZ,04,02,04/02,/Date(1709337600000)/,13,62,567,0,02,Baden-Wurttemberg,South,FREIBURG,Germany,79098,80113,12,ZZ-F14,1kg Raisin Muesli,Finished Product,F14,1kg,Raisin Muesli,416,416,ST,4.38,1822.08,578.24,EUR,1243.84000,0.68
.1~1993,1993,ZZ,04,02,04/02,/Date(1709337600000)/,13,62,569,1,02,Lower Saxony,North,UELZEN,Germany,29525,80146,12,ZZ-F14,1kg Raisin Muesli,Finished Product,F14,1kg,Raisin Muesli,515,515,ST,4.38,2255.70,715.85,EUR,1539.85000,0.68
.1~1992,1992,ZZ,04,02,04/02,/Date(1709337600000)/,13,62,568,3,02,Lower Saxony,North,OLDENBURG,Germany,26121,80145,12,ZZ-F14,1kg Raisin Muesli,Finished Product,F14,1kg,Raisin Muesli,541,541,ST,4.38,2369.58,751.99,EUR,1617.59000,0.68
.1~1969,1969,ZZ,04,01,04/01,/Date(1709251200000)/,13,61,562,1,02,Schleswig-Holstein,North,NEUMÜNSTER,Germany,24537,80169,12,ZZ-F14,1kg Raisin Muesli,Finished Product,F14,1kg,Raisin Muesli,466,466,ST,4.38,2041.08,647.74,EUR,1393.34000,0.68
.1~1968,1968,ZZ,04,01,04/01,/Date(1709251200000)/,13,61,560,4,02,Hamburg,North,BUXTEHUDE,Germany,21614,80134,12,ZZ-F14,1kg Raisin Muesli,Finished Product,F14,1kg,Raisin Muesli,461,461,ST,4.38,2019.18,640.79,EUR,1378.39000,0.68
.1~1967,1967,ZZ,04,01,04/01,/Date(1709251200000)/,13,61,563,2,02,Nrth Rhine Westfalia,West,HERFORD,Germany,32052,80155,12,ZZ-F14,1kg Raisin Muesli,Finished Product,F14,1kg,Raisin Muesli,508,508,ST,4.38,2225.04,706.12,EUR,1518.92000,0.68
.1~1966,1966,ZZ,04,01,04/01,/Date(1709251200000)/,13,61,564,1,02,Nrth Rhine Westfalia,West,VELBERT,Germany,42551,80161,12,ZZ-F14,1kg Raisin Muesli,Finished Product,F14,1kg,Raisin Muesli,524,524,ST,4.38,2295.12,728.36,EUR,1566.76000,0.68
.1~1965,1965,ZZ,04,01,04/01,/Date(1709251200000)/,13,61,559,1,02,Hessen,South,FRANKFURT/MAIN,Germany,60386,80136,12,ZZ-F14,1kg Raisin Muesli,Finished Product,F14,1kg,Raisin Muesli,436,436,ST,4.38,1909.68,606.04,EUR,1303.64000,0.68
.1~1964,1964,ZZ,04,01,04/01,/Date(1709251200000)/,13,61,558,1,02,Hessen,South,MARBURG,Germany,35037,80139,12,ZZ-F14,1kg Raisin Muesli,Finished Product,F14,1kg,Raisin Muesli,466,466,ST,4.38,2041.08,647.74,EUR,1393.34000,0.68
.1~1963,1963,ZZ,04,01,04/01,/Date(1709251200000)/,13,61,557,2,02,Hessen,South,MAGDEBURG,Germany,39128,80138,12,ZZ-F14,1kg Raisin Muesli,Finished Product,F14,1kg,Raisin Muesli,446,446,ST,4.38,1953.48,619.94,EUR,1333.54000,0.68
.1~1945,1945,ZZ,03,20,03/20,/Date(1709164800000)/,12,60,552,2,02,Hamburg,North,HAMBURG,Germany,22765,80135,12,ZZ-F14,1kg Raisin Muesli,Finished Product,F14,1kg,Raisin Muesli,451,451,ST,4.38,1975.38,626.89,EUR,1348.49000,0.68
.1~1944,1944,ZZ,03,20,03/20,/Date(1709164800000)/,12,60,554,1,02,Nrth Rhine Westfalia,West,HÜCKELHOVEN,Germany,41836,80156,12,ZZ-F14,1kg Raisin Muesli,Finished Product,F14,1kg,Raisin Muesli,465,465,ST,4.38,2036.70,646.35,EUR,1390.35000,0.68
.1~1943,1943,ZZ,03,20,03/20,/Date(1709164800000)/,12,60,554,2,02,Nrth Rhine Westfalia,West,HÜCKELHOVEN,Germany,41836,80156,12,ZZ-F14,1kg Raisin Muesli,Finished Product,F14,1kg,Raisin Muesli,431,431,ST,4.38,1887.78,599.09,EUR,1288.69000,0.68
.1~1942,1942,ZZ,03,20,03/20,/Date(1709164800000)/,12,60,550,3,02,Bavaria,South,MÜNCHEN,Germany,80804,80122,12,ZZ-F14,1kg Raisin Muesli,Finished Product,F14,1kg,Raisin Muesli,520,520,ST,4.38,2277.60,722.80,EUR,1554.80000,0.68
.1~1941,1941,ZZ,03,20,03/20,/Date(1709164800000)/,12,60,551,4,02,Bavaria,South,WÜRZBURG,Germany,97070,80128,12,ZZ-F14,1kg Raisin Muesli,Finished Product,F14,1kg,Raisin Muesli,516,516,ST,4.38,2260.08,717.24,EUR,1542.84000,0.68
.1~1940,1940,ZZ,03,20,03/20,/Date(1709164800000)/,12,60,550,2,02,Bavaria,South,MÜNCHEN,Germany,80804,80122,12,ZZ-F14,1kg Raisin Muesli,Finished Product,F14,1kg,Raisin Muesli,425,425,ST,4.38,1861.50,590.75,EUR,1270.75000,0.68
.1~1939,1939,ZZ,03,20,03/20,/Date(1709164800000)/,12,60,554,3,02,Nrth Rhine Westfalia,West,HÜCKELHOVEN,Germany,41836,80156,12,ZZ-F14,1kg Raisin Muesli,Finished Product,F14,1kg,Raisin Muesli,500,500,ST,4.38,2190.00,695.00,EUR,1495.00000,0.68
.1~1913,1913,ZZ,03,19,03/19,/Date(1709078400000)/,12,59,540,4,02,Bavaria,South,INGOLSTADT,Germany,85046,80121,12,ZZ-F14,1kg Raisin Muesli,Finished Product,F14,1kg,Raisin Muesli,543,543,ST,4.38,2378.34,754.77,EUR,1623.57000,0.68
.1~1912,1912,ZZ,03,19,03/19,/Date(1709078400000)/,12,59,548,2,02,Rhineland Palatinate,West,TRIER,Germany,54290,80164,12,ZZ-F14,1kg Raisin Muesli,Finished Product,F14,1kg,Raisin Muesli,441,441,ST,4.38,1931.58,612.99,EUR,1318.59000,0.68
.1~1911,1911,ZZ,03,19,03/19,/Date(1709078400000)/,12,59,547,1,02,Nrth Rhine Westfalia,West,PADERBORN,Germany,33100,80159,12,ZZ-F14,1kg Raisin Muesli,Finished Product,F14,1kg,Raisin Muesli,462,462,ST,4.38,2023.56,642.18,EUR,1381.38000,0.68
.1~1910,1910,ZZ,03,19,03/19,/Date(1709078400000)/,12,59,543,1,02,Lower Saxony,North,WOLFSBURG,Germany,38444,80147,12,ZZ-F14,1kg Raisin Muesli,Finished Product,F14,1kg,Raisin Muesli,478,478,ST,4.38,2093.64,664.42,EUR,1429.22000,0.68
.1~1909,1909,ZZ,03,19,03/19,/Date(1709078400000)/,12,59,546,3,02,Nrth Rhine Westfalia,West,DÜSSELDORF,Germany,40212,80151,12,ZZ-F14,1kg Raisin Muesli,Finished Product,F14,1kg,Raisin Muesli,415,415,ST,4.38,1817.70,576.85,EUR,1240.85000,0.68
.1~1908,1908,ZZ,03,19,03/19,/Date(1709078400000)/,12,59,543,3,02,Lower Saxony,North,WOLFSBURG,Germany,38444,80147,12,ZZ-F14,1kg Raisin Muesli,Finished Product,F14,1kg,Raisin Muesli,483,483,ST,4.38,2115.54,671.37,EUR,1444.17000,0.68
.1~1907,1907,ZZ,03,19,03/19,/Date(1709078400000)/,12,59,544,3,02,Berlin,North,BERLIN,Germany,13349,80129,12,ZZ-F14,1kg Raisin Muesli,Finished Product,F14,1kg,Raisin Muesli,436,436,ST,4.38,1909.68,606.04,EUR,1303.64000,0.68
.1~1883,1883,ZZ,03,18,03/18,/Date(1708992000000)/,12,58,531,2,02,Hessen,South,WIESBADEN,Germany,65183,80140,12,ZZ-F14,1kg Raisin Muesli,Finished Product,F14,1kg,Raisin Muesli,458,458,ST,4.38,2006.04,636.62,EUR,1369.42000,0.68
.1~1882,1882,ZZ,03,18,03/18,/Date(1708992000000)/,12,58,535,4,02,Saxony,North,ZWICKAU,Germany,08058,80166,12,ZZ-F14,1kg Raisin Muesli,Finished Product,F14,1kg,Raisin Muesli,520,520,ST,4.38,2277.60,722.80,EUR,1554.80000,0.68
.1~1881,1881,ZZ,03,18,03/18,/Date(1708992000000)/,12,58,537,3,02,Nrth Rhine Westfalia,West,BRÜHL,Germany,50321,80149,12,ZZ-F14,1kg Raisin Muesli,Finished Product,F14,1kg,Raisin Muesli,468,468,ST,4.38,2049.84,650.52,EUR,1399.32000,0.68
.1~1856,1856,ZZ,03,17,03/17,/Date(1708905600000)/,12,57,527,3,02,Lower Saxony,North,GÖTTINGEN,Germany,37073,80142,12,ZZ-F14,1kg Raisin Muesli,Finished Product,F14,1kg,Raisin Muesli,479,479,ST,4.38,2098.02,665.81,EUR,1432.21000,0.68
.1~1855,1855,ZZ,03,17,03/17,/Date(1708905600000)/,12,57,527,2,02,Lower Saxony,North,GÖTTINGEN,Germany,37073,80142,12,ZZ-F14,1kg Raisin Muesli,Finished Product,F14,1kg,Raisin Muesli,447,447,ST,4.38,1957.86,621.33,EUR,1336.53000,0.68
.1~1854,1854,ZZ,03,17,03/17,/Date(1708905600000)/,12,57,527,1,02,Lower Saxony,North,GÖTTINGEN,Germany,37073,80142,12,ZZ-F14,1kg Raisin Muesli,Finished Product,F14,1kg,Raisin Muesli,542,542,ST,4.38,2373.96,753.38,EUR,1620.58000,0.68
.1~1853,1853,ZZ,03,17,03/17,/Date(1708905600000)/,12,57,528,1,02,Nrth Rhine Westfalia,West,VELBERT,Germany,42551,80161,12,ZZ-F14,1kg Raisin Muesli,Finished Product,F14,1kg,Raisin Muesli,539,539,ST,4.38,2360.82,749.21,EUR,1611.61000,0.68
.1~1852,1852,ZZ,03,17,03/17,/Date(1708905600000)/,12,57,529,1,02,Nrth Rhine Westfalia,West,DÜSSELDORF,Germany,40213,80152,12,ZZ-F14,1kg Raisin Muesli,Finished Product,F14,1kg,Raisin Muesli,424,424,ST,4.38,1857.12,589.36,EUR,1267.76000,0.68
.1~1851,1851,ZZ,03,17,03/17,/Date(1708905600000)/,12,57,522,3,02,Bavaria,South,INGOLSTADT,Germany,85055,80120,12,ZZ-F14,1kg Raisin Muesli,Finished Product,F14,1kg,Raisin Muesli,498,498,ST,4.38,2181.24,692.22,EUR,1489.02000,0.68
.1~1485,1485,ZZ,01,19,01/19,/Date(1705622400000)/,4,19,355,3,02,Brandenburg,North,COTTBUS,Germany,03046,80132,12,ZZ-F14,1kg Raisin Muesli,Finished Product,F14,1kg,Raisin Muesli,487,487,ST,4.38,2133.06,676.93,EUR,1456.13000,0.68
.1~1484,1484,ZZ,01,19,01/19,/Date(1705622400000)/,4,19,355,4,02,Brandenburg,North,COTTBUS,Germany,03046,80132,12,ZZ-F14,1kg Raisin Muesli,Finished Product,F14,1kg,Raisin Muesli,518,518,ST,4.38,2268.84,720.02,EUR,1548.82000,0.68
.1~1483,1483,ZZ,01,19,01/19,/Date(1705622400000)/,4,19,356,2,02,Nrth Rhine Westfalia,West,MÜNSTER,Germany,48159,80158,12,ZZ-F14,1kg Raisin Muesli,Finished Product,F14,1kg,Raisin Muesli,462,462,ST,4.38,2023.56,642.18,EUR,1381.38000,0.68
.1~1482,1482,ZZ,01,19,01/19,/Date(1705622400000)/,4,19,356,1,02,Nrth Rhine Westfalia,West,MÜNSTER,Germany,48159,80158,12,ZZ-F14,1kg Raisin Muesli,Finished Product,F14,1kg,Raisin Muesli,496,496,ST,4.38,2172.48,689.44,EUR,1483.04000,0.68
.1~1481,1481,ZZ,01,19,01/19,/Date(1705622400000)/,4,19,357,1,02,Lower Saxony,North,GÖTTINGEN,Germany,37073,80142,12,ZZ-F14,1kg Raisin Muesli,Finished Product,F14,1kg,Raisin Muesli,481,481,ST,4.38,2106.78,668.59,EUR,1438.19000,0.68
.1~1480,1480,ZZ,01,19,01/19,/Date(1705622400000)/,4,19,357,2,02,Lower Saxony,North,GÖTTINGEN,Germany,37073,80142,12,ZZ-F14,1kg Raisin Muesli,Finished Product,F14,1kg,Raisin Muesli,428,428,ST,4.38,1874.64,594.92,EUR,1279.72000,0.68
.1~1479,1479,ZZ,01,19,01/19,/Date(1705622400000)/,4,19,357,3,02,Lower Saxony,North,GÖTTINGEN,Germany,37073,80142,12,ZZ-F14,1kg Raisin Muesli,Finished Product,F14,1kg,Raisin Muesli,99,99,ST,4.38,433.62,137.61,EUR,296.01000,0.68
.1~1478,1478,ZZ,01,19,01/19,/Date(1705622400000)/,4,19,352,2,02,Baden-Wurttemberg,South,MANNHEIM,Germany,68199,80117,12,ZZ-F14,1kg Raisin Muesli,Finished Product,F14,1kg,Raisin Muesli,541,541,ST,4.38,2369.58,751.99,EUR,1617.59000,0.68
.1~1477,1477,ZZ,01,19,01/19,/Date(1705622400000)/,4,19,352,4,02,Baden-Wurttemberg,South,MANNHEIM,Germany,68199,80117,12,ZZ-F14,1kg Raisin Muesli,Finished Product,F14,1kg,Raisin Muesli,435,435,ST,4.38,1905.30,604.65,EUR,1300.65000,0.68
.1~1476,1476,ZZ,01,19,01/19,/Date(1705622400000)/,4,19,354,3,02,Mecklenburg-Vorpomm.,North,ROSTOCK,Germany,18184,80141,12,ZZ-F14,1kg Raisin Muesli,Finished Product,F14,1kg,Raisin Muesli,434,434,ST,4.38,1900.92,603.26,EUR,1297.66000,0.68
.1~1475,1475,ZZ,01,19,01/19,/Date(1705622400000)/,4,19,354,4,02,Mecklenburg-Vorpomm.,North,ROSTOCK,Germany,18184,80141,12,ZZ-F14,1kg Raisin Muesli,Finished Product,F14,1kg,Raisin Muesli,451,451,ST,4.38,1975.38,626.89,EUR,1348.49000,0.68
.1~1474,1474,ZZ,01,19,01/19,/Date(1705622400000)/,4,19,353,3,02,Bavaria,South,MÜNCHEN,Germany,80939,80124,12,ZZ-F14,1kg Raisin Muesli,Finished Product,F14,1kg,Raisin Muesli,429,429,ST,4.38,1879.02,596.31,EUR,1282.71000,0.68
.1~1473,1473,ZZ,01,19,01/19,/Date(1705622400000)/,4,19,353,1,02,Bavaria,South,MÜNCHEN,Germany,80939,80124,12,ZZ-F14,1kg Raisin Muesli,Finished Product,F14,1kg,Raisin Muesli,456,456,ST,4.38,1997.28,633.84,EUR,1363.44000,0.68
.1~1472,1472,ZZ,01,19,01/19,/Date(1705622400000)/,4,19,353,2,02,Bavaria,South,MÜNCHEN,Germany,80939,80124,12,ZZ-F14,1kg Raisin Muesli,Finished Product,F14,1kg,Raisin Muesli,500,500,ST,4.38,2190.00,695.00,EUR,1495.00000,0.68
.1~1451,1451,ZZ,01,18,01/18,/Date(1705536000000)/,4,18,350,3,02,Nrth Rhine Westfalia,West,BAD OEYNHAUSEN,Germany,32547,80148,12,ZZ-F14,1kg Raisin Muesli,Finished Product,F14,1kg,Raisin Muesli,464,464,ST,4.38,2032.32,644.96,EUR,1387.36000,0.68
.1~1450,1450,ZZ,01,18,01/18,/Date(1705536000000)/,4,18,350,2,02,Nrth Rhine Westfalia,West,BAD OEYNHAUSEN,Germany,32547,80148,12,ZZ-F14,1kg Raisin Muesli,Finished Product,F14,1kg,Raisin Muesli,490,490,ST,4.38,2146.20,681.10,EUR,1465.10000,0.68
.1~1449,1449,ZZ,01,18,01/18,/Date(1705536000000)/,4,18,351,1,02,Nrth Rhine Westfalia,West,DORTMUND,Germany,44339,80150,12,ZZ-F14,1kg Raisin Muesli,Finished Product,F14,1kg,Raisin Muesli,435,435,ST,4.38,1905.30,604.65,EUR,1300.65000,0.68
.1~1448,1448,ZZ,01,18,01/18,/Date(1705536000000)/,4,18,351,2,02,Nrth Rhine Westfalia,West,DORTMUND,Germany,44339,80150,12,ZZ-F14,1kg Raisin Muesli,Finished Product,F14,1kg,Raisin Muesli,489,489,ST,4.38,2141.82,679.71,EUR,1462.11000,0.68
.1~1447,1447,ZZ,01,18,01/18,/Date(1705536000000)/,4,18,351,3,02,Nrth Rhine Westfalia,West,DORTMUND,Germany,44339,80150,12,ZZ-F14,1kg Raisin Muesli,Finished Product,F14,1kg,Raisin Muesli,455,455,ST,4.38,1992.90,632.45,EUR,1360.45000,0.68
.1~1446,1446,ZZ,01,18,01/18,/Date(1705536000000)/,4,18,343,2,02,Baden-Wurttemberg,South,GUNDELFINGEN,Germany,79194,80114,12,ZZ-F14,1kg Raisin Muesli,Finished Product,F14,1kg,Raisin Muesli,474,474,ST,4.38,2076.12,658.86,EUR,1417.26000,0.68
.1~1445,1445,ZZ,01,18,01/18,/Date(1705536000000)/,4,18,344,4,02,Bavaria,South,NÜRNBERG,Germany,90451,80125,12,ZZ-F14,1kg Raisin Muesli,Finished Product,F14,1kg,Raisin Muesli,456,456,ST,4.38,1997.28,633.84,EUR,1363.44000,0.68
.1~1444,1444,ZZ,01,18,01/18,/Date(1705536000000)/,4,18,345,2,02,Hessen,South,FULDA,Germany,36037,80137,12,ZZ-F14,1kg Raisin Muesli,Finished Product,F14,1kg,Raisin Muesli,496,496,ST,4.38,2172.48,689.44,EUR,1483.04000,0.68
.1~1443,1443,ZZ,01,18,01/18,/Date(1705536000000)/,4,18,346,4,02,Berlin,North,BERLIN,Germany,13349,80129,12,ZZ-F14,1kg Raisin Muesli,Finished Product,F14,1kg,Raisin Muesli,459,459,ST,4.38,2010.42,638.01,EUR,1372.41000,0.68
.1~1442,1442,ZZ,01,18,01/18,/Date(1705536000000)/,4,18,346,3,02,Berlin,North,BERLIN,Germany,13349,80129,12,ZZ-F14,1kg Raisin Muesli,Finished Product,F14,1kg,Raisin Muesli,418,418,ST,4.38,1830.84,581.02,EUR,1249.82000,0.68
.1~1415,1415,ZZ,01,17,01/17,/Date(1705449600000)/,4,17,334,2,02,Bavaria,South,NÜRNBERG,Germany,90451,80125,12,ZZ-F14,1kg Raisin Muesli,Finished Product,F14,1kg,Raisin Muesli,488,488,ST,4.38,2137.44,678.32,EUR,1459.12000,0.68
.1~1414,1414,ZZ,01,17,01/17,/Date(1705449600000)/,4,17,342,4,02,Nrth Rhine Westfalia,West,SIEGEN,Germany,57076,80160,12,ZZ-F14,1kg Raisin Muesli,Finished Product,F14,1kg,Raisin Muesli,491,491,ST,4.38,2150.58,682.49,EUR,1468.09000,0.68
.1~1413,1413,ZZ,01,17,01/17,/Date(1705449600000)/,4,17,342,2,02,Nrth Rhine Westfalia,West,SIEGEN,Germany,57076,80160,12,ZZ-F14,1kg Raisin Muesli,Finished Product,F14,1kg,Raisin Muesli,473,473,ST,4.38,2071.74,657.47,EUR,1414.27000,0.68
.1~1412,1412,ZZ,01,17,01/17,/Date(1705449600000)/,4,17,339,2,02,Nrth Rhine Westfalia,West,HÜCKELHOVEN,Germany,41836,80156,12,ZZ-F14,1kg Raisin Muesli,Finished Product,F14,1kg,Raisin Muesli,436,436,ST,4.38,1909.68,606.04,EUR,1303.64000,0.68
.1~1411,1411,ZZ,01,17,01/17,/Date(1705449600000)/,4,17,339,4,02,Nrth Rhine Westfalia,West,HÜCKELHOVEN,Germany,41836,80156,12,ZZ-F14,1kg Raisin Muesli,Finished Product,F14,1kg,Raisin Muesli,431,431,ST,4.38,1887.78,599.09,EUR,1288.69000,0.68
.1~1379,1379,ZZ,01,16,01/16,/Date(1705363200000)/,4,16,331,2,02,Lower Saxony,North,OLDENBURG,Germany,26129,80144,12,ZZ-F14,1kg Raisin Muesli,Finished Product,F14,1kg,Raisin Muesli,472,472,ST,4.38,2067.36,656.08,EUR,1411.28000,0.68
.1~1378,1378,ZZ,01,16,01/16,/Date(1705363200000)/,4,16,330,2,02,Nrth Rhine Westfalia,West,VELBERT,Germany,42551,80161,12,ZZ-F14,1kg Raisin Muesli,Finished Product,F14,1kg,Raisin Muesli,448,448,ST,4.38,1962.24,622.72,EUR,1339.52000,0.68
.1~1377,1377,ZZ,01,16,01/16,/Date(1705363200000)/,4,16,327,2,02,Baden-Wurttemberg,South,FREIBURG,Germany,79098,80113,12,ZZ-F14,1kg Raisin Muesli,Finished Product,F14,1kg,Raisin Muesli,534,534,ST,4.38,2338.92,742.26,EUR,1596.66000,0.68
.1~1376,1376,ZZ,01,16,01/16,/Date(1705363200000)/,4,16,327,0,02,Baden-Wurttemberg,South,FREIBURG,Germany,79098,80113,12,ZZ-F14,1kg Raisin Muesli,Finished Product,F14,1kg,Raisin Muesli,532,532,ST,4.38,2330.16,739.48,EUR,1590.68000,0.68
.1~1343,1343,ZZ,01,15,01/15,/Date(1705276800000)/,3,15,325,2,02,Nrth Rhine Westfalia,West,HERFORD,Germany,32052,80155,12,ZZ-F14,1kg Raisin Muesli,Finished Product,F14,1kg,Raisin Muesli,514,514,ST,4.38,2251.32,714.46,EUR,1536.86000,0.68
.1~1342,1342,ZZ,01,15,01/15,/Date(1705276800000)/,3,15,317,3,02,Hessen,South,MAGDEBURG,Germany,39128,80138,12,ZZ-F14,1kg Raisin Muesli,Finished Product,F14,1kg,Raisin Muesli,504,504,ST,4.38,2207.52,700.56,EUR,1506.96000,0.68
.1~1307,1307,ZZ,01,14,01/14,/Date(1705190400000)/,3,14,316,3,02,Nrth Rhine Westfalia,West,HÜCKELHOVEN,Germany,41836,80156,12,ZZ-F14,1kg Raisin Muesli,Finished Product,F14,1kg,Raisin Muesli,519,519,ST,4.38,2273.22,721.41,EUR,1551.81000,0.68
.1~1306,1306,ZZ,01,14,01/14,/Date(1705190400000)/,3,14,316,2,02,Nrth Rhine Westfalia,West,HÜCKELHOVEN,Germany,41836,80156,12,ZZ-F14,1kg Raisin Muesli,Finished Product,F14,1kg,Raisin Muesli,523,523,ST,4.38,2290.74,726.97,EUR,1563.77000,0.68
.1~1305,1305,ZZ,01,14,01/14,/Date(1705190400000)/,3,14,315,2,02,Rhineland Palatinate,West,TRIER,Germany,54290,80164,12,ZZ-F14,1kg Raisin Muesli,Finished Product,F14,1kg,Raisin Muesli,417,417,ST,4.38,1826.46,579.63,EUR,1246.83000,0.68
.1~1304,1304,ZZ,01,14,01/14,/Date(1705190400000)/,3,14,309,1,02,Bavaria,South,MÜNCHEN,Germany,80804,80122,12,ZZ-F14,1kg Raisin Muesli,Finished Product,F14,1kg,Raisin Muesli,485,485,ST,4.38,2124.30,674.15,EUR,1450.15000,0.68
.1~1303,1303,ZZ,01,14,01/14,/Date(1705190400000)/,3,14,309,2,02,Bavaria,South,MÜNCHEN,Germany,80804,80122,12,ZZ-F14,1kg Raisin Muesli,Finished Product,F14,1kg,Raisin Muesli,540,540,ST,4.38,2365.20,750.60,EUR,1614.60000,0.68
.1~1271,1271,ZZ,01,13,01/13,/Date(1705104000000)/,3,13,307,4,02,Nrth Rhine Westfalia,West,DÜSSELDORF,Germany,40212,80151,12,ZZ-F14,1kg Raisin Muesli,Finished Product,F14,1kg,Raisin Muesli,505,505,ST,4.38,2211.90,701.95,EUR,1509.95000,0.68
.1~1270,1270,ZZ,01,13,01/13,/Date(1705104000000)/,3,13,299,4,02,Bavaria,South,INGOLSTADT,Germany,85046,80121,12,ZZ-F14,1kg Raisin Muesli,Finished Product,F14,1kg,Raisin Muesli,491,491,ST,4.38,2150.58,682.49,EUR,1468.09000,0.68
.1~1269,1269,ZZ,01,13,01/13,/Date(1705104000000)/,3,13,305,2,02,Lower Saxony,North,UELZEN,Germany,29525,80146,12,ZZ-F14,1kg Raisin Muesli,Finished Product,F14,1kg,Raisin Muesli,425,425,ST,4.38,1861.50,590.75,EUR,1270.75000,0.68
.1~1235,1235,ZZ,01,12,01/12,/Date(1705017600000)/,3,12,290,4,02,Hessen,South,WIESBADEN,Germany,65183,80140,12,ZZ-F14,1kg Raisin Muesli,Finished Product,F14,1kg,Raisin Muesli,468,468,ST,4.38,2049.84,650.52,EUR,1399.32000,0.68
.1~1234,1234,ZZ,01,12,01/12,/Date(1705017600000)/,3,12,293,3,02,Berlin,North,WALTERSDORF,Germany,12529,80130,12,ZZ-F14,1kg Raisin Muesli,Finished Product,F14,1kg,Raisin Muesli,429,429,ST,4.38,1879.02,596.31,EUR,1282.71000,0.68
.1~1233,1233,ZZ,01,12,01/12,/Date(1705017600000)/,3,12,295,1,02,Nrth Rhine Westfalia,West,DÜSSELDORF,Germany,40213,80152,12,ZZ-F14,1kg Raisin Muesli,Finished Product,F14,1kg,Raisin Muesli,504,504,ST,4.38,2207.52,700.56,EUR,1506.96000,0.68
.1~1232,1232,ZZ,01,12,01/12,/Date(1705017600000)/,3,12,298,4,02,Nrth Rhine Westfalia,West,BRÜHL,Germany,50321,80149,12,ZZ-F14,1kg Raisin Muesli,Finished Product,F14,1kg,Raisin Muesli,499,499,ST,4.38,2185.62,693.61,EUR,1492.01000,0.68
.1~1199,1199,ZZ,01,11,01/11,/Date(1704931200000)/,3,11,281,3,02,Bavaria,South,INGOLSTADT,Germany,85055,80120,12,ZZ-F14,1kg Raisin Muesli,Finished Product,F14,1kg,Raisin Muesli,470,470,ST,4.38,2058.60,653.30,EUR,1405.30000,0.68
.1~1198,1198,ZZ,01,11,01/11,/Date(1704931200000)/,3,11,289,1,02,Nrth Rhine Westfalia,West,VELBERT,Germany,42551,80161,12,ZZ-F14,1kg Raisin Muesli,Finished Product,F14,1kg,Raisin Muesli,421,421,ST,4.38,1843.98,585.19,EUR,1258.79000,0.68
.1~1197,1197,ZZ,01,11,01/11,/Date(1704931200000)/,3,11,286,4,02,Lower Saxony,North,OLDENBURG,Germany,26121,80145,12,ZZ-F14,1kg Raisin Muesli,Finished Product,F14,1kg,Raisin Muesli,490,490,ST,4.38,2146.20,681.10,EUR,1465.10000,0.68
.1~1196,1196,ZZ,01,11,01/11,/Date(1704931200000)/,3,11,288,4,02,Nrth Rhine Westfalia,West,ESSEN,Germany,45127,80153,12,ZZ-F14,1kg Raisin Muesli,Finished Product,F14,1kg,Raisin Muesli,440,440,ST,4.38,1927.20,611.60,EUR,1315.60000,0.68
.1~1195,1195,ZZ,01,11,01/11,/Date(1704931200000)/,3,11,284,1,02,Schleswig-Holstein,North,NEUMÜNSTER,Germany,24537,80169,12,ZZ-F14,1kg Raisin Muesli,Finished Product,F14,1kg,Raisin Muesli,475,475,ST,4.38,2080.50,660.25,EUR,1420.25000,0.68
.1~1194,1194,ZZ,01,11,01/11,/Date(1704931200000)/,3,11,287,2,02,Lower Saxony,North,UELZEN,Germany,29525,80146,12,ZZ-F14,1kg Raisin Muesli,Finished Product,F14,1kg,Raisin Muesli,528,528,ST,4.38,2312.64,733.92,EUR,1578.72000,0.68
.1~1193,1193,ZZ,01,11,01/11,/Date(1704931200000)/,3,11,285,2,02,Nrth Rhine Westfalia,West,PADERBORN,Germany,33100,80159,12,ZZ-F14,1kg Raisin Muesli,Finished Product,F14,1kg,Raisin Muesli,498,498,ST,4.38,2181.24,692.22,EUR,1489.02000,0.68
.1~1163,1163,ZZ,01,10,01/10,/Date(1704844800000)/,2,10,279,4,02,Hamburg,North,BUXTEHUDE,Germany,21614,80134,12,ZZ-F14,1kg Raisin Muesli,Finished Product,F14,1kg,Raisin Muesli,452,452,ST,4.38,1979.76,628.28,EUR,1351.48000,0.68
.1~1162,1162,ZZ,01,10,01/10,/Date(1704844800000)/,2,10,276,2,02,Nrth Rhine Westfalia,West,GELSENKIRCHEN,Germany,45879,80154,12,ZZ-F14,1kg Raisin Muesli,Finished Product,F14,1kg,Raisin Muesli,492,492,ST,4.38,2154.96,683.88,EUR,1471.08000,0.68
.1~1161,1161,ZZ,01,10,01/10,/Date(1704844800000)/,2,10,273,1,02,Bavaria,South,NÜRNBERG-BUCH,Germany,90427,80126,12,ZZ-F14,1kg Raisin Muesli,Finished Product,F14,1kg,Raisin Muesli,440,440,ST,4.38,1927.20,611.60,EUR,1315.60000,0.68
.1~1160,1160,ZZ,01,10,01/10,/Date(1704844800000)/,2,10,276,4,02,Nrth Rhine Westfalia,West,GELSENKIRCHEN,Germany,45879,80154,12,ZZ-F14,1kg Raisin Muesli,Finished Product,F14,1kg,Raisin Muesli,462,462,ST,4.38,2023.56,642.18,EUR,1381.38000,0.68
.1~1159,1159,ZZ,01,10,01/10,/Date(1704844800000)/,2,10,274,4,02,Bavaria,South,REGENSBURG,Germany,93053,80127,12,ZZ-F14,1kg Raisin Muesli,Finished Product,F14,1kg,Raisin Muesli,503,503,ST,4.38,2203.14,699.17,EUR,1503.97000,0.68
.1~1127,1127,ZZ,01,09,01/09,/Date(1704758400000)/,2,9,266,4,02,Bavaria,South,MÜNCHEN,Germany,80804,80122,12,ZZ-F14,1kg Raisin Muesli,Finished Product,F14,1kg,Raisin Muesli,420,420,ST,4.38,1839.60,583.80,EUR,1255.80000,0.68
.1~1126,1126,ZZ,01,09,01/09,/Date(1704758400000)/,2,9,267,3,02,Baden-Wurttemberg,South,KORNTAL,Germany,70825,80116,12,ZZ-F14,1kg Raisin Muesli,Finished Product,F14,1kg,Raisin Muesli,542,542,ST,4.38,2373.96,753.38,EUR,1620.58000,0.68
.1~1125,1125,ZZ,01,09,01/09,/Date(1704758400000)/,2,9,269,1,02,Rhineland Palatinate,West,TRIER,Germany,54290,80164,12,ZZ-F14,1kg Raisin Muesli,Finished Product,F14,1kg,Raisin Muesli,521,521,ST,4.38,2281.98,724.19,EUR,1557.79000,0.68
.1~1091,1091,ZZ,01,08,01/08,/Date(1704672000000)/,2,8,188,2,02,Bavaria,South,REGENSBURG,Germany,93053,80127,12,ZZ-F14,1kg Raisin Muesli,Finished Product,F14,1kg,Raisin Muesli,460,460,ST,4.38,2014.80,639.40,EUR,1375.40000,0.68
.1~1090,1090,ZZ,01,08,01/08,/Date(1704672000000)/,2,8,188,4,02,Bavaria,South,REGENSBURG,Germany,93053,80127,12,ZZ-F14,1kg Raisin Muesli,Finished Product,F14,1kg,Raisin Muesli,452,452,ST,4.38,1979.76,628.28,EUR,1351.48000,0.68
.1~1089,1089,ZZ,01,08,01/08,/Date(1704672000000)/,2,8,195,4,02,Berlin,North,BERLIN,Germany,13349,80129,12,ZZ-F14,1kg Raisin Muesli,Finished Product,F14,1kg,Raisin Muesli,470,470,ST,4.38,2058.60,653.30,EUR,1405.30000,0.68
.1~1088,1088,ZZ,01,08,01/08,/Date(1704672000000)/,2,8,191,1,02,Nrth Rhine Westfalia,West,MÜNSTER,Germany,48159,80158,12,ZZ-F14,1kg Raisin Muesli,Finished Product,F14,1kg,Raisin Muesli,472,472,ST,4.38,2067.36,656.08,EUR,1411.28000,0.68
.1~1087,1087,ZZ,01,08,01/08,/Date(1704672000000)/,2,8,260,1,02,Nrth Rhine Westfalia,West,MÜNSTER,Germany,48159,80158,12,ZZ-F14,1kg Raisin Muesli,Finished Product,F14,1kg,Raisin Muesli,497,497,ST,4.38,2176.86,690.83,EUR,1486.03000,0.68
.1~1086,1086,ZZ,01,08,01/08,/Date(1704672000000)/,2,8,194,1,02,Lower Saxony,North,WOLFSBURG,Germany,38444,80147,12,ZZ-F14,1kg Raisin Muesli,Finished Product,F14,1kg,Raisin Muesli,508,508,ST,4.38,2225.04,706.12,EUR,1518.92000,0.68
.1~1085,1085,ZZ,01,08,01/08,/Date(1704672000000)/,2,8,257,2,02,Bavaria,South,REGENSBURG,Germany,93053,80127,12,ZZ-F14,1kg Raisin Muesli,Finished Product,F14,1kg,Raisin Muesli,433,433,ST,4.38,1896.54,601.87,EUR,1294.67000,0.68
.1~1084,1084,ZZ,01,08,01/08,/Date(1704672000000)/,2,8,257,4,02,Bavaria,South,REGENSBURG,Germany,93053,80127,12,ZZ-F14,1kg Raisin Muesli,Finished Product,F14,1kg,Raisin Muesli,503,503,ST,4.38,2203.14,699.17,EUR,1503.97000,0.68
.1~1083,1083,ZZ,01,08,01/08,/Date(1704672000000)/,2,8,264,4,02,Berlin,North,BERLIN,Germany,13349,80129,12,ZZ-F14,1kg Raisin Muesli,Finished Product,F14,1kg,Raisin Muesli,539,539,ST,4.38,2360.82,749.21,EUR,1611.61000,0.68
.1~1082,1082,ZZ,01,08,01/08,/Date(1704672000000)/,2,8,263,1,02,Lower Saxony,North,WOLFSBURG,Germany,38444,80147,12,ZZ-F14,1kg Raisin Muesli,Finished Product,F14,1kg,Raisin Muesli,431,431,ST,4.38,1887.78,599.09,EUR,1288.69000,0.68
.1~1081,1081,ZZ,01,08,01/08,/Date(1704672000000)/,2,8,192,2,02,Nrth Rhine Westfalia,West,ESSEN,Germany,45127,80153,12,ZZ-F14,1kg Raisin Muesli,Finished Product,F14,1kg,Raisin Muesli,508,508,ST,4.38,2225.04,706.12,EUR,1518.92000,0.68
.1~1080,1080,ZZ,01,08,01/08,/Date(1704672000000)/,2,8,261,2,02,Nrth Rhine Westfalia,West,ESSEN,Germany,45127,80153,12,ZZ-F14,1kg Raisin Muesli,Finished Product,F14,1kg,Raisin Muesli,462,462,ST,4.38,2023.56,642.18,EUR,1381.38000,0.68
.1~1019,1019,ZZ,01,07,01/07,/Date(1704585600000)/,2,7,179,1,02,Bavaria,South,MÜNCHEN,Germany,81245,80123,12,ZZ-F14,1kg Raisin Muesli,Finished Product,F14,1kg,Raisin Muesli,445,445,ST,4.38,1949.10,618.55,EUR,1330.55000,0.68
.1~1018,1018,ZZ,01,07,01/07,/Date(1704585600000)/,2,7,179,4,02,Bavaria,South,MÜNCHEN,Germany,81245,80123,12,ZZ-F14,1kg Raisin Muesli,Finished Product,F14,1kg,Raisin Muesli,421,421,ST,4.38,1843.98,585.19,EUR,1258.79000,0.68
.1~1017,1017,ZZ,01,07,01/07,/Date(1704585600000)/,2,7,179,3,02,Bavaria,South,MÜNCHEN,Germany,81245,80123,12,ZZ-F14,1kg Raisin Muesli,Finished Product,F14,1kg,Raisin Muesli,477,477,ST,4.38,2089.26,663.03,EUR,1426.23000,0.68
.1~1016,1016,ZZ,01,07,01/07,/Date(1704585600000)/,2,7,184,3,02,Lower Saxony,North,GÖTTINGEN,Germany,37073,80142,12,ZZ-F14,1kg Raisin Muesli,Finished Product,F14,1kg,Raisin Muesli,476,476,ST,4.38,2084.88,661.64,EUR,1423.24000,0.68
.1~1015,1015,ZZ,01,07,01/07,/Date(1704585600000)/,2,7,184,2,02,Lower Saxony,North,GÖTTINGEN,Germany,37073,80142,12,ZZ-F14,1kg Raisin Muesli,Finished Product,F14,1kg,Raisin Muesli,509,509,ST,4.38,2229.42,707.51,EUR,1521.91000,0.68
.1~1014,1014,ZZ,01,07,01/07,/Date(1704585600000)/,2,7,180,4,02,Bavaria,South,INGOLSTADT,Germany,85055,80120,12,ZZ-F14,1kg Raisin Muesli,Finished Product,F14,1kg,Raisin Muesli,481,481,ST,4.38,2106.78,668.59,EUR,1438.19000,0.68
.1~1013,1013,ZZ,01,07,01/07,/Date(1704585600000)/,2,7,184,1,02,Lower Saxony,North,GÖTTINGEN,Germany,37073,80142,12,ZZ-F14,1kg Raisin Muesli,Finished Product,F14,1kg,Raisin Muesli,470,470,ST,4.38,2058.60,653.30,EUR,1405.30000,0.68
.1~1012,1012,ZZ,01,07,01/07,/Date(1704585600000)/,2,7,181,2,02,Nrth Rhine Westfalia,West,BAD OEYNHAUSEN,Germany,32547,80148,12,ZZ-F14,1kg Raisin Muesli,Finished Product,F14,1kg,Raisin Muesli,428,428,ST,4.38,1874.64,594.92,EUR,1279.72000,0.68
.1~1011,1011,ZZ,01,07,01/07,/Date(1704585600000)/,2,7,181,3,02,Nrth Rhine Westfalia,West,BAD OEYNHAUSEN,Germany,32547,80148,12,ZZ-F14,1kg Raisin Muesli,Finished Product,F14,1kg,Raisin Muesli,501,501,ST,4.38,2194.38,696.39,EUR,1497.99000,0.68
.1~1010,1010,ZZ,01,07,01/07,/Date(1704585600000)/,2,7,183,2,02,Nrth Rhine Westfalia,West,MÜNSTER,Germany,48159,80158,12,ZZ-F14,1kg Raisin Muesli,Finished Product,F14,1kg,Raisin Muesli,420,420,ST,4.38,1839.60,583.80,EUR,1255.80000,0.68
.1~947,947,ZZ,01,06,01/06,/Date(1704499200000)/,2,6,243,2,02,Nrth Rhine Westfalia,West,SIEGEN,Germany,57076,80160,12,ZZ-F14,1kg Raisin Muesli,Finished Product,F14,1kg,Raisin Muesli,244,244,ST,4.38,1068.72,339.16,EUR,729.56000,0.68
.1~946,946,ZZ,01,06,01/06,/Date(1704499200000)/,2,6,241,2,02,Baden-Wurttemberg,South,STUTTGART,Germany,70173,80118,12,ZZ-F14,1kg Raisin Muesli,Finished Product,F14,1kg,Raisin Muesli,511,511,ST,4.38,2238.18,710.29,EUR,1527.89000,0.68
.1~945,945,ZZ,01,06,01/06,/Date(1704499200000)/,2,6,172,2,02,Baden-Wurttemberg,South,STUTTGART,Germany,70173,80118,12,ZZ-F14,1kg Raisin Muesli,Finished Product,F14,1kg,Raisin Muesli,450,450,ST,4.38,1971.00,625.50,EUR,1345.50000,0.68
.1~944,944,ZZ,01,06,01/06,/Date(1704499200000)/,2,6,174,2,02,Nrth Rhine Westfalia,West,SIEGEN,Germany,57076,80160,12,ZZ-F14,1kg Raisin Muesli,Finished Product,F14,1kg,Raisin Muesli,412,412,ST,4.38,1804.56,572.68,EUR,1231.88000,0.68
.1~943,943,ZZ,01,06,01/06,/Date(1704499200000)/,2,6,174,4,02,Nrth Rhine Westfalia,West,SIEGEN,Germany,57076,80160,12,ZZ-F14,1kg Raisin Muesli,Finished Product,F14,1kg,Raisin Muesli,540,540,ST,4.38,2365.20,750.60,EUR,1614.60000,0.68
.1~875,875,ZZ,01,05,01/05,/Date(1704412800000)/,1,5,162,2,02,Baden-Wurttemberg,South,ALBSTADT,Germany,72458,80170,12,ZZ-F14,1kg Raisin Muesli,Finished Product,F14,1kg,Raisin Muesli,479,479,ST,4.38,2098.02,665.81,EUR,1432.21000,0.68
.1~874,874,ZZ,01,05,01/05,/Date(1704412800000)/,1,5,161,2,02,Bavaria,South,NÜRNBERG-BUCH,Germany,90427,80126,12,ZZ-F14,1kg Raisin Muesli,Finished Product,F14,1kg,Raisin Muesli,521,521,ST,4.38,2281.98,724.19,EUR,1557.79000,0.68
.1~873,873,ZZ,01,05,01/05,/Date(1704412800000)/,1,5,161,4,02,Bavaria,South,NÜRNBERG-BUCH,Germany,90427,80126,12,ZZ-F14,1kg Raisin Muesli,Finished Product,F14,1kg,Raisin Muesli,511,511,ST,4.38,2238.18,710.29,EUR,1527.89000,0.68
.1~872,872,ZZ,01,05,01/05,/Date(1704412800000)/,1,5,164,3,02,Nrth Rhine Westfalia,West,SIEGEN,Germany,57076,80160,12,ZZ-F14,1kg Raisin Muesli,Finished Product,F14,1kg,Raisin Muesli,538,538,ST,4.38,2356.44,747.82,EUR,1608.62000,0.68
.1~871,871,ZZ,01,05,01/05,/Date(1704412800000)/,1,5,235,2,02,Nrth Rhine Westfalia,West,HÜCKELHOVEN,Germany,41836,80156,12,ZZ-F14,1kg Raisin Muesli,Finished Product,F14,1kg,Raisin Muesli,415,415,ST,4.38,1817.70,576.85,EUR,1240.85000,0.68
.1~870,870,ZZ,01,05,01/05,/Date(1704412800000)/,1,5,237,3,02,Berlin,North,BERLIN,Germany,13349,80129,12,ZZ-F14,1kg Raisin Muesli,Finished Product,F14,1kg,Raisin Muesli,488,488,ST,4.38,2137.44,678.32,EUR,1459.12000,0.68
.1~869,869,ZZ,01,05,01/05,/Date(1704412800000)/,1,5,237,4,02,Berlin,North,BERLIN,Germany,13349,80129,12,ZZ-F14,1kg Raisin Muesli,Finished Product,F14,1kg,Raisin Muesli,439,439,ST,4.38,1922.82,610.21,EUR,1312.61000,0.68
.1~868,868,ZZ,01,05,01/05,/Date(1704412800000)/,1,5,168,3,02,Berlin,North,BERLIN,Germany,13349,80129,12,ZZ-F14,1kg Raisin Muesli,Finished Product,F14,1kg,Raisin Muesli,540,540,ST,4.38,2365.20,750.60,EUR,1614.60000,0.68
.1~867,867,ZZ,01,05,01/05,/Date(1704412800000)/,1,5,168,4,02,Berlin,North,BERLIN,Germany,13349,80129,12,ZZ-F14,1kg Raisin Muesli,Finished Product,F14,1kg,Raisin Muesli,479,479,ST,4.38,2098.02,665.81,EUR,1432.21000,0.68
.1~866,866,ZZ,01,05,01/05,/Date(1704412800000)/,1,5,230,2,02,Bavaria,South,NÜRNBERG-BUCH,Germany,90427,80126,12,ZZ-F14,1kg Raisin Muesli,Finished Product,F14,1kg,Raisin Muesli,504,504,ST,4.38,2207.52,700.56,EUR,1506.96000,0.68
.1~865,865,ZZ,01,05,01/05,/Date(1704412800000)/,1,5,230,4,02,Bavaria,South,NÜRNBERG-BUCH,Germany,90427,80126,12,ZZ-F14,1kg Raisin Muesli,Finished Product,F14,1kg,Raisin Muesli,432,432,ST,4.38,1892.16,600.48,EUR,1291.68000,0.68
.1~864,864,ZZ,01,05,01/05,/Date(1704412800000)/,1,5,231,2,02,Baden-Wurttemberg,South,ALBSTADT,Germany,72458,80170,12,ZZ-F14,1kg Raisin Muesli,Finished Product,F14,1kg,Raisin Muesli,547,547,ST,4.38,2395.86,760.33,EUR,1635.53000,0.68
.1~863,863,ZZ,01,05,01/05,/Date(1704412800000)/,1,5,166,2,02,Nrth Rhine Westfalia,West,HÜCKELHOVEN,Germany,41836,80156,12,ZZ-F14,1kg Raisin Muesli,Finished Product,F14,1kg,Raisin Muesli,511,511,ST,4.38,2238.18,710.29,EUR,1527.89000,0.68
.1~803,803,ZZ,01,04,01/04,/Date(1704326400000)/,1,4,223,1,02,Bavaria,South,MÜNCHEN,Germany,80939,80124,12,ZZ-F14,1kg Raisin Muesli,Finished Product,F14,1kg,Raisin Muesli,454,454,ST,4.38,1988.52,631.06,EUR,1357.46000,0.68
.1~802,802,ZZ,01,04,01/04,/Date(1704326400000)/,1,4,159,2,02,Lower Saxony,North,OLDENBURG,Germany,26129,80144,12,ZZ-F14,1kg Raisin Muesli,Finished Product,F14,1kg,Raisin Muesli,470,470,ST,4.38,2058.60,653.30,EUR,1405.30000,0.68
.1~801,801,ZZ,01,04,01/04,/Date(1704326400000)/,1,4,228,2,02,Lower Saxony,North,OLDENBURG,Germany,26129,80144,12,ZZ-F14,1kg Raisin Muesli,Finished Product,F14,1kg,Raisin Muesli,416,416,ST,4.38,1822.08,578.24,EUR,1243.84000,0.68
.1~800,800,ZZ,01,04,01/04,/Date(1704326400000)/,1,4,154,1,02,Bavaria,South,MÜNCHEN,Germany,80939,80124,12,ZZ-F14,1kg Raisin Muesli,Finished Product,F14,1kg,Raisin Muesli,471,471,ST,4.38,2062.98,654.69,EUR,1408.29000,0.68
.1~799,799,ZZ,01,04,01/04,/Date(1704326400000)/,1,4,227,2,02,Nrth Rhine Westfalia,West,VELBERT,Germany,42551,80161,12,ZZ-F14,1kg Raisin Muesli,Finished Product,F14,1kg,Raisin Muesli,452,452,ST,4.38,1979.76,628.28,EUR,1351.48000,0.68
.1~798,798,ZZ,01,04,01/04,/Date(1704326400000)/,1,4,158,2,02,Nrth Rhine Westfalia,West,VELBERT,Germany,42551,80161,12,ZZ-F14,1kg Raisin Muesli,Finished Product,F14,1kg,Raisin Muesli,429,429,ST,4.38,1879.02,596.31,EUR,1282.71000,0.68
.1~797,797,ZZ,01,04,01/04,/Date(1704326400000)/,1,4,226,2,02,Nrth Rhine Westfalia,West,HERFORD,Germany,32052,80155,12,ZZ-F14,1kg Raisin Muesli,Finished Product,F14,1kg,Raisin Muesli,461,461,ST,4.38,2019.18,640.79,EUR,1378.39000,0.68
.1~796,796,ZZ,01,04,01/04,/Date(1704326400000)/,1,4,157,2,02,Nrth Rhine Westfalia,West,HERFORD,Germany,32052,80155,12,ZZ-F14,1kg Raisin Muesli,Finished Product,F14,1kg,Raisin Muesli,477,477,ST,4.38,2089.26,663.03,EUR,1426.23000,0.68
.1~731,731,ZZ,01,03,01/03,/Date(1704240000000)/,1,3,148,2,02,Nrth Rhine Westfalia,West,HÜCKELHOVEN,Germany,41836,80156,12,ZZ-F14,1kg Raisin Muesli,Finished Product,F14,1kg,Raisin Muesli,430,430,ST,4.38,1883.40,597.70,EUR,1285.70000,0.68
.1~730,730,ZZ,01,03,01/03,/Date(1704240000000)/,1,3,144,4,02,Bavaria,South,NÜRNBERG,Germany,90451,80125,12,ZZ-F14,1kg Raisin Muesli,Finished Product,F14,1kg,Raisin Muesli,429,429,ST,4.38,1879.02,596.31,EUR,1282.71000,0.68
.1~729,729,ZZ,01,03,01/03,/Date(1704240000000)/,1,3,147,2,02,Rhineland Palatinate,West,TRIER,Germany,54290,80164,12,ZZ-F14,1kg Raisin Muesli,Finished Product,F14,1kg,Raisin Muesli,426,426,ST,4.38,1865.88,592.14,EUR,1273.74000,0.68
.1~728,728,ZZ,01,03,01/03,/Date(1704240000000)/,1,3,148,3,02,Nrth Rhine Westfalia,West,HÜCKELHOVEN,Germany,41836,80156,12,ZZ-F14,1kg Raisin Muesli,Finished Product,F14,1kg,Raisin Muesli,455,455,ST,4.38,1992.90,632.45,EUR,1360.45000,0.68
.1~727,727,ZZ,01,03,01/03,/Date(1704240000000)/,1,3,217,2,02,Nrth Rhine Westfalia,West,HÜCKELHOVEN,Germany,41836,80156,12,ZZ-F14,1kg Raisin Muesli,Finished Product,F14,1kg,Raisin Muesli,525,525,ST,4.38,2299.50,729.75,EUR,1569.75000,0.68
.1~726,726,ZZ,01,03,01/03,/Date(1704240000000)/,1,3,213,4,02,Bavaria,South,NÜRNBERG,Germany,90451,80125,12,ZZ-F14,1kg Raisin Muesli,Finished Product,F14,1kg,Raisin Muesli,452,452,ST,4.38,1979.76,628.28,EUR,1351.48000,0.68
.1~725,725,ZZ,01,03,01/03,/Date(1704240000000)/,1,3,217,3,02,Nrth Rhine Westfalia,West,HÜCKELHOVEN,Germany,41836,80156,12,ZZ-F14,1kg Raisin Muesli,Finished Product,F14,1kg,Raisin Muesli,483,483,ST,4.38,2115.54,671.37,EUR,1444.17000,0.68
.1~724,724,ZZ,01,03,01/03,/Date(1704240000000)/,1,3,216,2,02,Rhineland Palatinate,West,TRIER,Germany,54290,80164,12,ZZ-F14,1kg Raisin Muesli,Finished Product,F14,1kg,Raisin Muesli,428,428,ST,4.38,1874.64,594.92,EUR,1279.72000,0.68
.1~659,659,ZZ,01,02,01/02,/Date(1704153600000)/,1,2,139,4,02,Nrth Rhine Westfalia,West,DÜSSELDORF,Germany,40212,80151,12,ZZ-F14,1kg Raisin Muesli,Finished Product,F14,1kg,Raisin Muesli,450,450,ST,4.38,1971.00,625.50,EUR,1345.50000,0.68
.1~658,658,ZZ,01,02,01/02,/Date(1704153600000)/,1,2,137,2,02,Baden-Wurttemberg,South,GUNDELFINGEN,Germany,79194,80114,12,ZZ-F14,1kg Raisin Muesli,Finished Product,F14,1kg,Raisin Muesli,537,537,ST,4.38,2352.06,746.43,EUR,1605.63000,0.68
.1~657,657,ZZ,01,02,01/02,/Date(1704153600000)/,1,2,206,2,02,Baden-Wurttemberg,South,GUNDELFINGEN,Germany,79194,80114,12,ZZ-F14,1kg Raisin Muesli,Finished Product,F14,1kg,Raisin Muesli,466,466,ST,4.38,2041.08,647.74,EUR,1393.34000,0.68
.1~656,656,ZZ,01,02,01/02,/Date(1704153600000)/,1,2,208,4,02,Nrth Rhine Westfalia,West,DÜSSELDORF,Germany,40212,80151,12,ZZ-F14,1kg Raisin Muesli,Finished Product,F14,1kg,Raisin Muesli,475,475,ST,4.38,2080.50,660.25,EUR,1420.25000,0.68
.1~587,587,ZZ,01,01,01/01,/Date(1704067200000)/,1,1,196,0,02,Baden-Wurttemberg,South,FREIBURG,Germany,79098,80113,12,ZZ-F14,1kg Raisin Muesli,Finished Product,F14,1kg,Raisin Muesli,483,483,ST,4.38,2115.54,671.37,EUR,1444.17000,0.68
.1~586,586,ZZ,01,01,01/01,/Date(1704067200000)/,1,1,196,2,02,Baden-Wurttemberg,South,FREIBURG,Germany,79098,80113,12,ZZ-F14,1kg Raisin Muesli,Finished Product,F14,1kg,Raisin Muesli,432,432,ST,4.38,1892.16,600.48,EUR,1291.68000,0.68
.1~585,585,ZZ,01,01,01/01,/Date(1704067200000)/,1,1,196,1,02,Baden-Wurttemberg,South,FREIBURG,Germany,79098,80113,12,ZZ-F14,1kg Raisin Muesli,Finished Product,F14,1kg,Raisin Muesli,487,487,ST,4.38,2133.06,676.93,EUR,1456.13000,0.68
.1~584,584,ZZ,01,01,01/01,/Date(1704067200000)/,1,1,127,2,02,Baden-Wurttemberg,South,FREIBURG,Germany,79098,80113,12,ZZ-F14,1kg Raisin Muesli,Finished Product,F14,1kg,Raisin Muesli,464,464,ST,4.38,2032.32,644.96,EUR,1387.36000,0.68
.1~583,583,ZZ,01,01,01/01,/Date(1704067200000)/,1,1,197,2,02,Bavaria,South,NÜRNBERG,Germany,90451,80125,12,ZZ-F14,1kg Raisin Muesli,Finished Product,F14,1kg,Raisin Muesli,459,459,ST,4.38,2010.42,638.01,EUR,1372.41000,0.68
.1~582,582,ZZ,01,01,01/01,/Date(1704067200000)/,1,1,201,2,02,Lower Saxony,North,UELZEN,Germany,29525,80146,12,ZZ-F14,1kg Raisin Muesli,Finished Product,F14,1kg,Raisin Muesli,519,519,ST,4.38,2273.22,721.41,EUR,1551.81000,0.68
.1~581,581,ZZ,01,01,01/01,/Date(1704067200000)/,1,1,132,2,02,Lower Saxony,North,UELZEN,Germany,29525,80146,12,ZZ-F14,1kg Raisin Muesli,Finished Product,F14,1kg,Raisin Muesli,453,453,ST,4.38,1984.14,629.67,EUR,1354.47000,0.68
.1~580,580,ZZ,01,01,01/01,/Date(1704067200000)/,1,1,128,2,02,Bavaria,South,NÜRNBERG,Germany,90451,80125,12,ZZ-F14,1kg Raisin Muesli,Finished Product,F14,1kg,Raisin Muesli,419,419,ST,4.38,1835.22,582.41,EUR,1252.81000,0.68
.1~579,579,ZZ,01,01,01/01,/Date(1704067200000)/,1,1,199,4,02,Nrth Rhine Westfalia,West,BRÜHL,Germany,50321,80149,12,ZZ-F14,1kg Raisin Muesli,Finished Product,F14,1kg,Raisin Muesli,508,508,ST,4.38,2225.04,706.12,EUR,1518.92000,0.68
.1~578,578,ZZ,01,01,01/01,/Date(1704067200000)/,1,1,130,4,02,Nrth Rhine Westfalia,West,BRÜHL,Germany,50321,80149,12,ZZ-F14,1kg Raisin Muesli,Finished Product,F14,1kg,Raisin Muesli,531,531,ST,4.38,2325.78,738.09,EUR,1587.69000,0.68
.1~515,515,AA,01,15,01/15,/Date(1705276800000)/,3,15,126,1,02,Brandenburg,North,COTTBUS,Germany,03046,80132,12,AA-F14,1kg Raisin Muesli,Finished Product,F14,1kg,Raisin Muesli,475,475,ST,4.38,2080.50,660.25,EUR,1420.25000,0.68
.1~514,514,AA,01,15,01/15,/Date(1705276800000)/,3,15,126,2,02,Brandenburg,North,COTTBUS,Germany,03046,80132,12,AA-F14,1kg Raisin Muesli,Finished Product,F14,1kg,Raisin Muesli,434,434,ST,4.38,1900.92,603.26,EUR,1297.66000,0.68
.1~513,513,AA,01,15,01/15,/Date(1705276800000)/,3,15,123,2,02,Bavaria,South,MÜNCHEN,Germany,80939,80124,12,AA-F14,1kg Raisin Muesli,Finished Product,F14,1kg,Raisin Muesli,512,512,ST,4.38,2242.56,711.68,EUR,1530.88000,0.68
.1~512,512,AA,01,15,01/15,/Date(1705276800000)/,3,15,123,3,02,Bavaria,South,MÜNCHEN,Germany,80939,80124,12,AA-F14,1kg Raisin Muesli,Finished Product,F14,1kg,Raisin Muesli,547,547,ST,4.38,2395.86,760.33,EUR,1635.53000,0.68
.1~511,511,AA,01,15,01/15,/Date(1705276800000)/,3,15,123,1,02,Bavaria,South,MÜNCHEN,Germany,80939,80124,12,AA-F14,1kg Raisin Muesli,Finished Product,F14,1kg,Raisin Muesli,455,455,ST,4.38,1992.90,632.45,EUR,1360.45000,0.68
.1~510,510,AA,01,15,01/15,/Date(1705276800000)/,3,15,125,3,02,Hessen,South,FRANKFURT/MAIN,Germany,60386,80136,12,AA-F14,1kg Raisin Muesli,Finished Product,F14,1kg,Raisin Muesli,434,434,ST,4.38,1900.92,603.26,EUR,1297.66000,0.68
.1~509,509,AA,01,15,01/15,/Date(1705276800000)/,3,15,125,1,02,Hessen,South,FRANKFURT/MAIN,Germany,60386,80136,12,AA-F14,1kg Raisin Muesli,Finished Product,F14,1kg,Raisin Muesli,479,479,ST,4.38,2098.02,665.81,EUR,1432.21000,0.68
.1~508,508,AA,01,15,01/15,/Date(1705276800000)/,3,15,124,2,02,Bavaria,South,REGENSBURG,Germany,93053,80127,12,AA-F14,1kg Raisin Muesli,Finished Product,F14,1kg,Raisin Muesli,467,467,ST,4.38,2045.46,649.13,EUR,1396.33000,0.68
.1~507,507,AA,01,15,01/15,/Date(1705276800000)/,3,15,124,1,02,Bavaria,South,REGENSBURG,Germany,93053,80127,12,AA-F14,1kg Raisin Muesli,Finished Product,F14,1kg,Raisin Muesli,425,425,ST,4.38,1861.50,590.75,EUR,1270.75000,0.68
.1~504,504,AA,01,14,01/14,/Date(1705190400000)/,3,14,114,4,02,Bavaria,South,NÜRNBERG-BUCH,Germany,90427,80126,12,AA-F14,1kg Raisin Muesli,Finished Product,F14,1kg,Raisin Muesli,479,479,ST,4.38,2098.02,665.81,EUR,1432.21000,0.68
.1~503,503,AA,01,14,01/14,/Date(1705190400000)/,3,14,122,1,02,Nrth Rhine Westfalia,West,BAD OEYNHAUSEN,Germany,32547,80148,12,AA-F14,1kg Raisin Muesli,Finished Product,F14,1kg,Raisin Muesli,430,430,ST,4.38,1883.40,597.70,EUR,1285.70000,0.68
.1~502,502,AA,01,14,01/14,/Date(1705190400000)/,3,14,118,1,02,Lower Saxony,North,NIENBURG,Germany,31582,80143,12,AA-F14,1kg Raisin Muesli,Finished Product,F14,1kg,Raisin Muesli,457,457,ST,4.38,2001.66,635.23,EUR,1366.43000,0.68
.1~501,501,AA,01,14,01/14,/Date(1705190400000)/,3,14,122,3,02,Nrth Rhine Westfalia,West,BAD OEYNHAUSEN,Germany,32547,80148,12,AA-F14,1kg Raisin Muesli,Finished Product,F14,1kg,Raisin Muesli,477,477,ST,4.38,2089.26,663.03,EUR,1426.23000,0.68
.1~500,500,AA,01,14,01/14,/Date(1705190400000)/,3,14,120,1,02,Rhineland Palatinate,West,BAD KREUZNACH,Germany,55543,80163,12,AA-F14,1kg Raisin Muesli,Finished Product,F14,1kg,Raisin Muesli,473,473,ST,4.38,2071.74,657.47,EUR,1414.27000,0.68
.1~499,499,AA,01,14,01/14,/Date(1705190400000)/,3,14,119,3,02,Berlin,North,BERLIN,Germany,13349,80129,12,AA-F14,1kg Raisin Muesli,Finished Product,F14,1kg,Raisin Muesli,536,536,ST,4.38,2347.68,745.04,EUR,1602.64000,0.68
.1~468,468,AA,01,13,01/13,/Date(1705104000000)/,3,13,107,3,02,Bavaria,South,NÜRNBERG,Germany,90451,80125,12,AA-F14,1kg Raisin Muesli,Finished Product,F14,1kg,Raisin Muesli,505,505,ST,4.38,2211.90,701.95,EUR,1509.95000,0.68
.1~467,467,AA,01,13,01/13,/Date(1705104000000)/,3,13,109,4,02,Lower Saxony,North,GÖTTINGEN,Germany,37073,80142,12,AA-F14,1kg Raisin Muesli,Finished Product,F14,1kg,Raisin Muesli,500,500,ST,4.38,2190.00,695.00,EUR,1495.00000,0.68
.1~432,432,AA,01,12,01/12,/Date(1705017600000)/,3,12,99,4,02,Baden-Wurttemberg,South,FREIBURG,Germany,79098,80113,12,AA-F14,1kg Raisin Muesli,Finished Product,F14,1kg,Raisin Muesli,497,497,ST,4.38,2176.86,690.83,EUR,1486.03000,0.68
.1~431,431,AA,01,12,01/12,/Date(1705017600000)/,3,12,96,3,02,Baden-Wurttemberg,South,ESSLINGEN,Germany,73730,80112,12,AA-F14,1kg Raisin Muesli,Finished Product,F14,1kg,Raisin Muesli,443,443,ST,4.38,1940.34,615.77,EUR,1324.57000,0.68
.1~430,430,AA,01,12,01/12,/Date(1705017600000)/,3,12,101,2,02,Saxony,North,ZWICKAU,Germany,08058,80166,12,AA-F14,1kg Raisin Muesli,Finished Product,F14,1kg,Raisin Muesli,489,489,ST,4.38,2141.82,679.71,EUR,1462.11000,0.68
.1~429,429,AA,01,12,01/12,/Date(1705017600000)/,3,12,100,4,02,Berlin,North,WALTERSDORF,Germany,12529,80130,12,AA-F14,1kg Raisin Muesli,Finished Product,F14,1kg,Raisin Muesli,541,541,ST,4.38,2369.58,751.99,EUR,1617.59000,0.68
.1~428,428,AA,01,12,01/12,/Date(1705017600000)/,3,12,98,3,02,Bavaria,South,WÜRZBURG,Germany,97070,80128,12,AA-F14,1kg Raisin Muesli,Finished Product,F14,1kg,Raisin Muesli,443,443,ST,4.38,1940.34,615.77,EUR,1324.57000,0.68
.1~427,427,AA,01,12,01/12,/Date(1705017600000)/,3,12,98,4,02,Bavaria,South,WÜRZBURG,Germany,97070,80128,12,AA-F14,1kg Raisin Muesli,Finished Product,F14,1kg,Raisin Muesli,542,542,ST,4.38,2373.96,753.38,EUR,1620.58000,0.68
.1~396,396,AA,01,11,01/11,/Date(1704931200000)/,3,11,92,4,02,Baden-Wurttemberg,South,MANNHEIM,Germany,68199,80117,12,AA-F14,1kg Raisin Muesli,Finished Product,F14,1kg,Raisin Muesli,477,477,ST,4.38,2089.26,663.03,EUR,1426.23000,0.68
.1~395,395,AA,01,11,01/11,/Date(1704931200000)/,3,11,89,4,02,Brandenburg,North,BRANDENBURG,Germany,14772,80131,12,AA-F14,1kg Raisin Muesli,Finished Product,F14,1kg,Raisin Muesli,432,432,ST,4.38,1892.16,600.48,EUR,1291.68000,0.68
.1~394,394,AA,01,11,01/11,/Date(1704931200000)/,3,11,88,1,02,Schleswig-Holstein,North,NEUMÜNSTER,Germany,24537,80169,12,AA-F14,1kg Raisin Muesli,Finished Product,F14,1kg,Raisin Muesli,457,457,ST,4.38,2001.66,635.23,EUR,1366.43000,0.68
.1~393,393,AA,01,11,01/11,/Date(1704931200000)/,3,11,94,3,02,Nrth Rhine Westfalia,West,ESSEN,Germany,45127,80153,12,AA-F14,1kg Raisin Muesli,Finished Product,F14,1kg,Raisin Muesli,441,441,ST,4.38,1931.58,612.99,EUR,1318.59000,0.68
.1~392,392,AA,01,11,01/11,/Date(1704931200000)/,3,11,90,3,02,Bavaria,South,INGOLSTADT,Germany,85055,80120,12,AA-F14,1kg Raisin Muesli,Finished Product,F14,1kg,Raisin Muesli,499,499,ST,4.38,2185.62,693.61,EUR,1492.01000,0.68
.1~360,360,AA,01,10,01/10,/Date(1704844800000)/,2,10,82,2,02,Lower Saxony,North,UELZEN,Germany,29525,80146,12,AA-F14,1kg Raisin Muesli,Finished Product,F14,1kg,Raisin Muesli,434,434,ST,4.38,1900.92,603.26,EUR,1297.66000,0.68
.1~359,359,AA,01,10,01/10,/Date(1704844800000)/,2,10,81,3,02,Bavaria,South,INGOLSTADT,Germany,85055,80120,12,AA-F14,1kg Raisin Muesli,Finished Product,F14,1kg,Raisin Muesli,454,454,ST,4.38,1988.52,631.06,EUR,1357.46000,0.68
.1~358,358,AA,01,10,01/10,/Date(1704844800000)/,2,10,86,3,02,Nrth Rhine Westfalia,West,ESSEN,Germany,45127,80153,12,AA-F14,1kg Raisin Muesli,Finished Product,F14,1kg,Raisin Muesli,412,412,ST,4.38,1804.56,572.68,EUR,1231.88000,0.68
.1~357,357,AA,01,10,01/10,/Date(1704844800000)/,2,10,86,4,02,Nrth Rhine Westfalia,West,ESSEN,Germany,45127,80153,12,AA-F14,1kg Raisin Muesli,Finished Product,F14,1kg,Raisin Muesli,517,517,ST,4.38,2264.46,718.63,EUR,1545.83000,0.68
.1~324,324,AA,01,09,01/09,/Date(1704758400000)/,2,9,72,3,02,Hessen,South,MAGDEBURG,Germany,39128,80138,12,AA-F14,1kg Raisin Muesli,Finished Product,F14,1kg,Raisin Muesli,469,469,ST,4.38,2054.22,651.91,EUR,1402.31000,0.68
.1~323,323,AA,01,09,01/09,/Date(1704758400000)/,2,9,78,2,02,Nrth Rhine Westfalia,West,WÜRSELEN,Germany,52146,80162,12,AA-F14,1kg Raisin Muesli,Finished Product,F14,1kg,Raisin Muesli,475,475,ST,4.38,2080.50,660.25,EUR,1420.25000,0.68
.1~322,322,AA,01,09,01/09,/Date(1704758400000)/,2,9,77,3,02,Nrth Rhine Westfalia,West,KREFELD,Germany,47798,80157,12,AA-F14,1kg Raisin Muesli,Finished Product,F14,1kg,Raisin Muesli,531,531,ST,4.38,2325.78,738.09,EUR,1587.69000,0.68
.1~321,321,AA,01,09,01/09,/Date(1704758400000)/,2,9,70,3,02,Baden-Wurttemberg,South,STUTTGART,Germany,70173,80118,12,AA-F14,1kg Raisin Muesli,Finished Product,F14,1kg,Raisin Muesli,507,507,ST,4.38,2220.66,704.73,EUR,1515.93000,0.68
.1~320,320,AA,01,09,01/09,/Date(1704758400000)/,2,9,75,3,02,Lower Saxony,North,OLDENBURG,Germany,26121,80145,12,AA-F14,1kg Raisin Muesli,Finished Product,F14,1kg,Raisin Muesli,512,512,ST,4.38,2242.56,711.68,EUR,1530.88000,0.68
.1~319,319,AA,01,09,01/09,/Date(1704758400000)/,2,9,72,1,02,Hessen,South,MAGDEBURG,Germany,39128,80138,12,AA-F14,1kg Raisin Muesli,Finished Product,F14,1kg,Raisin Muesli,425,425,ST,4.38,1861.50,590.75,EUR,1270.75000,0.68
.1~318,318,AA,01,09,01/09,/Date(1704758400000)/,2,9,74,3,02,Brandenburg,North,COTTBUS,Germany,03046,80132,12,AA-F14,1kg Raisin Muesli,Finished Product,F14,1kg,Raisin Muesli,535,535,ST,4.38,2343.30,743.65,EUR,1599.65000,0.68
.1~317,317,AA,01,09,01/09,/Date(1704758400000)/,2,9,70,2,02,Baden-Wurttemberg,South,STUTTGART,Germany,70173,80118,12,AA-F14,1kg Raisin Muesli,Finished Product,F14,1kg,Raisin Muesli,511,511,ST,4.38,2238.18,710.29,EUR,1527.89000,0.68
.1~316,316,AA,01,09,01/09,/Date(1704758400000)/,2,9,70,4,02,Baden-Wurttemberg,South,STUTTGART,Germany,70173,80118,12,AA-F14,1kg Raisin Muesli,Finished Product,F14,1kg,Raisin Muesli,507,507,ST,4.38,2220.66,704.73,EUR,1515.93000,0.68
.1~288,288,AA,01,08,01/08,/Date(1704672000000)/,2,8,65,1,02,Mecklenburg-Vorpomm.,North,ROSTOCK,Germany,18184,80141,12,AA-F14,1kg Raisin Muesli,Finished Product,F14,1kg,Raisin Muesli,467,467,ST,4.38,2045.46,649.13,EUR,1396.33000,0.68
.1~287,287,AA,01,08,01/08,/Date(1704672000000)/,2,8,66,3,02,Schleswig-Holstein,North,KIEL,Germany,24113,80168,12,AA-F14,1kg Raisin Muesli,Finished Product,F14,1kg,Raisin Muesli,505,505,ST,4.38,2211.90,701.95,EUR,1509.95000,0.68
.1~286,286,AA,01,08,01/08,/Date(1704672000000)/,2,8,62,2,02,Baden-Wurttemberg,South,MANNHEIM,Germany,68199,80117,12,AA-F14,1kg Raisin Muesli,Finished Product,F14,1kg,Raisin Muesli,534,534,ST,4.38,2338.92,742.26,EUR,1596.66000,0.68
.1~285,285,AA,01,08,01/08,/Date(1704672000000)/,2,8,62,3,02,Baden-Wurttemberg,South,MANNHEIM,Germany,68199,80117,12,AA-F14,1kg Raisin Muesli,Finished Product,F14,1kg,Raisin Muesli,525,525,ST,4.38,2299.50,729.75,EUR,1569.75000,0.68
.1~284,284,AA,01,08,01/08,/Date(1704672000000)/,2,8,63,1,02,Hessen,South,FULDA,Germany,36037,80137,12,AA-F14,1kg Raisin Muesli,Finished Product,F14,1kg,Raisin Muesli,451,451,ST,4.38,1975.38,626.89,EUR,1348.49000,0.68
.1~180,180,AA,01,05,01/05,/Date(1704412800000)/,1,5,37,4,02,Berlin,North,BERLIN,Germany,13349,80129,12,AA-F14,1kg Raisin Muesli,Finished Product,F14,1kg,Raisin Muesli,463,463,ST,4.38,2027.94,643.57,EUR,1384.37000,0.68
.1~179,179,AA,01,05,01/05,/Date(1704412800000)/,1,5,35,1,02,Berlin,North,WALTERSDORF,Germany,12529,80130,12,AA-F14,1kg Raisin Muesli,Finished Product,F14,1kg,Raisin Muesli,520,520,ST,4.38,2277.60,722.80,EUR,1554.80000,0.68
.1~178,178,AA,01,05,01/05,/Date(1704412800000)/,1,5,42,3,02,Nrth Rhine Westfalia,West,DÜSSELDORF,Germany,40212,80151,12,AA-F14,1kg Raisin Muesli,Finished Product,F14,1kg,Raisin Muesli,416,416,ST,4.38,1822.08,578.24,EUR,1243.84000,0.68
.1~177,177,AA,01,05,01/05,/Date(1704412800000)/,1,5,38,1,02,Baden-Wurttemberg,South,ESSLINGEN,Germany,73730,80112,12,AA-F14,1kg Raisin Muesli,Finished Product,F14,1kg,Raisin Muesli,457,457,ST,4.38,2001.66,635.23,EUR,1366.43000,0.68
.1~144,144,AA,01,04,01/04,/Date(1704326400000)/,1,4,28,1,02,Lower Saxony,North,OLDENBURG,Germany,26129,80144,12,AA-F14,1kg Raisin Muesli,Finished Product,F14,1kg,Raisin Muesli,510,510,ST,4.38,2233.80,708.90,EUR,1524.90000,0.68
.1~143,143,AA,01,04,01/04,/Date(1704326400000)/,1,4,33,4,02,Nrth Rhine Westfalia,West,GELSENKIRCHEN,Germany,45879,80154,12,AA-F14,1kg Raisin Muesli,Finished Product,F14,1kg,Raisin Muesli,494,494,ST,4.38,2163.72,686.66,EUR,1477.06000,0.68
.1~108,108,AA,01,03,01/03,/Date(1704240000000)/,1,3,25,1,02,Nrth Rhine Westfalia,West,BAD OEYNHAUSEN,Germany,32547,80148,12,AA-F14,1kg Raisin Muesli,Finished Product,F14,1kg,Raisin Muesli,428,428,ST,4.38,1874.64,594.92,EUR,1279.72000,0.68
.1~107,107,AA,01,03,01/03,/Date(1704240000000)/,1,3,23,3,02,Bavaria,South,MÜNCHEN,Germany,81245,80123,12,AA-F14,1kg Raisin Muesli,Finished Product,F14,1kg,Raisin Muesli,413,413,ST,4.38,1808.94,574.07,EUR,1234.87000,0.68
.1~106,106,AA,01,03,01/03,/Date(1704240000000)/,1,3,21,1,02,Schleswig-Holstein,North,KIEL,Germany,24113,80168,12,AA-F14,1kg Raisin Muesli,Finished Product,F14,1kg,Raisin Muesli,484,484,ST,4.38,2119.92,672.76,EUR,1447.16000,0.68
.1~105,105,AA,01,03,01/03,/Date(1704240000000)/,1,3,19,4,02,Bremen,North,BREMEN,Germany,28259,80133,12,AA-F14,1kg Raisin Muesli,Finished Product,F14,1kg,Raisin Muesli,539,539,ST,4.38,2360.82,749.21,EUR,1611.61000,0.68
.1~104,104,AA,01,03,01/03,/Date(1704240000000)/,1,3,22,4,02,Hessen,South,WIESBADEN,Germany,65183,80140,12,AA-F14,1kg Raisin Muesli,Finished Product,F14,1kg,Raisin Muesli,463,463,ST,4.38,2027.94,643.57,EUR,1384.37000,0.68
.1~72,72,AA,01,02,01/02,/Date(1704153600000)/,1,2,12,3,02,Berlin,North,BERLIN,Germany,13349,80129,12,AA-F14,1kg Raisin Muesli,Finished Product,F14,1kg,Raisin Muesli,443,443,ST,4.38,1940.34,615.77,EUR,1324.57000,0.68
.1~71,71,AA,01,02,01/02,/Date(1704153600000)/,1,2,17,1,02,Rhineland Palatinate,West,BAD KREUZNACH,Germany,55543,80163,12,AA-F14,1kg Raisin Muesli,Finished Product,F14,1kg,Raisin Muesli,438,438,ST,4.38,1918.44,608.82,EUR,1309.62000,0.68
.1~70,70,AA,01,02,01/02,/Date(1704153600000)/,1,2,13,1,02,Brandenburg,North,COTTBUS,Germany,03046,80132,12,AA-F14,1kg Raisin Muesli,Finished Product,F14,1kg,Raisin Muesli,439,439,ST,4.38,1922.82,610.21,EUR,1312.61000,0.68
.1~36,36,AA,01,01,01/01,/Date(1704067200000)/,1,1,6,1,02,Nrth Rhine Westfalia,West,DÜSSELDORF,Germany,40213,80152,12,AA-F14,1kg Raisin Muesli,Finished Product,F14,1kg,Raisin Muesli,419,419,ST,4.38,1835.22,582.41,EUR,1252.81000,0.68
.1~35,35,AA,01,01,01/01,/Date(1704067200000)/,1,1,3,4,02,Hessen,South,FULDA,Germany,36037,80137,12,AA-F14,1kg Raisin Muesli,Finished Product,F14,1kg,Raisin Muesli,538,538,ST,4.38,2356.44,747.82,EUR,1608.62000,0.68
.1~31,31,AA,01,01,01/01,/Date(1704067200000)/,1,1,4,1,02,Lower Saxony,North,WOLFSBURG,Germany,38444,80147,12,AA-F13,1kg Strawberry Muesli,Finished Product,F13,1kg,Strawberry Muesli,372,372,ST,5.27,1960.44,848.16,EUR,1112.28000,0.57
.1~2072,2072,ZZ,04,05,04/05,/Date(1709596800000)/,13,65,592,9,02,Baden-Wurttemberg,South,MANNHEIM,Germany,68199,80117,12,ZZ-F13,1kg Strawberry Muesli,Finished Product,F13,1kg,Strawberry Muesli,46,46,ST,5.27,242.42,104.88,EUR,137.54000,0.57
.1~2042,2042,ZZ,04,04,04/04,/Date(1709510400000)/,13,64,584,1,02,Bavaria,South,NÜRNBERG,Germany,90451,80125,12,ZZ-F13,1kg Strawberry Muesli,Finished Product,F13,1kg,Strawberry Muesli,344,344,ST,5.27,1812.88,784.32,EUR,1028.56000,0.57
.1~2041,2041,ZZ,04,04,04/04,/Date(1709510400000)/,13,64,583,4,02,Baden-Wurttemberg,South,GUNDELFINGEN,Germany,79194,80114,12,ZZ-F13,1kg Strawberry Muesli,Finished Product,F13,1kg,Strawberry Muesli,342,342,ST,5.27,1802.34,779.76,EUR,1022.58000,0.57
.1~2040,2040,ZZ,04,04,04/04,/Date(1709510400000)/,13,64,585,1,02,Hessen,South,FULDA,Germany,36037,80137,12,ZZ-F13,1kg Strawberry Muesli,Finished Product,F13,1kg,Strawberry Muesli,415,415,ST,5.27,2187.05,946.20,EUR,1240.85000,0.57
.1~2022,2022,ZZ,04,03,04/03,/Date(1709424000000)/,13,63,574,4,02,Bavaria,South,NÜRNBERG,Germany,90451,80125,12,ZZ-F13,1kg Strawberry Muesli,Finished Product,F13,1kg,Strawberry Muesli,425,425,ST,5.27,2239.75,969.00,EUR,1270.75000,0.57
.1~2021,2021,ZZ,04,03,04/03,/Date(1709424000000)/,13,63,582,4,02,Nrth Rhine Westfalia,West,BAD OEYNHAUSEN,Germany,32547,80148,12,ZZ-F13,1kg Strawberry Muesli,Finished Product,F13,1kg,Strawberry Muesli,410,410,ST,5.27,2160.70,934.80,EUR,1225.90000,0.57
.1~2020,2020,ZZ,04,03,04/03,/Date(1709424000000)/,13,63,581,3,02,Nrth Rhine Westfalia,West,GELSENKIRCHEN,Germany,45879,80154,12,ZZ-F13,1kg Strawberry Muesli,Finished Product,F13,1kg,Strawberry Muesli,414,414,ST,5.27,2181.78,943.92,EUR,1237.86000,0.57
.1~2019,2019,ZZ,04,03,04/03,/Date(1709424000000)/,13,63,581,1,02,Nrth Rhine Westfalia,West,GELSENKIRCHEN,Germany,45879,80154,12,ZZ-F13,1kg Strawberry Muesli,Finished Product,F13,1kg,Strawberry Muesli,402,402,ST,5.27,2118.54,916.56,EUR,1201.98000,0.57
.1~2018,2018,ZZ,04,03,04/03,/Date(1709424000000)/,13,63,580,1,02,Nrth Rhine Westfalia,West,SIEGEN,Germany,57076,80160,12,ZZ-F13,1kg Strawberry Muesli,Finished Product,F13,1kg,Strawberry Muesli,403,403,ST,5.27,2123.81,918.84,EUR,1204.97000,0.57
.1~2017,2017,ZZ,04,03,04/03,/Date(1709424000000)/,13,63,580,3,02,Nrth Rhine Westfalia,West,SIEGEN,Germany,57076,80160,12,ZZ-F13,1kg Strawberry Muesli,Finished Product,F13,1kg,Strawberry Muesli,346,346,ST,5.27,1823.42,788.88,EUR,1034.54000,0.57
.1~2016,2016,ZZ,04,03,04/03,/Date(1709424000000)/,13,63,579,1,02,Schleswig-Holstein,North,NEUMÜNSTER,Germany,24537,80169,12,ZZ-F13,1kg Strawberry Muesli,Finished Product,F13,1kg,Strawberry Muesli,396,396,ST,5.27,2086.92,902.88,EUR,1184.04000,0.57
.1~2015,2015,ZZ,04,03,04/03,/Date(1709424000000)/,13,63,575,2,02,Baden-Wurttemberg,South,KARLSRUHE,Germany,76133,80115,12,ZZ-F13,1kg Strawberry Muesli,Finished Product,F13,1kg,Strawberry Muesli,379,379,ST,5.27,1997.33,864.12,EUR,1133.21000,0.57
.1~2014,2014,ZZ,04,03,04/03,/Date(1709424000000)/,13,63,575,3,02,Baden-Wurttemberg,South,KARLSRUHE,Germany,76133,80115,12,ZZ-F13,1kg Strawberry Muesli,Finished Product,F13,1kg,Strawberry Muesli,372,372,ST,5.27,1960.44,848.16,EUR,1112.28000,0.57
.1~2013,2013,ZZ,04,03,04/03,/Date(1709424000000)/,13,63,578,4,02,Saxony,North,ZWICKAU,Germany,08058,80166,12,ZZ-F13,1kg Strawberry Muesli,Finished Product,F13,1kg,Strawberry Muesli,415,415,ST,5.27,2187.05,946.20,EUR,1240.85000,0.57
.1~2012,2012,ZZ,04,03,04/03,/Date(1709424000000)/,13,63,578,3,02,Saxony,North,ZWICKAU,Germany,08058,80166,12,ZZ-F13,1kg Strawberry Muesli,Finished Product,F13,1kg,Strawberry Muesli,383,383,ST,5.27,2018.41,873.24,EUR,1145.17000,0.57
.1~2011,2011,ZZ,04,03,04/03,/Date(1709424000000)/,13,63,578,2,02,Saxony,North,ZWICKAU,Germany,08058,80166,12,ZZ-F13,1kg Strawberry Muesli,Finished Product,F13,1kg,Strawberry Muesli,379,379,ST,5.27,1997.33,864.12,EUR,1133.21000,0.57
.1~2010,2010,ZZ,04,03,04/03,/Date(1709424000000)/,13,63,578,1,02,Saxony,North,ZWICKAU,Germany,08058,80166,12,ZZ-F13,1kg Strawberry Muesli,Finished Product,F13,1kg,Strawberry Muesli,399,399,ST,5.27,2102.73,909.72,EUR,1193.01000,0.57
.1~2009,2009,ZZ,04,03,04/03,/Date(1709424000000)/,13,63,577,2,02,Hamburg,North,BUXTEHUDE,Germany,21614,80134,12,ZZ-F13,1kg Strawberry Muesli,Finished Product,F13,1kg,Strawberry Muesli,386,386,ST,5.27,2034.22,880.08,EUR,1154.14000,0.57
.1~2008,2008,ZZ,04,03,04/03,/Date(1709424000000)/,13,63,577,3,02,Hamburg,North,BUXTEHUDE,Germany,21614,80134,12,ZZ-F13,1kg Strawberry Muesli,Finished Product,F13,1kg,Strawberry Muesli,351,351,ST,5.27,1849.77,800.28,EUR,1049.49000,0.57
.1~2007,2007,ZZ,04,03,04/03,/Date(1709424000000)/,13,63,576,4,02,Hessen,South,MAGDEBURG,Germany,39128,80138,12,ZZ-F13,1kg Strawberry Muesli,Finished Product,F13,1kg,Strawberry Muesli,443,443,ST,5.27,2334.61,1010.04,EUR,1324.57000,0.57
.1~2006,2006,ZZ,04,03,04/03,/Date(1709424000000)/,13,63,576,3,02,Hessen,South,MAGDEBURG,Germany,39128,80138,12,ZZ-F13,1kg Strawberry Muesli,Finished Product,F13,1kg,Strawberry Muesli,344,344,ST,5.27,1812.88,784.32,EUR,1028.56000,0.57
.1~2005,2005,ZZ,04,03,04/03,/Date(1709424000000)/,13,63,576,2,02,Hessen,South,MAGDEBURG,Germany,39128,80138,12,ZZ-F13,1kg Strawberry Muesli,Finished Product,F13,1kg,Strawberry Muesli,421,421,ST,5.27,2218.67,959.88,EUR,1258.79000,0.57
.1~1991,1991,ZZ,04,02,04/02,/Date(1709337600000)/,13,62,570,4,02,Berlin,North,WALTERSDORF,Germany,12529,80130,12,ZZ-F13,1kg Strawberry Muesli,Finished Product,F13,1kg,Strawberry Muesli,365,365,ST,5.27,1923.55,832.20,EUR,1091.35000,0.57
.1~1990,1990,ZZ,04,02,04/02,/Date(1709337600000)/,13,62,570,3,02,Berlin,North,WALTERSDORF,Germany,12529,80130,12,ZZ-F13,1kg Strawberry Muesli,Finished Product,F13,1kg,Strawberry Muesli,347,347,ST,5.27,1828.69,791.16,EUR,1037.53000,0.57
.1~1989,1989,ZZ,04,02,04/02,/Date(1709337600000)/,13,62,569,2,02,Lower Saxony,North,UELZEN,Germany,29525,80146,12,ZZ-F13,1kg Strawberry Muesli,Finished Product,F13,1kg,Strawberry Muesli,382,382,ST,5.27,2013.14,870.96,EUR,1142.18000,0.57
.1~1988,1988,ZZ,04,02,04/02,/Date(1709337600000)/,13,62,571,1,02,Nrth Rhine Westfalia,West,BRÜHL,Germany,50321,80149,12,ZZ-F13,1kg Strawberry Muesli,Finished Product,F13,1kg,Strawberry Muesli,438,438,ST,5.27,2308.26,998.64,EUR,1309.62000,0.57
.1~1987,1987,ZZ,04,02,04/02,/Date(1709337600000)/,13,62,571,3,02,Nrth Rhine Westfalia,West,BRÜHL,Germany,50321,80149,12,ZZ-F13,1kg Strawberry Muesli,Finished Product,F13,1kg,Strawberry Muesli,438,438,ST,5.27,2308.26,998.64,EUR,1309.62000,0.57
.1~1986,1986,ZZ,04,02,04/02,/Date(1709337600000)/,13,62,571,4,02,Nrth Rhine Westfalia,West,BRÜHL,Germany,50321,80149,12,ZZ-F13,1kg Strawberry Muesli,Finished Product,F13,1kg,Strawberry Muesli,387,387,ST,5.27,2039.49,882.36,EUR,1157.13000,0.57
.1~1985,1985,ZZ,04,02,04/02,/Date(1709337600000)/,13,62,573,1,02,Nrth Rhine Westfalia,West,KREFELD,Germany,47798,80157,12,ZZ-F13,1kg Strawberry Muesli,Finished Product,F13,1kg,Strawberry Muesli,400,400,ST,5.27,2108.00,912.00,EUR,1196.00000,0.57
.1~1984,1984,ZZ,04,02,04/02,/Date(1709337600000)/,13,62,573,3,02,Nrth Rhine Westfalia,West,KREFELD,Germany,47798,80157,12,ZZ-F13,1kg Strawberry Muesli,Finished Product,F13,1kg,Strawberry Muesli,381,381,ST,5.27,2007.87,868.68,EUR,1139.19000,0.57
.1~1983,1983,ZZ,04,02,04/02,/Date(1709337600000)/,13,62,566,1,02,Hessen,South,MARBURG,Germany,35037,80139,12,ZZ-F13,1kg Strawberry Muesli,Finished Product,F13,1kg,Strawberry Muesli,448,448,ST,5.27,2360.96,1021.44,EUR,1339.52000,0.57
.1~1982,1982,ZZ,04,02,04/02,/Date(1709337600000)/,13,62,566,3,02,Hessen,South,MARBURG,Germany,35037,80139,12,ZZ-F13,1kg Strawberry Muesli,Finished Product,F13,1kg,Strawberry Muesli,444,444,ST,5.27,2339.88,1012.32,EUR,1327.56000,0.57
.1~1981,1981,ZZ,04,02,04/02,/Date(1709337600000)/,13,62,567,9,02,Baden-Wurttemberg,South,FREIBURG,Germany,79098,80113,12,ZZ-F13,1kg Strawberry Muesli,Finished Product,F13,1kg,Strawberry Muesli,407,407,ST,5.27,2144.89,927.96,EUR,1216.93000,0.57
.1~1980,1980,ZZ,04,02,04/02,/Date(1709337600000)/,13,62,567,4,02,Baden-Wurttemberg,South,FREIBURG,Germany,79098,80113,12,ZZ-F13,1kg Strawberry Muesli,Finished Product,F13,1kg,Strawberry Muesli,351,351,ST,5.27,1849.77,800.28,EUR,1049.49000,0.57
.1~1979,1979,ZZ,04,02,04/02,/Date(1709337600000)/,13,62,568,1,02,Lower Saxony,North,OLDENBURG,Germany,26121,80145,12,ZZ-F13,1kg Strawberry Muesli,Finished Product,F13,1kg,Strawberry Muesli,400,400,ST,5.27,2108.00,912.00,EUR,1196.00000,0.57
.1~1978,1978,ZZ,04,02,04/02,/Date(1709337600000)/,13,62,567,3,02,Baden-Wurttemberg,South,FREIBURG,Germany,79098,80113,12,ZZ-F13,1kg Strawberry Muesli,Finished Product,F13,1kg,Strawberry Muesli,408,408,ST,5.27,2150.16,930.24,EUR,1219.92000,0.57
.1~1977,1977,ZZ,04,02,04/02,/Date(1709337600000)/,13,62,567,1,02,Baden-Wurttemberg,South,FREIBURG,Germany,79098,80113,12,ZZ-F13,1kg Strawberry Muesli,Finished Product,F13,1kg,Strawberry Muesli,441,441,ST,5.27,2324.07,1005.48,EUR,1318.59000,0.57
.1~1976,1976,ZZ,04,02,04/02,/Date(1709337600000)/,13,62,567,2,02,Baden-Wurttemberg,South,FREIBURG,Germany,79098,80113,12,ZZ-F13,1kg Strawberry Muesli,Finished Product,F13,1kg,Strawberry Muesli,343,343,ST,5.27,1807.61,782.04,EUR,1025.57000,0.57
.1~1962,1962,ZZ,04,01,04/01,/Date(1709251200000)/,13,61,562,2,02,Schleswig-Holstein,North,NEUMÜNSTER,Germany,24537,80169,12,ZZ-F13,1kg Strawberry Muesli,Finished Product,F13,1kg,Strawberry Muesli,386,386,ST,5.27,2034.22,880.08,EUR,1154.14000,0.57
.1~1961,1961,ZZ,04,01,04/01,/Date(1709251200000)/,13,61,563,4,02,Nrth Rhine Westfalia,West,HERFORD,Germany,32052,80155,12,ZZ-F13,1kg Strawberry Muesli,Finished Product,F13,1kg,Strawberry Muesli,450,450,ST,5.27,2371.50,1026.00,EUR,1345.50000,0.57
.1~1960,1960,ZZ,04,01,04/01,/Date(1709251200000)/,13,61,563,3,02,Nrth Rhine Westfalia,West,HERFORD,Germany,32052,80155,12,ZZ-F13,1kg Strawberry Muesli,Finished Product,F13,1kg,Strawberry Muesli,391,391,ST,5.27,2060.57,891.48,EUR,1169.09000,0.57
.1~1959,1959,ZZ,04,01,04/01,/Date(1709251200000)/,13,61,564,2,02,Nrth Rhine Westfalia,West,VELBERT,Germany,42551,80161,12,ZZ-F13,1kg Strawberry Muesli,Finished Product,F13,1kg,Strawberry Muesli,361,361,ST,5.27,1902.47,823.08,EUR,1079.39000,0.57
.1~1958,1958,ZZ,04,01,04/01,/Date(1709251200000)/,13,61,565,1,02,Nrth Rhine Westfalia,West,SIEGEN,Germany,57076,80160,12,ZZ-F13,1kg Strawberry Muesli,Finished Product,F13,1kg,Strawberry Muesli,375,375,ST,5.27,1976.25,855.00,EUR,1121.25000,0.57
.1~1957,1957,ZZ,04,01,04/01,/Date(1709251200000)/,13,61,565,2,02,Nrth Rhine Westfalia,West,SIEGEN,Germany,57076,80160,12,ZZ-F13,1kg Strawberry Muesli,Finished Product,F13,1kg,Strawberry Muesli,446,446,ST,5.27,2350.42,1016.88,EUR,1333.54000,0.57
.1~1956,1956,ZZ,04,01,04/01,/Date(1709251200000)/,13,61,557,1,02,Hessen,South,MAGDEBURG,Germany,39128,80138,12,ZZ-F13,1kg Strawberry Muesli,Finished Product,F13,1kg,Strawberry Muesli,401,401,ST,5.27,2113.27,914.28,EUR,1198.99000,0.57
.1~1955,1955,ZZ,04,01,04/01,/Date(1709251200000)/,13,61,558,2,02,Hessen,South,MARBURG,Germany,35037,80139,12,ZZ-F13,1kg Strawberry Muesli,Finished Product,F13,1kg,Strawberry Muesli,420,420,ST,5.27,2213.40,957.60,EUR,1255.80000,0.57
.1~1954,1954,ZZ,04,01,04/01,/Date(1709251200000)/,13,61,559,2,02,Hessen,South,FRANKFURT/MAIN,Germany,60386,80136,12,ZZ-F13,1kg Strawberry Muesli,Finished Product,F13,1kg,Strawberry Muesli,402,402,ST,5.27,2118.54,916.56,EUR,1201.98000,0.57
.1~1953,1953,ZZ,04,01,04/01,/Date(1709251200000)/,13,61,559,3,02,Hessen,South,FRANKFURT/MAIN,Germany,60386,80136,12,ZZ-F13,1kg Strawberry Muesli,Finished Product,F13,1kg,Strawberry Muesli,396,396,ST,5.27,2086.92,902.88,EUR,1184.04000,0.57
.1~1952,1952,ZZ,04,01,04/01,/Date(1709251200000)/,13,61,560,3,02,Hamburg,North,BUXTEHUDE,Germany,21614,80134,12,ZZ-F13,1kg Strawberry Muesli,Finished Product,F13,1kg,Strawberry Muesli,439,439,ST,5.27,2313.53,1000.92,EUR,1312.61000,0.57
.1~1951,1951,ZZ,04,01,04/01,/Date(1709251200000)/,13,61,560,1,02,Hamburg,North,BUXTEHUDE,Germany,21614,80134,12,ZZ-F13,1kg Strawberry Muesli,Finished Product,F13,1kg,Strawberry Muesli,401,401,ST,5.27,2113.27,914.28,EUR,1198.99000,0.57
.1~1950,1950,ZZ,04,01,04/01,/Date(1709251200000)/,13,61,561,1,02,Lower Saxony,North,NIENBURG,Germany,31582,80143,12,ZZ-F13,1kg Strawberry Muesli,Finished Product,F13,1kg,Strawberry Muesli,345,345,ST,5.27,1818.15,786.60,EUR,1031.55000,0.57
.1~1938,1938,ZZ,03,20,03/20,/Date(1709164800000)/,12,60,556,1,02,Nrth Rhine Westfalia,West,BAD OEYNHAUSEN,Germany,32547,80148,12,ZZ-F13,1kg Strawberry Muesli,Finished Product,F13,1kg,Strawberry Muesli,359,359,ST,5.27,1891.93,818.52,EUR,1073.41000,0.57
.1~1937,1937,ZZ,03,20,03/20,/Date(1709164800000)/,12,60,555,1,02,Rhineland Palatinate,West,BAD KREUZNACH,Germany,55543,80163,12,ZZ-F13,1kg Strawberry Muesli,Finished Product,F13,1kg,Strawberry Muesli,426,426,ST,5.27,2245.02,971.28,EUR,1273.74000,0.57
.1~1936,1936,ZZ,03,20,03/20,/Date(1709164800000)/,12,60,554,4,02,Nrth Rhine Westfalia,West,HÜCKELHOVEN,Germany,41836,80156,12,ZZ-F13,1kg Strawberry Muesli,Finished Product,F13,1kg,Strawberry Muesli,399,399,ST,5.27,2102.73,909.72,EUR,1193.01000,0.57
.1~1935,1935,ZZ,03,20,03/20,/Date(1709164800000)/,12,60,552,2,02,Hamburg,North,HAMBURG,Germany,22765,80135,12,ZZ-F13,1kg Strawberry Muesli,Finished Product,F13,1kg,Strawberry Muesli,429,429,ST,5.27,2260.83,978.12,EUR,1282.71000,0.57
.1~1934,1934,ZZ,03,20,03/20,/Date(1709164800000)/,12,60,553,3,02,Brandenburg,North,BRANDENBURG,Germany,14772,80131,12,ZZ-F13,1kg Strawberry Muesli,Finished Product,F13,1kg,Strawberry Muesli,395,395,ST,5.27,2081.65,900.60,EUR,1181.05000,0.57
.1~1933,1933,ZZ,03,20,03/20,/Date(1709164800000)/,12,60,552,0,02,Hamburg,North,HAMBURG,Germany,22765,80135,12,ZZ-F13,1kg Strawberry Muesli,Finished Product,F13,1kg,Strawberry Muesli,361,361,ST,5.27,1902.47,823.08,EUR,1079.39000,0.57
.1~1932,1932,ZZ,03,20,03/20,/Date(1709164800000)/,12,60,552,9,02,Hamburg,North,HAMBURG,Germany,22765,80135,12,ZZ-F13,1kg Strawberry Muesli,Finished Product,F13,1kg,Strawberry Muesli,345,345,ST,5.27,1818.15,786.60,EUR,1031.55000,0.57
.1~1931,1931,ZZ,03,20,03/20,/Date(1709164800000)/,12,60,552,1,02,Hamburg,North,HAMBURG,Germany,22765,80135,12,ZZ-F13,1kg Strawberry Muesli,Finished Product,F13,1kg,Strawberry Muesli,440,440,ST,5.27,2318.80,1003.20,EUR,1315.60000,0.57
.1~1906,1906,ZZ,03,19,03/19,/Date(1709078400000)/,12,59,546,1,02,Nrth Rhine Westfalia,West,DÜSSELDORF,Germany,40212,80151,12,ZZ-F13,1kg Strawberry Muesli,Finished Product,F13,1kg,Strawberry Muesli,354,354,ST,5.27,1865.58,807.12,EUR,1058.46000,0.57
.1~1905,1905,ZZ,03,19,03/19,/Date(1709078400000)/,12,59,544,1,02,Berlin,North,BERLIN,Germany,13349,80129,12,ZZ-F13,1kg Strawberry Muesli,Finished Product,F13,1kg,Strawberry Muesli,418,418,ST,5.27,2202.86,953.04,EUR,1249.82000,0.57
.1~1904,1904,ZZ,03,19,03/19,/Date(1709078400000)/,12,59,540,1,02,Bavaria,South,INGOLSTADT,Germany,85046,80121,12,ZZ-F13,1kg Strawberry Muesli,Finished Product,F13,1kg,Strawberry Muesli,425,425,ST,5.27,2239.75,969.00,EUR,1270.75000,0.57
.1~1903,1903,ZZ,03,19,03/19,/Date(1709078400000)/,12,59,545,2,02,Bremen,North,BREMEN,Germany,28259,80133,12,ZZ-F13,1kg Strawberry Muesli,Finished Product,F13,1kg,Strawberry Muesli,353,353,ST,5.27,1860.31,804.84,EUR,1055.47000,0.57
.1~1880,1880,ZZ,03,18,03/18,/Date(1708992000000)/,12,58,538,2,02,Nrth Rhine Westfalia,West,HERFORD,Germany,32052,80155,12,ZZ-F13,1kg Strawberry Muesli,Finished Product,F13,1kg,Strawberry Muesli,349,349,ST,5.27,1839.23,795.72,EUR,1043.51000,0.57
.1~1879,1879,ZZ,03,18,03/18,/Date(1708992000000)/,12,58,532,2,02,Baden-Wurttemberg,South,KORNTAL,Germany,70825,80116,12,ZZ-F13,1kg Strawberry Muesli,Finished Product,F13,1kg,Strawberry Muesli,418,418,ST,5.27,2202.86,953.04,EUR,1249.82000,0.57
.1~1878,1878,ZZ,03,18,03/18,/Date(1708992000000)/,12,58,537,2,02,Nrth Rhine Westfalia,West,BRÜHL,Germany,50321,80149,12,ZZ-F13,1kg Strawberry Muesli,Finished Product,F13,1kg,Strawberry Muesli,381,381,ST,5.27,2007.87,868.68,EUR,1139.19000,0.57
.1~1877,1877,ZZ,03,18,03/18,/Date(1708992000000)/,12,58,534,1,02,Berlin,North,WALTERSDORF,Germany,12529,80130,12,ZZ-F13,1kg Strawberry Muesli,Finished Product,F13,1kg,Strawberry Muesli,350,350,ST,5.27,1844.50,798.00,EUR,1046.50000,0.57
.1~1876,1876,ZZ,03,18,03/18,/Date(1708992000000)/,12,58,534,2,02,Berlin,North,WALTERSDORF,Germany,12529,80130,12,ZZ-F13,1kg Strawberry Muesli,Finished Product,F13,1kg,Strawberry Muesli,441,441,ST,5.27,2324.07,1005.48,EUR,1318.59000,0.57
.1~1875,1875,ZZ,03,18,03/18,/Date(1708992000000)/,12,58,535,3,02,Saxony,North,ZWICKAU,Germany,08058,80166,12,ZZ-F13,1kg Strawberry Muesli,Finished Product,F13,1kg,Strawberry Muesli,349,349,ST,5.27,1839.23,795.72,EUR,1043.51000,0.57
.1~1850,1850,ZZ,03,17,03/17,/Date(1708905600000)/,12,57,530,1,02,Nrth Rhine Westfalia,West,DORTMUND,Germany,44339,80150,12,ZZ-F13,1kg Strawberry Muesli,Finished Product,F13,1kg,Strawberry Muesli,396,396,ST,5.27,2086.92,902.88,EUR,1184.04000,0.57
.1~1849,1849,ZZ,03,17,03/17,/Date(1708905600000)/,12,57,522,2,02,Bavaria,South,INGOLSTADT,Germany,85055,80120,12,ZZ-F13,1kg Strawberry Muesli,Finished Product,F13,1kg,Strawberry Muesli,367,367,ST,5.27,1934.09,836.76,EUR,1097.33000,0.57
.1~1848,1848,ZZ,03,17,03/17,/Date(1708905600000)/,12,57,523,2,02,Bavaria,South,WÜRZBURG,Germany,97070,80128,12,ZZ-F13,1kg Strawberry Muesli,Finished Product,F13,1kg,Strawberry Muesli,368,368,ST,5.27,1939.36,839.04,EUR,1100.32000,0.57
.1~1847,1847,ZZ,03,17,03/17,/Date(1708905600000)/,12,57,525,2,02,Mecklenburg-Vorpomm.,North,ROSTOCK,Germany,18184,80141,12,ZZ-F13,1kg Strawberry Muesli,Finished Product,F13,1kg,Strawberry Muesli,410,410,ST,5.27,2160.70,934.80,EUR,1225.90000,0.57
.1~1827,1827,ZZ,03,16,03/16,/Date(1708819200000)/,12,56,521,2,02,Nrth Rhine Westfalia,West,ESSEN,Germany,45127,80153,12,ZZ-F13,1kg Strawberry Muesli,Finished Product,F13,1kg,Strawberry Muesli,391,391,ST,5.27,2060.57,891.48,EUR,1169.09000,0.57
.1~1826,1826,ZZ,03,16,03/16,/Date(1708819200000)/,12,56,513,2,02,Bavaria,South,NÜRNBERG-BUCH,Germany,90427,80126,12,ZZ-F13,1kg Strawberry Muesli,Finished Product,F13,1kg,Strawberry Muesli,411,411,ST,5.27,2165.97,937.08,EUR,1228.89000,0.57
.1~1825,1825,ZZ,03,16,03/16,/Date(1708819200000)/,12,56,513,1,02,Bavaria,South,NÜRNBERG-BUCH,Germany,90427,80126,12,ZZ-F13,1kg Strawberry Muesli,Finished Product,F13,1kg,Strawberry Muesli,443,443,ST,5.27,2334.61,1010.04,EUR,1324.57000,0.57
.1~1824,1824,ZZ,03,16,03/16,/Date(1708819200000)/,12,56,520,2,02,Nrth Rhine Westfalia,West,PADERBORN,Germany,33100,80159,12,ZZ-F13,1kg Strawberry Muesli,Finished Product,F13,1kg,Strawberry Muesli,419,419,ST,5.27,2208.13,955.32,EUR,1252.81000,0.57
.1~1823,1823,ZZ,03,16,03/16,/Date(1708819200000)/,12,56,520,1,02,Nrth Rhine Westfalia,West,PADERBORN,Germany,33100,80159,12,ZZ-F13,1kg Strawberry Muesli,Finished Product,F13,1kg,Strawberry Muesli,443,443,ST,5.27,2334.61,1010.04,EUR,1324.57000,0.57
.1~1822,1822,ZZ,03,16,03/16,/Date(1708819200000)/,12,56,514,4,02,Bavaria,South,REGENSBURG,Germany,93053,80127,12,ZZ-F13,1kg Strawberry Muesli,Finished Product,F13,1kg,Strawberry Muesli,401,401,ST,5.27,2113.27,914.28,EUR,1198.99000,0.57
.1~1821,1821,ZZ,03,16,03/16,/Date(1708819200000)/,12,56,519,2,02,Nrth Rhine Westfalia,West,WÜRSELEN,Germany,52146,80162,12,ZZ-F13,1kg Strawberry Muesli,Finished Product,F13,1kg,Strawberry Muesli,367,367,ST,5.27,1934.09,836.76,EUR,1097.33000,0.57
.1~1820,1820,ZZ,03,16,03/16,/Date(1708819200000)/,12,56,516,4,02,Berlin,North,BERLIN,Germany,13349,80129,12,ZZ-F13,1kg Strawberry Muesli,Finished Product,F13,1kg,Strawberry Muesli,369,369,ST,5.27,1944.63,841.32,EUR,1103.31000,0.57
.1~1819,1819,ZZ,03,16,03/16,/Date(1708819200000)/,12,56,517,1,02,Brandenburg,North,BRANDENBURG,Germany,14772,80131,12,ZZ-F13,1kg Strawberry Muesli,Finished Product,F13,1kg,Strawberry Muesli,415,415,ST,5.27,2187.05,946.20,EUR,1240.85000,0.57
.1~1471,1471,ZZ,01,19,01/19,/Date(1705622400000)/,4,19,358,2,02,Rhineland Palatinate,West,BAD KREUZNACH,Germany,55543,80163,12,ZZ-F13,1kg Strawberry Muesli,Finished Product,F13,1kg,Strawberry Muesli,14,14,ST,5.27,73.78,31.92,EUR,41.86000,0.57
.1~1470,1470,ZZ,01,19,01/19,/Date(1705622400000)/,4,19,352,1,02,Baden-Wurttemberg,South,MANNHEIM,Germany,68199,80117,12,ZZ-F13,1kg Strawberry Muesli,Finished Product,F13,1kg,Strawberry Muesli,343,343,ST,5.27,1807.61,782.04,EUR,1025.57000,0.57
.1~1469,1469,ZZ,01,19,01/19,/Date(1705622400000)/,4,19,352,3,02,Baden-Wurttemberg,South,MANNHEIM,Germany,68199,80117,12,ZZ-F13,1kg Strawberry Muesli,Finished Product,F13,1kg,Strawberry Muesli,435,435,ST,5.27,2292.45,991.80,EUR,1300.65000,0.57
.1~1468,1468,ZZ,01,19,01/19,/Date(1705622400000)/,4,19,352,1,02,Baden-Wurttemberg,South,MANNHEIM,Germany,68199,80117,12,ZZ-F13,1kg Strawberry Muesli,Finished Product,F13,1kg,Strawberry Muesli,341,341,ST,5.27,1797.07,777.48,EUR,1019.59000,0.57
.1~1441,1441,ZZ,01,18,01/18,/Date(1705536000000)/,4,18,350,4,02,Nrth Rhine Westfalia,West,BAD OEYNHAUSEN,Germany,32547,80148,12,ZZ-F13,1kg Strawberry Muesli,Finished Product,F13,1kg,Strawberry Muesli,406,406,ST,5.27,2139.62,925.68,EUR,1213.94000,0.57
.1~1440,1440,ZZ,01,18,01/18,/Date(1705536000000)/,4,18,349,4,02,Saxony,North,CHEMNITZ,Germany,09111,80165,12,ZZ-F13,1kg Strawberry Muesli,Finished Product,F13,1kg,Strawberry Muesli,406,406,ST,5.27,2139.62,925.68,EUR,1213.94000,0.57
.1~1439,1439,ZZ,01,18,01/18,/Date(1705536000000)/,4,18,345,4,02,Hessen,South,FULDA,Germany,36037,80137,12,ZZ-F13,1kg Strawberry Muesli,Finished Product,F13,1kg,Strawberry Muesli,437,437,ST,5.27,2302.99,996.36,EUR,1306.63000,0.57
.1~1438,1438,ZZ,01,18,01/18,/Date(1705536000000)/,4,18,349,2,02,Saxony,North,CHEMNITZ,Germany,09111,80165,12,ZZ-F13,1kg Strawberry Muesli,Finished Product,F13,1kg,Strawberry Muesli,411,411,ST,5.27,2165.97,937.08,EUR,1228.89000,0.57
.1~1437,1437,ZZ,01,18,01/18,/Date(1705536000000)/,4,18,346,2,02,Berlin,North,BERLIN,Germany,13349,80129,12,ZZ-F13,1kg Strawberry Muesli,Finished Product,F13,1kg,Strawberry Muesli,435,435,ST,5.27,2292.45,991.80,EUR,1300.65000,0.57
.1~1436,1436,ZZ,01,18,01/18,/Date(1705536000000)/,4,18,351,4,02,Nrth Rhine Westfalia,West,DORTMUND,Germany,44339,80150,12,ZZ-F13,1kg Strawberry Muesli,Finished Product,F13,1kg,Strawberry Muesli,354,354,ST,5.27,1865.58,807.12,EUR,1058.46000,0.57
.1~1435,1435,ZZ,01,18,01/18,/Date(1705536000000)/,4,18,343,1,02,Baden-Wurttemberg,South,GUNDELFINGEN,Germany,79194,80114,12,ZZ-F13,1kg Strawberry Muesli,Finished Product,F13,1kg,Strawberry Muesli,408,408,ST,5.27,2150.16,930.24,EUR,1219.92000,0.57
.1~1434,1434,ZZ,01,18,01/18,/Date(1705536000000)/,4,18,348,3,02,Nrth Rhine Westfalia,West,GELSENKIRCHEN,Germany,45879,80154,12,ZZ-F13,1kg Strawberry Muesli,Finished Product,F13,1kg,Strawberry Muesli,412,412,ST,5.27,2171.24,939.36,EUR,1231.88000,0.57
.1~1433,1433,ZZ,01,18,01/18,/Date(1705536000000)/,4,18,343,4,02,Baden-Wurttemberg,South,GUNDELFINGEN,Germany,79194,80114,12,ZZ-F13,1kg Strawberry Muesli,Finished Product,F13,1kg,Strawberry Muesli,411,411,ST,5.27,2165.97,937.08,EUR,1228.89000,0.57
.1~1432,1432,ZZ,01,18,01/18,/Date(1705536000000)/,4,18,345,1,02,Hessen,South,FULDA,Germany,36037,80137,12,ZZ-F13,1kg Strawberry Muesli,Finished Product,F13,1kg,Strawberry Muesli,450,450,ST,5.27,2371.50,1026.00,EUR,1345.50000,0.57
.1~1431,1431,ZZ,01,18,01/18,/Date(1705536000000)/,4,18,348,1,02,Nrth Rhine Westfalia,West,GELSENKIRCHEN,Germany,45879,80154,12,ZZ-F13,1kg Strawberry Muesli,Finished Product,F13,1kg,Strawberry Muesli,366,366,ST,5.27,1928.82,834.48,EUR,1094.34000,0.57
.1~1430,1430,ZZ,01,18,01/18,/Date(1705536000000)/,4,18,347,1,02,Brandenburg,North,BRANDENBURG,Germany,14772,80131,12,ZZ-F13,1kg Strawberry Muesli,Finished Product,F13,1kg,Strawberry Muesli,403,403,ST,5.27,2123.81,918.84,EUR,1204.97000,0.57
.1~1410,1410,ZZ,01,17,01/17,/Date(1705449600000)/,4,17,338,2,02,Lower Saxony,North,OLDENBURG,Germany,26129,80144,12,ZZ-F13,1kg Strawberry Muesli,Finished Product,F13,1kg,Strawberry Muesli,412,412,ST,5.27,2171.24,939.36,EUR,1231.88000,0.57
.1~1409,1409,ZZ,01,17,01/17,/Date(1705449600000)/,4,17,341,1,02,Nrth Rhine Westfalia,West,KREFELD,Germany,47798,80157,12,ZZ-F13,1kg Strawberry Muesli,Finished Product,F13,1kg,Strawberry Muesli,359,359,ST,5.27,1891.93,818.52,EUR,1073.41000,0.57
.1~1408,1408,ZZ,01,17,01/17,/Date(1705449600000)/,4,17,341,4,02,Nrth Rhine Westfalia,West,KREFELD,Germany,47798,80157,12,ZZ-F13,1kg Strawberry Muesli,Finished Product,F13,1kg,Strawberry Muesli,376,376,ST,5.27,1981.52,857.28,EUR,1124.24000,0.57
.1~1407,1407,ZZ,01,17,01/17,/Date(1705449600000)/,4,17,336,3,02,Hessen,South,MAGDEBURG,Germany,39128,80138,12,ZZ-F13,1kg Strawberry Muesli,Finished Product,F13,1kg,Strawberry Muesli,418,418,ST,5.27,2202.86,953.04,EUR,1249.82000,0.57
.1~1406,1406,ZZ,01,17,01/17,/Date(1705449600000)/,4,17,336,2,02,Hessen,South,MAGDEBURG,Germany,39128,80138,12,ZZ-F13,1kg Strawberry Muesli,Finished Product,F13,1kg,Strawberry Muesli,446,446,ST,5.27,2350.42,1016.88,EUR,1333.54000,0.57
.1~1405,1405,ZZ,01,17,01/17,/Date(1705449600000)/,4,17,342,1,02,Nrth Rhine Westfalia,West,SIEGEN,Germany,57076,80160,12,ZZ-F13,1kg Strawberry Muesli,Finished Product,F13,1kg,Strawberry Muesli,393,393,ST,5.27,2071.11,896.04,EUR,1175.07000,0.57
.1~1404,1404,ZZ,01,17,01/17,/Date(1705449600000)/,4,17,342,3,02,Nrth Rhine Westfalia,West,SIEGEN,Germany,57076,80160,12,ZZ-F13,1kg Strawberry Muesli,Finished Product,F13,1kg,Strawberry Muesli,372,372,ST,5.27,1960.44,848.16,EUR,1112.28000,0.57
.1~1403,1403,ZZ,01,17,01/17,/Date(1705449600000)/,4,17,338,4,02,Lower Saxony,North,OLDENBURG,Germany,26129,80144,12,ZZ-F13,1kg Strawberry Muesli,Finished Product,F13,1kg,Strawberry Muesli,405,405,ST,5.27,2134.35,923.40,EUR,1210.95000,0.57
.1~1402,1402,ZZ,01,17,01/17,/Date(1705449600000)/,4,17,340,2,02,Mecklenburg-Vorpomm.,North,ROSTOCK,Germany,18184,80141,12,ZZ-F13,1kg Strawberry Muesli,Finished Product,F13,1kg,Strawberry Muesli,405,405,ST,5.27,2134.35,923.40,EUR,1210.95000,0.57
.1~1375,1375,ZZ,01,16,01/16,/Date(1705363200000)/,4,16,329,2,02,Lower Saxony,North,OLDENBURG,Germany,26121,80145,12,ZZ-F13,1kg Strawberry Muesli,Finished Product,F13,1kg,Strawberry Muesli,455,455,ST,5.27,2397.85,1037.40,EUR,1360.45000,0.57
.1~1374,1374,ZZ,01,16,01/16,/Date(1705363200000)/,4,16,330,3,02,Nrth Rhine Westfalia,West,VELBERT,Germany,42551,80161,12,ZZ-F13,1kg Strawberry Muesli,Finished Product,F13,1kg,Strawberry Muesli,362,362,ST,5.27,1907.74,825.36,EUR,1082.38000,0.57
.1~1373,1373,ZZ,01,16,01/16,/Date(1705363200000)/,4,16,332,3,02,Nrth Rhine Westfalia,West,SIEGEN,Germany,57076,80160,12,ZZ-F13,1kg Strawberry Muesli,Finished Product,F13,1kg,Strawberry Muesli,447,447,ST,5.27,2355.69,1019.16,EUR,1336.53000,0.57
.1~1372,1372,ZZ,01,16,01/16,/Date(1705363200000)/,4,16,332,4,02,Nrth Rhine Westfalia,West,SIEGEN,Germany,57076,80160,12,ZZ-F13,1kg Strawberry Muesli,Finished Product,F13,1kg,Strawberry Muesli,424,424,ST,5.27,2234.48,966.72,EUR,1267.76000,0.57
.1~1371,1371,ZZ,01,16,01/16,/Date(1705363200000)/,4,16,333,1,02,Nrth Rhine Westfalia,West,BRÜHL,Germany,50321,80149,12,ZZ-F13,1kg Strawberry Muesli,Finished Product,F13,1kg,Strawberry Muesli,358,358,ST,5.27,1886.66,816.24,EUR,1070.42000,0.57
.1~1370,1370,ZZ,01,16,01/16,/Date(1705363200000)/,4,16,333,3,02,Nrth Rhine Westfalia,West,BRÜHL,Germany,50321,80149,12,ZZ-F13,1kg Strawberry Muesli,Finished Product,F13,1kg,Strawberry Muesli,419,419,ST,5.27,2208.13,955.32,EUR,1252.81000,0.57
.1~1369,1369,ZZ,01,16,01/16,/Date(1705363200000)/,4,16,326,1,02,Hessen,South,MARBURG,Germany,35037,80139,12,ZZ-F13,1kg Strawberry Muesli,Finished Product,F13,1kg,Strawberry Muesli,349,349,ST,5.27,1839.23,795.72,EUR,1043.51000,0.57
.1~1368,1368,ZZ,01,16,01/16,/Date(1705363200000)/,4,16,331,4,02,Lower Saxony,North,OLDENBURG,Germany,26129,80144,12,ZZ-F13,1kg Strawberry Muesli,Finished Product,F13,1kg,Strawberry Muesli,426,426,ST,5.27,2245.02,971.28,EUR,1273.74000,0.57
.1~1367,1367,ZZ,01,16,01/16,/Date(1705363200000)/,4,16,328,2,02,Saxony,North,CHEMNITZ,Germany,09111,80165,12,ZZ-F13,1kg Strawberry Muesli,Finished Product,F13,1kg,Strawberry Muesli,382,382,ST,5.27,2013.14,870.96,EUR,1142.18000,0.57
.1~1366,1366,ZZ,01,16,01/16,/Date(1705363200000)/,4,16,327,3,02,Baden-Wurttemberg,South,FREIBURG,Germany,79098,80113,12,ZZ-F13,1kg Strawberry Muesli,Finished Product,F13,1kg,Strawberry Muesli,357,357,ST,5.27,1881.39,813.96,EUR,1067.43000,0.57
.1~1365,1365,ZZ,01,16,01/16,/Date(1705363200000)/,4,16,327,2,02,Baden-Wurttemberg,South,FREIBURG,Germany,79098,80113,12,ZZ-F13,1kg Strawberry Muesli,Finished Product,F13,1kg,Strawberry Muesli,453,453,ST,5.27,2387.31,1032.84,EUR,1354.47000,0.57
.1~1364,1364,ZZ,01,16,01/16,/Date(1705363200000)/,4,16,327,1,02,Baden-Wurttemberg,South,FREIBURG,Germany,79098,80113,12,ZZ-F13,1kg Strawberry Muesli,Finished Product,F13,1kg,Strawberry Muesli,364,364,ST,5.27,1918.28,829.92,EUR,1088.36000,0.57
.1~1363,1363,ZZ,01,16,01/16,/Date(1705363200000)/,4,16,328,1,02,Saxony,North,CHEMNITZ,Germany,09111,80165,12,ZZ-F13,1kg Strawberry Muesli,Finished Product,F13,1kg,Strawberry Muesli,453,453,ST,5.27,2387.31,1032.84,EUR,1354.47000,0.57
.1~1341,1341,ZZ,01,15,01/15,/Date(1705276800000)/,3,15,323,2,02,Lower Saxony,North,NIENBURG,Germany,31582,80143,12,ZZ-F13,1kg Strawberry Muesli,Finished Product,F13,1kg,Strawberry Muesli,444,444,ST,5.27,2339.88,1012.32,EUR,1327.56000,0.57
.1~1340,1340,ZZ,01,15,01/15,/Date(1705276800000)/,3,15,322,1,02,Rhineland Palatinate,West,BAD KREUZNACH,Germany,55543,80163,12,ZZ-F13,1kg Strawberry Muesli,Finished Product,F13,1kg,Strawberry Muesli,448,448,ST,5.27,2360.96,1021.44,EUR,1339.52000,0.57
.1~1339,1339,ZZ,01,15,01/15,/Date(1705276800000)/,3,15,324,2,02,Nrth Rhine Westfalia,West,BAD OEYNHAUSEN,Germany,32547,80148,12,ZZ-F13,1kg Strawberry Muesli,Finished Product,F13,1kg,Strawberry Muesli,434,434,ST,5.27,2287.18,989.52,EUR,1297.66000,0.57
.1~1338,1338,ZZ,01,15,01/15,/Date(1705276800000)/,3,15,325,4,02,Nrth Rhine Westfalia,West,HERFORD,Germany,32052,80155,12,ZZ-F13,1kg Strawberry Muesli,Finished Product,F13,1kg,Strawberry Muesli,352,352,ST,5.27,1855.04,802.56,EUR,1052.48000,0.57
.1~1337,1337,ZZ,01,15,01/15,/Date(1705276800000)/,3,15,325,3,02,Nrth Rhine Westfalia,West,HERFORD,Germany,32052,80155,12,ZZ-F13,1kg Strawberry Muesli,Finished Product,F13,1kg,Strawberry Muesli,361,361,ST,5.27,1902.47,823.08,EUR,1079.39000,0.57
.1~1336,1336,ZZ,01,15,01/15,/Date(1705276800000)/,3,15,317,2,02,Hessen,South,MAGDEBURG,Germany,39128,80138,12,ZZ-F13,1kg Strawberry Muesli,Finished Product,F13,1kg,Strawberry Muesli,342,342,ST,5.27,1802.34,779.76,EUR,1022.58000,0.57
.1~1335,1335,ZZ,01,15,01/15,/Date(1705276800000)/,3,15,318,3,02,Hessen,South,MARBURG,Germany,35037,80139,12,ZZ-F13,1kg Strawberry Muesli,Finished Product,F13,1kg,Strawberry Muesli,402,402,ST,5.27,2118.54,916.56,EUR,1201.98000,0.57
.1~1334,1334,ZZ,01,15,01/15,/Date(1705276800000)/,3,15,321,3,02,Saxony-Anhalt,North,GÜNTHERSDORF,Germany,06254,80167,12,ZZ-F13,1kg Strawberry Muesli,Finished Product,F13,1kg,Strawberry Muesli,415,415,ST,5.27,2187.05,946.20,EUR,1240.85000,0.57
.1~1333,1333,ZZ,01,15,01/15,/Date(1705276800000)/,3,15,319,2,02,Hessen,South,FRANKFURT/MAIN,Germany,60386,80136,12,ZZ-F13,1kg Strawberry Muesli,Finished Product,F13,1kg,Strawberry Muesli,439,439,ST,5.27,2313.53,1000.92,EUR,1312.61000,0.57
.1~1332,1332,ZZ,01,15,01/15,/Date(1705276800000)/,3,15,320,4,02,Lower Saxony,North,GÖTTINGEN,Germany,37073,80142,12,ZZ-F13,1kg Strawberry Muesli,Finished Product,F13,1kg,Strawberry Muesli,405,405,ST,5.27,2134.35,923.40,EUR,1210.95000,0.57
.1~1302,1302,ZZ,01,14,01/14,/Date(1705190400000)/,3,14,316,4,02,Nrth Rhine Westfalia,West,HÜCKELHOVEN,Germany,41836,80156,12,ZZ-F13,1kg Strawberry Muesli,Finished Product,F13,1kg,Strawberry Muesli,366,366,ST,5.27,1928.82,834.48,EUR,1094.34000,0.57
.1~1301,1301,ZZ,01,14,01/14,/Date(1705190400000)/,3,14,308,4,02,Bavaria,South,AUGSBURG,Germany,86156,80119,12,ZZ-F13,1kg Strawberry Muesli,Finished Product,F13,1kg,Strawberry Muesli,401,401,ST,5.27,2113.27,914.28,EUR,1198.99000,0.57
.1~1300,1300,ZZ,01,14,01/14,/Date(1705190400000)/,3,14,312,4,02,Bremen,North,BREMEN,Germany,28259,80133,12,ZZ-F13,1kg Strawberry Muesli,Finished Product,F13,1kg,Strawberry Muesli,348,348,ST,5.27,1833.96,793.44,EUR,1040.52000,0.57
.1~1268,1268,ZZ,01,13,01/13,/Date(1705104000000)/,3,13,305,1,02,Lower Saxony,North,UELZEN,Germany,29525,80146,12,ZZ-F13,1kg Strawberry Muesli,Finished Product,F13,1kg,Strawberry Muesli,355,355,ST,5.27,1870.85,809.40,EUR,1061.45000,0.57
.1~1267,1267,ZZ,01,13,01/13,/Date(1705104000000)/,3,13,304,2,02,Nrth Rhine Westfalia,West,HERFORD,Germany,32052,80155,12,ZZ-F13,1kg Strawberry Muesli,Finished Product,F13,1kg,Strawberry Muesli,347,347,ST,5.27,1828.69,791.16,EUR,1037.53000,0.57
.1~1266,1266,ZZ,01,13,01/13,/Date(1705104000000)/,3,13,305,4,02,Lower Saxony,North,UELZEN,Germany,29525,80146,12,ZZ-F13,1kg Strawberry Muesli,Finished Product,F13,1kg,Strawberry Muesli,444,444,ST,5.27,2339.88,1012.32,EUR,1327.56000,0.57
.1~1265,1265,ZZ,01,13,01/13,/Date(1705104000000)/,3,13,299,1,02,Bavaria,South,INGOLSTADT,Germany,85046,80121,12,ZZ-F13,1kg Strawberry Muesli,Finished Product,F13,1kg,Strawberry Muesli,375,375,ST,5.27,1976.25,855.00,EUR,1121.25000,0.57
.1~1264,1264,ZZ,01,13,01/13,/Date(1705104000000)/,3,13,299,3,02,Bavaria,South,INGOLSTADT,Germany,85046,80121,12,ZZ-F13,1kg Strawberry Muesli,Finished Product,F13,1kg,Strawberry Muesli,349,349,ST,5.27,1839.23,795.72,EUR,1043.51000,0.57
.1~1263,1263,ZZ,01,13,01/13,/Date(1705104000000)/,3,13,303,1,02,Brandenburg,North,COTTBUS,Germany,03046,80132,12,ZZ-F13,1kg Strawberry Muesli,Finished Product,F13,1kg,Strawberry Muesli,353,353,ST,5.27,1860.31,804.84,EUR,1055.47000,0.57
.1~1231,1231,ZZ,01,12,01/12,/Date(1705017600000)/,3,12,291,4,02,Baden-Wurttemberg,South,KORNTAL,Germany,70825,80116,12,ZZ-F13,1kg Strawberry Muesli,Finished Product,F13,1kg,Strawberry Muesli,341,341,ST,5.27,1797.07,777.48,EUR,1019.59000,0.57
.1~1230,1230,ZZ,01,12,01/12,/Date(1705017600000)/,3,12,295,3,02,Nrth Rhine Westfalia,West,DÜSSELDORF,Germany,40213,80152,12,ZZ-F13,1kg Strawberry Muesli,Finished Product,F13,1kg,Strawberry Muesli,370,370,ST,5.27,1949.90,843.60,EUR,1106.30000,0.57
.1~1229,1229,ZZ,01,12,01/12,/Date(1705017600000)/,3,12,294,1,02,Hamburg,North,BUXTEHUDE,Germany,21614,80134,12,ZZ-F13,1kg Strawberry Muesli,Finished Product,F13,1kg,Strawberry Muesli,394,394,ST,5.27,2076.38,898.32,EUR,1178.06000,0.57
.1~1228,1228,ZZ,01,12,01/12,/Date(1705017600000)/,3,12,298,2,02,Nrth Rhine Westfalia,West,BRÜHL,Germany,50321,80149,12,ZZ-F13,1kg Strawberry Muesli,Finished Product,F13,1kg,Strawberry Muesli,442,442,ST,5.27,2329.34,1007.76,EUR,1321.58000,0.57
.1~1227,1227,ZZ,01,12,01/12,/Date(1705017600000)/,3,12,297,1,02,Nrth Rhine Westfalia,West,DORTMUND,Germany,44339,80150,12,ZZ-F13,1kg Strawberry Muesli,Finished Product,F13,1kg,Strawberry Muesli,357,357,ST,5.27,1881.39,813.96,EUR,1067.43000,0.57
.1~1226,1226,ZZ,01,12,01/12,/Date(1705017600000)/,3,12,297,2,02,Nrth Rhine Westfalia,West,DORTMUND,Germany,44339,80150,12,ZZ-F13,1kg Strawberry Muesli,Finished Product,F13,1kg,Strawberry Muesli,407,407,ST,5.27,2144.89,927.96,EUR,1216.93000,0.57
.1~1225,1225,ZZ,01,12,01/12,/Date(1705017600000)/,3,12,296,4,02,Saxony,North,ZWICKAU,Germany,08058,80166,12,ZZ-F13,1kg Strawberry Muesli,Finished Product,F13,1kg,Strawberry Muesli,345,345,ST,5.27,1818.15,786.60,EUR,1031.55000,0.57
.1~1224,1224,ZZ,01,12,01/12,/Date(1705017600000)/,3,12,293,4,02,Berlin,North,WALTERSDORF,Germany,12529,80130,12,ZZ-F13,1kg Strawberry Muesli,Finished Product,F13,1kg,Strawberry Muesli,392,392,ST,5.27,2065.84,893.76,EUR,1172.08000,0.57
.1~1223,1223,ZZ,01,12,01/12,/Date(1705017600000)/,3,12,294,3,02,Hamburg,North,BUXTEHUDE,Germany,21614,80134,12,ZZ-F13,1kg Strawberry Muesli,Finished Product,F13,1kg,Strawberry Muesli,420,420,ST,5.27,2213.40,957.60,EUR,1255.80000,0.57
.1~1192,1192,ZZ,01,11,01/11,/Date(1704931200000)/,3,11,288,3,02,Nrth Rhine Westfalia,West,ESSEN,Germany,45127,80153,12,ZZ-F13,1kg Strawberry Muesli,Finished Product,F13,1kg,Strawberry Muesli,413,413,ST,5.27,2176.51,941.64,EUR,1234.87000,0.57
.1~1191,1191,ZZ,01,11,01/11,/Date(1704931200000)/,3,11,284,3,02,Schleswig-Holstein,North,NEUMÜNSTER,Germany,24537,80169,12,ZZ-F13,1kg Strawberry Muesli,Finished Product,F13,1kg,Strawberry Muesli,453,453,ST,5.27,2387.31,1032.84,EUR,1354.47000,0.57
.1~1190,1190,ZZ,01,11,01/11,/Date(1704931200000)/,3,11,285,1,02,Nrth Rhine Westfalia,West,PADERBORN,Germany,33100,80159,12,ZZ-F13,1kg Strawberry Muesli,Finished Product,F13,1kg,Strawberry Muesli,400,400,ST,5.27,2108.00,912.00,EUR,1196.00000,0.57
.1~1189,1189,ZZ,01,11,01/11,/Date(1704931200000)/,3,11,285,4,02,Nrth Rhine Westfalia,West,PADERBORN,Germany,33100,80159,12,ZZ-F13,1kg Strawberry Muesli,Finished Product,F13,1kg,Strawberry Muesli,451,451,ST,5.27,2376.77,1028.28,EUR,1348.49000,0.57
.1~1188,1188,ZZ,01,11,01/11,/Date(1704931200000)/,3,11,282,2,02,Bavaria,South,WÜRZBURG,Germany,97070,80128,12,ZZ-F13,1kg Strawberry Muesli,Finished Product,F13,1kg,Strawberry Muesli,424,424,ST,5.27,2234.48,966.72,EUR,1267.76000,0.57
.1~1187,1187,ZZ,01,11,01/11,/Date(1704931200000)/,3,11,286,1,02,Lower Saxony,North,OLDENBURG,Germany,26121,80145,12,ZZ-F13,1kg Strawberry Muesli,Finished Product,F13,1kg,Strawberry Muesli,437,437,ST,5.27,2302.99,996.36,EUR,1306.63000,0.57
.1~1186,1186,ZZ,01,11,01/11,/Date(1704931200000)/,3,11,281,2,02,Bavaria,South,INGOLSTADT,Germany,85055,80120,12,ZZ-F13,1kg Strawberry Muesli,Finished Product,F13,1kg,Strawberry Muesli,386,386,ST,5.27,2034.22,880.08,EUR,1154.14000,0.57
.1~1158,1158,ZZ,01,10,01/10,/Date(1704844800000)/,2,10,277,0,02,Nrth Rhine Westfalia,West,WÜRSELEN,Germany,52146,80162,12,ZZ-F13,1kg Strawberry Muesli,Finished Product,F13,1kg,Strawberry Muesli,396,396,ST,5.27,2086.92,902.88,EUR,1184.04000,0.57
.1~1157,1157,ZZ,01,10,01/10,/Date(1704844800000)/,2,10,279,3,02,Hamburg,North,BUXTEHUDE,Germany,21614,80134,12,ZZ-F13,1kg Strawberry Muesli,Finished Product,F13,1kg,Strawberry Muesli,445,445,ST,5.27,2345.15,1014.60,EUR,1330.55000,0.57
.1~1156,1156,ZZ,01,10,01/10,/Date(1704844800000)/,2,10,273,2,02,Bavaria,South,NÜRNBERG-BUCH,Germany,90427,80126,12,ZZ-F13,1kg Strawberry Muesli,Finished Product,F13,1kg,Strawberry Muesli,376,376,ST,5.27,1981.52,857.28,EUR,1124.24000,0.57
.1~1155,1155,ZZ,01,10,01/10,/Date(1704844800000)/,2,10,277,2,02,Nrth Rhine Westfalia,West,WÜRSELEN,Germany,52146,80162,12,ZZ-F13,1kg Strawberry Muesli,Finished Product,F13,1kg,Strawberry Muesli,448,448,ST,5.27,2360.96,1021.44,EUR,1339.52000,0.57
.1~1124,1124,ZZ,01,09,01/09,/Date(1704758400000)/,2,9,272,1,02,Hamburg,North,HAMBURG,Germany,22765,80135,12,ZZ-F13,1kg Strawberry Muesli,Finished Product,F13,1kg,Strawberry Muesli,434,434,ST,5.27,2287.18,989.52,EUR,1297.66000,0.57
.1~1123,1123,ZZ,01,09,01/09,/Date(1704758400000)/,2,9,265,3,02,Baden-Wurttemberg,South,ESSLINGEN,Germany,73730,80112,12,ZZ-F13,1kg Strawberry Muesli,Finished Product,F13,1kg,Strawberry Muesli,378,378,ST,5.27,1992.06,861.84,EUR,1130.22000,0.57
.1~1122,1122,ZZ,01,09,01/09,/Date(1704758400000)/,2,9,266,3,02,Bavaria,South,MÜNCHEN,Germany,80804,80122,12,ZZ-F13,1kg Strawberry Muesli,Finished Product,F13,1kg,Strawberry Muesli,410,410,ST,5.27,2160.70,934.80,EUR,1225.90000,0.57
.1~1121,1121,ZZ,01,09,01/09,/Date(1704758400000)/,2,9,270,4,02,Nrth Rhine Westfalia,West,KREFELD,Germany,47798,80157,12,ZZ-F13,1kg Strawberry Muesli,Finished Product,F13,1kg,Strawberry Muesli,434,434,ST,5.27,2287.18,989.52,EUR,1297.66000,0.57
.1~1009,1009,ZZ,01,07,01/07,/Date(1704585600000)/,2,7,185,1,02,Berlin,North,WALTERSDORF,Germany,12529,80130,12,ZZ-F13,1kg Strawberry Muesli,Finished Product,F13,1kg,Strawberry Muesli,415,415,ST,5.27,2187.05,946.20,EUR,1240.85000,0.57
.1~1008,1008,ZZ,01,07,01/07,/Date(1704585600000)/,2,7,250,3,02,Nrth Rhine Westfalia,West,BAD OEYNHAUSEN,Germany,32547,80148,12,ZZ-F13,1kg Strawberry Muesli,Finished Product,F13,1kg,Strawberry Muesli,359,359,ST,5.27,1891.93,818.52,EUR,1073.41000,0.57
.1~1007,1007,ZZ,01,07,01/07,/Date(1704585600000)/,2,7,249,3,02,Bavaria,South,INGOLSTADT,Germany,85055,80120,12,ZZ-F13,1kg Strawberry Muesli,Finished Product,F13,1kg,Strawberry Muesli,392,392,ST,5.27,2065.84,893.76,EUR,1172.08000,0.57
.1~1006,1006,ZZ,01,07,01/07,/Date(1704585600000)/,2,7,248,3,02,Bavaria,South,MÜNCHEN,Germany,81245,80123,12,ZZ-F13,1kg Strawberry Muesli,Finished Product,F13,1kg,Strawberry Muesli,363,363,ST,5.27,1913.01,827.64,EUR,1085.37000,0.57
.1~1005,1005,ZZ,01,07,01/07,/Date(1704585600000)/,2,7,248,9,02,Bavaria,South,MÜNCHEN,Germany,81245,80123,12,ZZ-F13,1kg Strawberry Muesli,Finished Product,F13,1kg,Strawberry Muesli,411,411,ST,5.27,2165.97,937.08,EUR,1228.89000,0.57
.1~1004,1004,ZZ,01,07,01/07,/Date(1704585600000)/,2,7,186,3,02,Saxony,North,ZWICKAU,Germany,08058,80166,12,ZZ-F13,1kg Strawberry Muesli,Finished Product,F13,1kg,Strawberry Muesli,385,385,ST,5.27,2028.95,877.80,EUR,1151.15000,0.57
.1~1003,1003,ZZ,01,07,01/07,/Date(1704585600000)/,2,7,183,1,02,Nrth Rhine Westfalia,West,MÜNSTER,Germany,48159,80158,12,ZZ-F13,1kg Strawberry Muesli,Finished Product,F13,1kg,Strawberry Muesli,435,435,ST,5.27,2292.45,991.80,EUR,1300.65000,0.57
.1~1002,1002,ZZ,01,07,01/07,/Date(1704585600000)/,2,7,255,3,02,Saxony,North,ZWICKAU,Germany,08058,80166,12,ZZ-F13,1kg Strawberry Muesli,Finished Product,F13,1kg,Strawberry Muesli,308,308,ST,5.27,1623.16,702.24,EUR,920.92000,0.57
.1~1001,1001,ZZ,01,07,01/07,/Date(1704585600000)/,2,7,253,3,02,Lower Saxony,North,GÖTTINGEN,Germany,37073,80142,12,ZZ-F13,1kg Strawberry Muesli,Finished Product,F13,1kg,Strawberry Muesli,405,405,ST,5.27,2134.35,923.40,EUR,1210.95000,0.57
.1~1000,1000,ZZ,01,07,01/07,/Date(1704585600000)/,2,7,254,1,02,Berlin,North,WALTERSDORF,Germany,12529,80130,12,ZZ-F13,1kg Strawberry Muesli,Finished Product,F13,1kg,Strawberry Muesli,341,341,ST,5.27,1797.07,777.48,EUR,1019.59000,0.57
.1~999,999,ZZ,01,07,01/07,/Date(1704585600000)/,2,7,179,9,02,Bavaria,South,MÜNCHEN,Germany,81245,80123,12,ZZ-F13,1kg Strawberry Muesli,Finished Product,F13,1kg,Strawberry Muesli,352,352,ST,5.27,1855.04,802.56,EUR,1052.48000,0.57
.1~998,998,ZZ,01,07,01/07,/Date(1704585600000)/,2,7,252,2,02,Nrth Rhine Westfalia,West,MÜNSTER,Germany,48159,80158,12,ZZ-F13,1kg Strawberry Muesli,Finished Product,F13,1kg,Strawberry Muesli,416,416,ST,5.27,2192.32,948.48,EUR,1243.84000,0.57
.1~997,997,ZZ,01,07,01/07,/Date(1704585600000)/,2,7,180,3,02,Bavaria,South,INGOLSTADT,Germany,85055,80120,12,ZZ-F13,1kg Strawberry Muesli,Finished Product,F13,1kg,Strawberry Muesli,429,429,ST,5.27,2260.83,978.12,EUR,1282.71000,0.57
.1~996,996,ZZ,01,07,01/07,/Date(1704585600000)/,2,7,252,1,02,Nrth Rhine Westfalia,West,MÜNSTER,Germany,48159,80158,12,ZZ-F13,1kg Strawberry Muesli,Finished Product,F13,1kg,Strawberry Muesli,422,422,ST,5.27,2223.94,962.16,EUR,1261.78000,0.57
.1~942,942,ZZ,01,06,01/06,/Date(1704499200000)/,2,6,173,1,02,Nrth Rhine Westfalia,West,KREFELD,Germany,47798,80157,12,ZZ-F13,1kg Strawberry Muesli,Finished Product,F13,1kg,Strawberry Muesli,422,422,ST,5.27,2223.94,962.16,EUR,1261.78000,0.57
.1~941,941,ZZ,01,06,01/06,/Date(1704499200000)/,2,6,243,3,02,Nrth Rhine Westfalia,West,SIEGEN,Germany,57076,80160,12,ZZ-F13,1kg Strawberry Muesli,Finished Product,F13,1kg,Strawberry Muesli,414,414,ST,5.27,2181.78,943.92,EUR,1237.86000,0.57
.1~940,940,ZZ,01,06,01/06,/Date(1704499200000)/,2,6,242,1,02,Nrth Rhine Westfalia,West,KREFELD,Germany,47798,80157,12,ZZ-F13,1kg Strawberry Muesli,Finished Product,F13,1kg,Strawberry Muesli,418,418,ST,5.27,2202.86,953.04,EUR,1249.82000,0.57
.1~939,939,ZZ,01,06,01/06,/Date(1704499200000)/,2,6,173,4,02,Nrth Rhine Westfalia,West,KREFELD,Germany,47798,80157,12,ZZ-F13,1kg Strawberry Muesli,Finished Product,F13,1kg,Strawberry Muesli,372,372,ST,5.27,1960.44,848.16,EUR,1112.28000,0.57
.1~938,938,ZZ,01,06,01/06,/Date(1704499200000)/,2,6,177,3,02,Mecklenburg-Vorpomm.,North,ROSTOCK,Germany,18184,80141,12,ZZ-F13,1kg Strawberry Muesli,Finished Product,F13,1kg,Strawberry Muesli,391,391,ST,5.27,2060.57,891.48,EUR,1169.09000,0.57
.1~937,937,ZZ,01,06,01/06,/Date(1704499200000)/,2,6,242,4,02,Nrth Rhine Westfalia,West,KREFELD,Germany,47798,80157,12,ZZ-F13,1kg Strawberry Muesli,Finished Product,F13,1kg,Strawberry Muesli,378,378,ST,5.27,1992.06,861.84,EUR,1130.22000,0.57
.1~936,936,ZZ,01,06,01/06,/Date(1704499200000)/,2,6,174,3,02,Nrth Rhine Westfalia,West,SIEGEN,Germany,57076,80160,12,ZZ-F13,1kg Strawberry Muesli,Finished Product,F13,1kg,Strawberry Muesli,405,405,ST,5.27,2134.35,923.40,EUR,1210.95000,0.57
.1~862,862,ZZ,01,05,01/05,/Date(1704412800000)/,1,5,165,1,02,Nrth Rhine Westfalia,West,BRÜHL,Germany,50321,80149,12,ZZ-F13,1kg Strawberry Muesli,Finished Product,F13,1kg,Strawberry Muesli,360,360,ST,5.27,1897.20,820.80,EUR,1076.40000,0.57
.1~861,861,ZZ,01,05,01/05,/Date(1704412800000)/,1,5,234,1,02,Nrth Rhine Westfalia,West,BRÜHL,Germany,50321,80149,12,ZZ-F13,1kg Strawberry Muesli,Finished Product,F13,1kg,Strawberry Muesli,438,438,ST,5.27,2308.26,998.64,EUR,1309.62000,0.57
.1~860,860,ZZ,01,05,01/05,/Date(1704412800000)/,1,5,233,4,02,Nrth Rhine Westfalia,West,SIEGEN,Germany,57076,80160,12,ZZ-F13,1kg Strawberry Muesli,Finished Product,F13,1kg,Strawberry Muesli,359,359,ST,5.27,1891.93,818.52,EUR,1073.41000,0.57
.1~859,859,ZZ,01,05,01/05,/Date(1704412800000)/,1,5,233,3,02,Nrth Rhine Westfalia,West,SIEGEN,Germany,57076,80160,12,ZZ-F13,1kg Strawberry Muesli,Finished Product,F13,1kg,Strawberry Muesli,374,374,ST,5.27,1970.98,852.72,EUR,1118.26000,0.57
.1~858,858,ZZ,01,05,01/05,/Date(1704412800000)/,1,5,164,4,02,Nrth Rhine Westfalia,West,SIEGEN,Germany,57076,80160,12,ZZ-F13,1kg Strawberry Muesli,Finished Product,F13,1kg,Strawberry Muesli,366,366,ST,5.27,1928.82,834.48,EUR,1094.34000,0.57
.1~857,857,ZZ,01,05,01/05,/Date(1704412800000)/,1,5,165,3,02,Nrth Rhine Westfalia,West,BRÜHL,Germany,50321,80149,12,ZZ-F13,1kg Strawberry Muesli,Finished Product,F13,1kg,Strawberry Muesli,360,360,ST,5.27,1897.20,820.80,EUR,1076.40000,0.57
.1~856,856,ZZ,01,05,01/05,/Date(1704412800000)/,1,5,234,3,02,Nrth Rhine Westfalia,West,BRÜHL,Germany,50321,80149,12,ZZ-F13,1kg Strawberry Muesli,Finished Product,F13,1kg,Strawberry Muesli,419,419,ST,5.27,2208.13,955.32,EUR,1252.81000,0.57
.1~855,855,ZZ,01,05,01/05,/Date(1704412800000)/,1,5,238,1,02,Brandenburg,North,BRANDENBURG,Germany,14772,80131,12,ZZ-F13,1kg Strawberry Muesli,Finished Product,F13,1kg,Strawberry Muesli,420,420,ST,5.27,2213.40,957.60,EUR,1255.80000,0.57
.1~795,795,ZZ,01,04,01/04,/Date(1704326400000)/,1,4,227,3,02,Nrth Rhine Westfalia,West,VELBERT,Germany,42551,80161,12,ZZ-F13,1kg Strawberry Muesli,Finished Product,F13,1kg,Strawberry Muesli,445,445,ST,5.27,2345.15,1014.60,EUR,1330.55000,0.57
.1~794,794,ZZ,01,04,01/04,/Date(1704326400000)/,1,4,154,2,02,Bavaria,South,MÜNCHEN,Germany,80939,80124,12,ZZ-F13,1kg Strawberry Muesli,Finished Product,F13,1kg,Strawberry Muesli,420,420,ST,5.27,2213.40,957.60,EUR,1255.80000,0.57
.1~793,793,ZZ,01,04,01/04,/Date(1704326400000)/,1,4,153,3,02,Baden-Wurttemberg,South,MANNHEIM,Germany,68199,80117,12,ZZ-F13,1kg Strawberry Muesli,Finished Product,F13,1kg,Strawberry Muesli,428,428,ST,5.27,2255.56,975.84,EUR,1279.72000,0.57
.1~792,792,ZZ,01,04,01/04,/Date(1704326400000)/,1,4,223,2,02,Bavaria,South,MÜNCHEN,Germany,80939,80124,12,ZZ-F13,1kg Strawberry Muesli,Finished Product,F13,1kg,Strawberry Muesli,453,453,ST,5.27,2387.31,1032.84,EUR,1354.47000,0.57
.1~791,791,ZZ,01,04,01/04,/Date(1704326400000)/,1,4,160,4,02,Schleswig-Holstein,North,KIEL,Germany,24113,80168,12,ZZ-F13,1kg Strawberry Muesli,Finished Product,F13,1kg,Strawberry Muesli,380,380,ST,5.27,2002.60,866.40,EUR,1136.20000,0.57
.1~790,790,ZZ,01,04,01/04,/Date(1704326400000)/,1,4,156,2,02,Nrth Rhine Westfalia,West,BAD OEYNHAUSEN,Germany,32547,80148,12,ZZ-F13,1kg Strawberry Muesli,Finished Product,F13,1kg,Strawberry Muesli,419,419,ST,5.27,2208.13,955.32,EUR,1252.81000,0.57
.1~789,789,ZZ,01,04,01/04,/Date(1704326400000)/,1,4,157,3,02,Nrth Rhine Westfalia,West,HERFORD,Germany,32052,80155,12,ZZ-F13,1kg Strawberry Muesli,Finished Product,F13,1kg,Strawberry Muesli,379,379,ST,5.27,1997.33,864.12,EUR,1133.21000,0.57
.1~788,788,ZZ,01,04,01/04,/Date(1704326400000)/,1,4,222,3,02,Baden-Wurttemberg,South,MANNHEIM,Germany,68199,80117,12,ZZ-F13,1kg Strawberry Muesli,Finished Product,F13,1kg,Strawberry Muesli,401,401,ST,5.27,2113.27,914.28,EUR,1198.99000,0.57
.1~787,787,ZZ,01,04,01/04,/Date(1704326400000)/,1,4,226,3,02,Nrth Rhine Westfalia,West,HERFORD,Germany,32052,80155,12,ZZ-F13,1kg Strawberry Muesli,Finished Product,F13,1kg,Strawberry Muesli,380,380,ST,5.27,2002.60,866.40,EUR,1136.20000,0.57
.1~786,786,ZZ,01,04,01/04,/Date(1704326400000)/,1,4,229,4,02,Schleswig-Holstein,North,KIEL,Germany,24113,80168,12,ZZ-F13,1kg Strawberry Muesli,Finished Product,F13,1kg,Strawberry Muesli,411,411,ST,5.27,2165.97,937.08,EUR,1228.89000,0.57
.1~785,785,ZZ,01,04,01/04,/Date(1704326400000)/,1,4,228,2,02,Lower Saxony,North,OLDENBURG,Germany,26129,80144,12,ZZ-F13,1kg Strawberry Muesli,Finished Product,F13,1kg,Strawberry Muesli,400,400,ST,5.27,2108.00,912.00,EUR,1196.00000,0.57
.1~784,784,ZZ,01,04,01/04,/Date(1704326400000)/,1,4,158,3,02,Nrth Rhine Westfalia,West,VELBERT,Germany,42551,80161,12,ZZ-F13,1kg Strawberry Muesli,Finished Product,F13,1kg,Strawberry Muesli,437,437,ST,5.27,2302.99,996.36,EUR,1306.63000,0.57
.1~783,783,ZZ,01,04,01/04,/Date(1704326400000)/,1,4,159,2,02,Lower Saxony,North,OLDENBURG,Germany,26129,80144,12,ZZ-F13,1kg Strawberry Muesli,Finished Product,F13,1kg,Strawberry Muesli,350,350,ST,5.27,1844.50,798.00,EUR,1046.50000,0.57
.1~723,723,ZZ,01,03,01/03,/Date(1704240000000)/,1,3,215,3,02,Baden-Wurttemberg,South,MANNHEIM,Germany,68199,80117,12,ZZ-F13,1kg Strawberry Muesli,Finished Product,F13,1kg,Strawberry Muesli,373,373,ST,5.27,1965.71,850.44,EUR,1115.27000,0.57
.1~722,722,ZZ,01,03,01/03,/Date(1704240000000)/,1,3,214,4,02,Hessen,South,FULDA,Germany,36037,80137,12,ZZ-F13,1kg Strawberry Muesli,Finished Product,F13,1kg,Strawberry Muesli,441,441,ST,5.27,2324.07,1005.48,EUR,1318.59000,0.57
.1~721,721,ZZ,01,03,01/03,/Date(1704240000000)/,1,3,218,1,02,Rhineland Palatinate,West,BAD KREUZNACH,Germany,55543,80163,12,ZZ-F13,1kg Strawberry Muesli,Finished Product,F13,1kg,Strawberry Muesli,434,434,ST,5.27,2287.18,989.52,EUR,1297.66000,0.57
.1~720,720,ZZ,01,03,01/03,/Date(1704240000000)/,1,3,149,1,02,Rhineland Palatinate,West,BAD KREUZNACH,Germany,55543,80163,12,ZZ-F13,1kg Strawberry Muesli,Finished Product,F13,1kg,Strawberry Muesli,406,406,ST,5.27,2139.62,925.68,EUR,1213.94000,0.57
.1~719,719,ZZ,01,03,01/03,/Date(1704240000000)/,1,3,214,1,02,Hessen,South,FULDA,Germany,36037,80137,12,ZZ-F13,1kg Strawberry Muesli,Finished Product,F13,1kg,Strawberry Muesli,421,421,ST,5.27,2218.67,959.88,EUR,1258.79000,0.57
.1~718,718,ZZ,01,03,01/03,/Date(1704240000000)/,1,3,146,3,02,Baden-Wurttemberg,South,MANNHEIM,Germany,68199,80117,12,ZZ-F13,1kg Strawberry Muesli,Finished Product,F13,1kg,Strawberry Muesli,343,343,ST,5.27,1807.61,782.04,EUR,1025.57000,0.57
.1~717,717,ZZ,01,03,01/03,/Date(1704240000000)/,1,3,152,2,02,Lower Saxony,North,OLDENBURG,Germany,26121,80145,12,ZZ-F13,1kg Strawberry Muesli,Finished Product,F13,1kg,Strawberry Muesli,411,411,ST,5.27,2165.97,937.08,EUR,1228.89000,0.57
.1~716,716,ZZ,01,03,01/03,/Date(1704240000000)/,1,3,145,1,02,Hessen,South,FULDA,Germany,36037,80137,12,ZZ-F13,1kg Strawberry Muesli,Finished Product,F13,1kg,Strawberry Muesli,373,373,ST,5.27,1965.71,850.44,EUR,1115.27000,0.57
.1~715,715,ZZ,01,03,01/03,/Date(1704240000000)/,1,3,221,2,02,Lower Saxony,North,OLDENBURG,Germany,26121,80145,12,ZZ-F13,1kg Strawberry Muesli,Finished Product,F13,1kg,Strawberry Muesli,427,427,ST,5.27,2250.29,973.56,EUR,1276.73000,0.57
.1~714,714,ZZ,01,03,01/03,/Date(1704240000000)/,1,3,145,4,02,Hessen,South,FULDA,Germany,36037,80137,12,ZZ-F13,1kg Strawberry Muesli,Finished Product,F13,1kg,Strawberry Muesli,355,355,ST,5.27,1870.85,809.40,EUR,1061.45000,0.57
.1~655,655,ZZ,01,02,01/02,/Date(1704153600000)/,1,2,211,4,02,Lower Saxony,North,GÖTTINGEN,Germany,37073,80142,12,ZZ-F13,1kg Strawberry Muesli,Finished Product,F13,1kg,Strawberry Muesli,395,395,ST,5.27,2081.65,900.60,EUR,1181.05000,0.57
.1~654,654,ZZ,01,02,01/02,/Date(1704153600000)/,1,2,212,3,02,Saxony-Anhalt,North,GÜNTHERSDORF,Germany,06254,80167,12,ZZ-F13,1kg Strawberry Muesli,Finished Product,F13,1kg,Strawberry Muesli,364,364,ST,5.27,1918.28,829.92,EUR,1088.36000,0.57
.1~653,653,ZZ,01,02,01/02,/Date(1704153600000)/,1,2,204,2,02,Baden-Wurttemberg,South,KARLSRUHE,Germany,76133,80115,12,ZZ-F13,1kg Strawberry Muesli,Finished Product,F13,1kg,Strawberry Muesli,443,443,ST,5.27,2334.61,1010.04,EUR,1324.57000,0.57
.1~652,652,ZZ,01,02,01/02,/Date(1704153600000)/,1,2,205,2,02,Hessen,South,MAGDEBURG,Germany,39128,80138,12,ZZ-F13,1kg Strawberry Muesli,Finished Product,F13,1kg,Strawberry Muesli,415,415,ST,5.27,2187.05,946.20,EUR,1240.85000,0.57
.1~651,651,ZZ,01,02,01/02,/Date(1704153600000)/,1,2,205,3,02,Hessen,South,MAGDEBURG,Germany,39128,80138,12,ZZ-F13,1kg Strawberry Muesli,Finished Product,F13,1kg,Strawberry Muesli,361,361,ST,5.27,1902.47,823.08,EUR,1079.39000,0.57
.1~650,650,ZZ,01,02,01/02,/Date(1704153600000)/,1,2,206,4,02,Baden-Wurttemberg,South,GUNDELFINGEN,Germany,79194,80114,12,ZZ-F13,1kg Strawberry Muesli,Finished Product,F13,1kg,Strawberry Muesli,343,343,ST,5.27,1807.61,782.04,EUR,1025.57000,0.57
.1~649,649,ZZ,01,02,01/02,/Date(1704153600000)/,1,2,143,3,02,Saxony-Anhalt,North,GÜNTHERSDORF,Germany,06254,80167,12,ZZ-F13,1kg Strawberry Muesli,Finished Product,F13,1kg,Strawberry Muesli,349,349,ST,5.27,1839.23,795.72,EUR,1043.51000,0.57
.1~648,648,ZZ,01,02,01/02,/Date(1704153600000)/,1,2,136,3,02,Hessen,South,MAGDEBURG,Germany,39128,80138,12,ZZ-F13,1kg Strawberry Muesli,Finished Product,F13,1kg,Strawberry Muesli,446,446,ST,5.27,2350.42,1016.88,EUR,1333.54000,0.57
.1~577,577,ZZ,01,01,01/01,/Date(1704067200000)/,1,1,201,1,02,Lower Saxony,North,UELZEN,Germany,29525,80146,12,ZZ-F13,1kg Strawberry Muesli,Finished Product,F13,1kg,Strawberry Muesli,422,422,ST,5.27,2223.94,962.16,EUR,1261.78000,0.57
.1~576,576,ZZ,01,01,01/01,/Date(1704067200000)/,1,1,201,4,02,Lower Saxony,North,UELZEN,Germany,29525,80146,12,ZZ-F13,1kg Strawberry Muesli,Finished Product,F13,1kg,Strawberry Muesli,358,358,ST,5.27,1886.66,816.24,EUR,1070.42000,0.57
.1~575,575,ZZ,01,01,01/01,/Date(1704067200000)/,1,1,127,0,02,Baden-Wurttemberg,South,FREIBURG,Germany,79098,80113,12,ZZ-F13,1kg Strawberry Muesli,Finished Product,F13,1kg,Strawberry Muesli,403,403,ST,5.27,2123.81,918.84,EUR,1204.97000,0.57
.1~574,574,ZZ,01,01,01/01,/Date(1704067200000)/,1,1,200,2,02,Nrth Rhine Westfalia,West,HERFORD,Germany,32052,80155,12,ZZ-F13,1kg Strawberry Muesli,Finished Product,F13,1kg,Strawberry Muesli,394,394,ST,5.27,2076.38,898.32,EUR,1178.06000,0.57
.1~573,573,ZZ,01,01,01/01,/Date(1704067200000)/,1,1,129,1,02,Nrth Rhine Westfalia,West,DORTMUND,Germany,44339,80150,12,ZZ-F13,1kg Strawberry Muesli,Finished Product,F13,1kg,Strawberry Muesli,356,356,ST,5.27,1876.12,811.68,EUR,1064.44000,0.57
.1~572,572,ZZ,01,01,01/01,/Date(1704067200000)/,1,1,127,3,02,Baden-Wurttemberg,South,FREIBURG,Germany,79098,80113,12,ZZ-F13,1kg Strawberry Muesli,Finished Product,F13,1kg,Strawberry Muesli,454,454,ST,5.27,2392.58,1035.12,EUR,1357.46000,0.57
.1~571,571,ZZ,01,01,01/01,/Date(1704067200000)/,1,1,203,4,02,Bremen,North,BREMEN,Germany,28259,80133,12,ZZ-F13,1kg Strawberry Muesli,Finished Product,F13,1kg,Strawberry Muesli,393,393,ST,5.27,2071.11,896.04,EUR,1175.07000,0.57
.1~570,570,ZZ,01,01,01/01,/Date(1704067200000)/,1,1,130,2,02,Nrth Rhine Westfalia,West,BRÜHL,Germany,50321,80149,12,ZZ-F13,1kg Strawberry Muesli,Finished Product,F13,1kg,Strawberry Muesli,388,388,ST,5.27,2044.76,884.64,EUR,1160.12000,0.57
.1~569,569,ZZ,01,01,01/01,/Date(1704067200000)/,1,1,196,3,02,Baden-Wurttemberg,South,FREIBURG,Germany,79098,80113,12,ZZ-F13,1kg Strawberry Muesli,Finished Product,F13,1kg,Strawberry Muesli,409,409,ST,5.27,2155.43,932.52,EUR,1222.91000,0.57
.1~568,568,ZZ,01,01,01/01,/Date(1704067200000)/,1,1,196,2,02,Baden-Wurttemberg,South,FREIBURG,Germany,79098,80113,12,ZZ-F13,1kg Strawberry Muesli,Finished Product,F13,1kg,Strawberry Muesli,361,361,ST,5.27,1902.47,823.08,EUR,1079.39000,0.57
.1~567,567,ZZ,01,01,01/01,/Date(1704067200000)/,1,1,132,4,02,Lower Saxony,North,UELZEN,Germany,29525,80146,12,ZZ-F13,1kg Strawberry Muesli,Finished Product,F13,1kg,Strawberry Muesli,386,386,ST,5.27,2034.22,880.08,EUR,1154.14000,0.57
.1~566,566,ZZ,01,01,01/01,/Date(1704067200000)/,1,1,132,1,02,Lower Saxony,North,UELZEN,Germany,29525,80146,12,ZZ-F13,1kg Strawberry Muesli,Finished Product,F13,1kg,Strawberry Muesli,418,418,ST,5.27,2202.86,953.04,EUR,1249.82000,0.57
.1~565,565,ZZ,01,01,01/01,/Date(1704067200000)/,1,1,198,1,02,Nrth Rhine Westfalia,West,DORTMUND,Germany,44339,80150,12,ZZ-F13,1kg Strawberry Muesli,Finished Product,F13,1kg,Strawberry Muesli,354,354,ST,5.27,1865.58,807.12,EUR,1058.46000,0.57
.1~564,564,ZZ,01,01,01/01,/Date(1704067200000)/,1,1,198,2,02,Nrth Rhine Westfalia,West,DORTMUND,Germany,44339,80150,12,ZZ-F13,1kg Strawberry Muesli,Finished Product,F13,1kg,Strawberry Muesli,378,378,ST,5.27,1992.06,861.84,EUR,1130.22000,0.57
.1~563,563,ZZ,01,01,01/01,/Date(1704067200000)/,1,1,131,2,02,Nrth Rhine Westfalia,West,HERFORD,Germany,32052,80155,12,ZZ-F13,1kg Strawberry Muesli,Finished Product,F13,1kg,Strawberry Muesli,441,441,ST,5.27,2324.07,1005.48,EUR,1318.59000,0.57
.1~562,562,ZZ,01,01,01/01,/Date(1704067200000)/,1,1,199,2,02,Nrth Rhine Westfalia,West,BRÜHL,Germany,50321,80149,12,ZZ-F13,1kg Strawberry Muesli,Finished Product,F13,1kg,Strawberry Muesli,353,353,ST,5.27,1860.31,804.84,EUR,1055.47000,0.57
.1~506,506,AA,01,15,01/15,/Date(1705276800000)/,3,15,123,4,02,Bavaria,South,MÜNCHEN,Germany,80939,80124,12,AA-F13,1kg Strawberry Muesli,Finished Product,F13,1kg,Strawberry Muesli,264,264,ST,5.27,1391.28,601.92,EUR,789.36000,0.57
.1~498,498,AA,01,14,01/14,/Date(1705190400000)/,3,14,120,4,02,Rhineland Palatinate,West,BAD KREUZNACH,Germany,55543,80163,12,AA-F13,1kg Strawberry Muesli,Finished Product,F13,1kg,Strawberry Muesli,348,348,ST,5.27,1833.96,793.44,EUR,1040.52000,0.57
.1~497,497,AA,01,14,01/14,/Date(1705190400000)/,3,14,117,4,02,Lower Saxony,North,WOLFSBURG,Germany,38444,80147,12,AA-F13,1kg Strawberry Muesli,Finished Product,F13,1kg,Strawberry Muesli,348,348,ST,5.27,1833.96,793.44,EUR,1040.52000,0.57
.1~496,496,AA,01,14,01/14,/Date(1705190400000)/,3,14,117,3,02,Lower Saxony,North,WOLFSBURG,Germany,38444,80147,12,AA-F13,1kg Strawberry Muesli,Finished Product,F13,1kg,Strawberry Muesli,420,420,ST,5.27,2213.40,957.60,EUR,1255.80000,0.57
.1~495,495,AA,01,14,01/14,/Date(1705190400000)/,3,14,120,2,02,Rhineland Palatinate,West,BAD KREUZNACH,Germany,55543,80163,12,AA-F13,1kg Strawberry Muesli,Finished Product,F13,1kg,Strawberry Muesli,401,401,ST,5.27,2113.27,914.28,EUR,1198.99000,0.57
.1~494,494,AA,01,14,01/14,/Date(1705190400000)/,3,14,118,4,02,Lower Saxony,North,NIENBURG,Germany,31582,80143,12,AA-F13,1kg Strawberry Muesli,Finished Product,F13,1kg,Strawberry Muesli,422,422,ST,5.27,2223.94,962.16,EUR,1261.78000,0.57
.1~493,493,AA,01,14,01/14,/Date(1705190400000)/,3,14,114,3,02,Bavaria,South,NÜRNBERG-BUCH,Germany,90427,80126,12,AA-F13,1kg Strawberry Muesli,Finished Product,F13,1kg,Strawberry Muesli,424,424,ST,5.27,2234.48,966.72,EUR,1267.76000,0.57
.1~492,492,AA,01,14,01/14,/Date(1705190400000)/,3,14,121,4,02,Nrth Rhine Westfalia,West,BRÜHL,Germany,50321,80149,12,AA-F13,1kg Strawberry Muesli,Finished Product,F13,1kg,Strawberry Muesli,357,357,ST,5.27,1881.39,813.96,EUR,1067.43000,0.57
.1~491,491,AA,01,14,01/14,/Date(1705190400000)/,3,14,122,4,02,Nrth Rhine Westfalia,West,BAD OEYNHAUSEN,Germany,32547,80148,12,AA-F13,1kg Strawberry Muesli,Finished Product,F13,1kg,Strawberry Muesli,346,346,ST,5.27,1823.42,788.88,EUR,1034.54000,0.57
.1~466,466,AA,01,13,01/13,/Date(1705104000000)/,3,13,111,3,02,Nrth Rhine Westfalia,West,WÜRSELEN,Germany,52146,80162,12,AA-F13,1kg Strawberry Muesli,Finished Product,F13,1kg,Strawberry Muesli,395,395,ST,5.27,2081.65,900.60,EUR,1181.05000,0.57
.1~465,465,AA,01,13,01/13,/Date(1705104000000)/,3,13,108,1,02,Mecklenburg-Vorpomm.,North,ROSTOCK,Germany,18184,80141,12,AA-F13,1kg Strawberry Muesli,Finished Product,F13,1kg,Strawberry Muesli,371,371,ST,5.27,1955.17,845.88,EUR,1109.29000,0.57
.1~464,464,AA,01,13,01/13,/Date(1705104000000)/,3,13,112,1,02,Nrth Rhine Westfalia,West,DORTMUND,Germany,44339,80150,12,AA-F13,1kg Strawberry Muesli,Finished Product,F13,1kg,Strawberry Muesli,426,426,ST,5.27,2245.02,971.28,EUR,1273.74000,0.57
.1~463,463,AA,01,13,01/13,/Date(1705104000000)/,3,13,106,1,02,Hessen,South,MARBURG,Germany,35037,80139,12,AA-F13,1kg Strawberry Muesli,Finished Product,F13,1kg,Strawberry Muesli,404,404,ST,5.27,2129.08,921.12,EUR,1207.96000,0.57
.1~462,462,AA,01,13,01/13,/Date(1705104000000)/,3,13,105,4,02,Bavaria,South,MÜNCHEN,Germany,80804,80122,12,AA-F13,1kg Strawberry Muesli,Finished Product,F13,1kg,Strawberry Muesli,388,388,ST,5.27,2044.76,884.64,EUR,1160.12000,0.57
.1~461,461,AA,01,13,01/13,/Date(1705104000000)/,3,13,105,3,02,Bavaria,South,MÜNCHEN,Germany,80804,80122,12,AA-F13,1kg Strawberry Muesli,Finished Product,F13,1kg,Strawberry Muesli,421,421,ST,5.27,2218.67,959.88,EUR,1258.79000,0.57
.1~426,426,AA,01,12,01/12,/Date(1705017600000)/,3,12,96,2,02,Baden-Wurttemberg,South,ESSLINGEN,Germany,73730,80112,12,AA-F13,1kg Strawberry Muesli,Finished Product,F13,1kg,Strawberry Muesli,371,371,ST,5.27,1955.17,845.88,EUR,1109.29000,0.57
.1~425,425,AA,01,12,01/12,/Date(1705017600000)/,3,12,104,1,02,Nrth Rhine Westfalia,West,DÜSSELDORF,Germany,40213,80152,12,AA-F13,1kg Strawberry Muesli,Finished Product,F13,1kg,Strawberry Muesli,407,407,ST,5.27,2144.89,927.96,EUR,1216.93000,0.57
.1~424,424,AA,01,12,01/12,/Date(1705017600000)/,3,12,97,1,02,Schleswig-Holstein,North,NEUMÜNSTER,Germany,24537,80169,12,AA-F13,1kg Strawberry Muesli,Finished Product,F13,1kg,Strawberry Muesli,366,366,ST,5.27,1928.82,834.48,EUR,1094.34000,0.57
.1~423,423,AA,01,12,01/12,/Date(1705017600000)/,3,12,98,2,02,Bavaria,South,WÜRZBURG,Germany,97070,80128,12,AA-F13,1kg Strawberry Muesli,Finished Product,F13,1kg,Strawberry Muesli,379,379,ST,5.27,1997.33,864.12,EUR,1133.21000,0.57
.1~422,422,AA,01,12,01/12,/Date(1705017600000)/,3,12,99,1,02,Baden-Wurttemberg,South,FREIBURG,Germany,79098,80113,12,AA-F13,1kg Strawberry Muesli,Finished Product,F13,1kg,Strawberry Muesli,346,346,ST,5.27,1823.42,788.88,EUR,1034.54000,0.57
.1~421,421,AA,01,12,01/12,/Date(1705017600000)/,3,12,99,2,02,Baden-Wurttemberg,South,FREIBURG,Germany,79098,80113,12,AA-F13,1kg Strawberry Muesli,Finished Product,F13,1kg,Strawberry Muesli,421,421,ST,5.27,2218.67,959.88,EUR,1258.79000,0.57
.1~420,420,AA,01,12,01/12,/Date(1705017600000)/,3,12,102,4,02,Nrth Rhine Westfalia,West,VELBERT,Germany,42551,80161,12,AA-F13,1kg Strawberry Muesli,Finished Product,F13,1kg,Strawberry Muesli,417,417,ST,5.27,2197.59,950.76,EUR,1246.83000,0.57
.1~419,419,AA,01,12,01/12,/Date(1705017600000)/,3,12,102,1,02,Nrth Rhine Westfalia,West,VELBERT,Germany,42551,80161,12,AA-F13,1kg Strawberry Muesli,Finished Product,F13,1kg,Strawberry Muesli,444,444,ST,5.27,2339.88,1012.32,EUR,1327.56000,0.57
.1~418,418,AA,01,12,01/12,/Date(1705017600000)/,3,12,103,3,02,Nrth Rhine Westfalia,West,BAD OEYNHAUSEN,Germany,32547,80148,12,AA-F13,1kg Strawberry Muesli,Finished Product,F13,1kg,Strawberry Muesli,345,345,ST,5.27,1818.15,786.60,EUR,1031.55000,0.57
.1~391,391,AA,01,11,01/11,/Date(1704931200000)/,3,11,91,2,02,Saxony-Anhalt,North,GÜNTHERSDORF,Germany,06254,80167,12,AA-F13,1kg Strawberry Muesli,Finished Product,F13,1kg,Strawberry Muesli,435,435,ST,5.27,2292.45,991.80,EUR,1300.65000,0.57
.1~390,390,AA,01,11,01/11,/Date(1704931200000)/,3,11,91,3,02,Saxony-Anhalt,North,GÜNTHERSDORF,Germany,06254,80167,12,AA-F13,1kg Strawberry Muesli,Finished Product,F13,1kg,Strawberry Muesli,390,390,ST,5.27,2055.30,889.20,EUR,1166.10000,0.57
.1~389,389,AA,01,11,01/11,/Date(1704931200000)/,3,11,89,1,02,Brandenburg,North,BRANDENBURG,Germany,14772,80131,12,AA-F13,1kg Strawberry Muesli,Finished Product,F13,1kg,Strawberry Muesli,393,393,ST,5.27,2071.11,896.04,EUR,1175.07000,0.57
.1~388,388,AA,01,11,01/11,/Date(1704931200000)/,3,11,88,3,02,Schleswig-Holstein,North,NEUMÜNSTER,Germany,24537,80169,12,AA-F13,1kg Strawberry Muesli,Finished Product,F13,1kg,Strawberry Muesli,435,435,ST,5.27,2292.45,991.80,EUR,1300.65000,0.57
.1~387,387,AA,01,11,01/11,/Date(1704931200000)/,3,11,89,3,02,Brandenburg,North,BRANDENBURG,Germany,14772,80131,12,AA-F13,1kg Strawberry Muesli,Finished Product,F13,1kg,Strawberry Muesli,387,387,ST,5.27,2039.49,882.36,EUR,1157.13000,0.57
.1~386,386,AA,01,11,01/11,/Date(1704931200000)/,3,11,92,3,02,Baden-Wurttemberg,South,MANNHEIM,Germany,68199,80117,12,AA-F13,1kg Strawberry Muesli,Finished Product,F13,1kg,Strawberry Muesli,414,414,ST,5.27,2181.78,943.92,EUR,1237.86000,0.57
.1~385,385,AA,01,11,01/11,/Date(1704931200000)/,3,11,93,1,02,Nrth Rhine Westfalia,West,MÜNSTER,Germany,48159,80158,12,AA-F13,1kg Strawberry Muesli,Finished Product,F13,1kg,Strawberry Muesli,349,349,ST,5.27,1839.23,795.72,EUR,1043.51000,0.57
.1~384,384,AA,01,11,01/11,/Date(1704931200000)/,3,11,90,2,02,Bavaria,South,INGOLSTADT,Germany,85055,80120,12,AA-F13,1kg Strawberry Muesli,Finished Product,F13,1kg,Strawberry Muesli,383,383,ST,5.27,2018.41,873.24,EUR,1145.17000,0.57
.1~356,356,AA,01,10,01/10,/Date(1704844800000)/,2,10,79,3,02,Bavaria,South,INGOLSTADT,Germany,85046,80121,12,AA-F13,1kg Strawberry Muesli,Finished Product,F13,1kg,Strawberry Muesli,409,409,ST,5.27,2155.43,932.52,EUR,1222.91000,0.57
.1~355,355,AA,01,10,01/10,/Date(1704844800000)/,2,10,79,2,02,Bavaria,South,INGOLSTADT,Germany,85046,80121,12,AA-F13,1kg Strawberry Muesli,Finished Product,F13,1kg,Strawberry Muesli,446,446,ST,5.27,2350.42,1016.88,EUR,1333.54000,0.57
.1~354,354,AA,01,10,01/10,/Date(1704844800000)/,2,10,85,1,02,Rhineland Palatinate,West,TRIER,Germany,54290,80164,12,AA-F13,1kg Strawberry Muesli,Finished Product,F13,1kg,Strawberry Muesli,398,398,ST,5.27,2097.46,907.44,EUR,1190.02000,0.57
.1~353,353,AA,01,10,01/10,/Date(1704844800000)/,2,10,85,4,02,Rhineland Palatinate,West,TRIER,Germany,54290,80164,12,AA-F13,1kg Strawberry Muesli,Finished Product,F13,1kg,Strawberry Muesli,392,392,ST,5.27,2065.84,893.76,EUR,1172.08000,0.57
.1~352,352,AA,01,10,01/10,/Date(1704844800000)/,2,10,82,2,02,Lower Saxony,North,UELZEN,Germany,29525,80146,12,AA-F13,1kg Strawberry Muesli,Finished Product,F13,1kg,Strawberry Muesli,437,437,ST,5.27,2302.99,996.36,EUR,1306.63000,0.57
.1~351,351,AA,01,10,01/10,/Date(1704844800000)/,2,10,84,2,02,Nrth Rhine Westfalia,West,KREFELD,Germany,47798,80157,12,AA-F13,1kg Strawberry Muesli,Finished Product,F13,1kg,Strawberry Muesli,424,424,ST,5.27,2234.48,966.72,EUR,1267.76000,0.57
.1~350,350,AA,01,10,01/10,/Date(1704844800000)/,2,10,84,3,02,Nrth Rhine Westfalia,West,KREFELD,Germany,47798,80157,12,AA-F13,1kg Strawberry Muesli,Finished Product,F13,1kg,Strawberry Muesli,424,424,ST,5.27,2234.48,966.72,EUR,1267.76000,0.57
.1~349,349,AA,01,10,01/10,/Date(1704844800000)/,2,10,83,4,02,Lower Saxony,North,OLDENBURG,Germany,26121,80145,12,AA-F13,1kg Strawberry Muesli,Finished Product,F13,1kg,Strawberry Muesli,355,355,ST,5.27,1870.85,809.40,EUR,1061.45000,0.57
.1~348,348,AA,01,10,01/10,/Date(1704844800000)/,2,10,80,1,02,Bavaria,South,NÜRNBERG-BUCH,Germany,90427,80126,12,AA-F13,1kg Strawberry Muesli,Finished Product,F13,1kg,Strawberry Muesli,407,407,ST,5.27,2144.89,927.96,EUR,1216.93000,0.57
.1~347,347,AA,01,10,01/10,/Date(1704844800000)/,2,10,83,1,02,Lower Saxony,North,OLDENBURG,Germany,26121,80145,12,AA-F13,1kg Strawberry Muesli,Finished Product,F13,1kg,Strawberry Muesli,442,442,ST,5.27,2329.34,1007.76,EUR,1321.58000,0.57
.1~315,315,AA,01,09,01/09,/Date(1704758400000)/,2,9,73,4,02,Lower Saxony,North,NIENBURG,Germany,31582,80143,12,AA-F13,1kg Strawberry Muesli,Finished Product,F13,1kg,Strawberry Muesli,379,379,ST,5.27,1997.33,864.12,EUR,1133.21000,0.57
.1~283,283,AA,01,08,01/08,/Date(1704672000000)/,2,8,62,1,02,Baden-Wurttemberg,South,MANNHEIM,Germany,68199,80117,12,AA-F13,1kg Strawberry Muesli,Finished Product,F13,1kg,Strawberry Muesli,369,369,ST,5.27,1944.63,841.32,EUR,1103.31000,0.57
.1~282,282,AA,01,08,01/08,/Date(1704672000000)/,2,8,69,3,02,Nrth Rhine Westfalia,West,VELBERT,Germany,42551,80161,12,AA-F13,1kg Strawberry Muesli,Finished Product,F13,1kg,Strawberry Muesli,372,372,ST,5.27,1960.44,848.16,EUR,1112.28000,0.57
.1~281,281,AA,01,08,01/08,/Date(1704672000000)/,2,8,64,2,02,Saxony,North,ZWICKAU,Germany,08058,80166,12,AA-F13,1kg Strawberry Muesli,Finished Product,F13,1kg,Strawberry Muesli,360,360,ST,5.27,1897.20,820.80,EUR,1076.40000,0.57
.1~280,280,AA,01,08,01/08,/Date(1704672000000)/,2,8,65,2,02,Mecklenburg-Vorpomm.,North,ROSTOCK,Germany,18184,80141,12,AA-F13,1kg Strawberry Muesli,Finished Product,F13,1kg,Strawberry Muesli,398,398,ST,5.27,2097.46,907.44,EUR,1190.02000,0.57
.1~252,252,AA,01,07,01/07,/Date(1704585600000)/,2,7,53,2,02,Bavaria,South,REGENSBURG,Germany,93053,80127,12,AA-F13,1kg Strawberry Muesli,Finished Product,F13,1kg,Strawberry Muesli,441,441,ST,5.27,2324.07,1005.48,EUR,1318.59000,0.57
.1~251,251,AA,01,07,01/07,/Date(1704585600000)/,2,7,56,2,02,Hamburg,North,BUXTEHUDE,Germany,21614,80134,12,AA-F13,1kg Strawberry Muesli,Finished Product,F13,1kg,Strawberry Muesli,417,417,ST,5.27,2197.59,950.76,EUR,1246.83000,0.57
.1~250,250,AA,01,07,01/07,/Date(1704585600000)/,2,7,54,2,02,Baden-Wurttemberg,South,GUNDELFINGEN,Germany,79194,80114,12,AA-F13,1kg Strawberry Muesli,Finished Product,F13,1kg,Strawberry Muesli,410,410,ST,5.27,2160.70,934.80,EUR,1225.90000,0.57
.1~216,216,AA,01,06,01/06,/Date(1704499200000)/,2,6,46,4,02,Baden-Wurttemberg,South,ALBSTADT,Germany,72458,80170,12,AA-F13,1kg Strawberry Muesli,Finished Product,F13,1kg,Strawberry Muesli,362,362,ST,5.27,1907.74,825.36,EUR,1082.38000,0.57
.1~215,215,AA,01,06,01/06,/Date(1704499200000)/,2,6,51,4,02,Nrth Rhine Westfalia,West,BRÜHL,Germany,50321,80149,12,AA-F13,1kg Strawberry Muesli,Finished Product,F13,1kg,Strawberry Muesli,354,354,ST,5.27,1865.58,807.12,EUR,1058.46000,0.57
.1~214,214,AA,01,06,01/06,/Date(1704499200000)/,2,6,44,3,02,Saxony-Anhalt,North,GÜNTHERSDORF,Germany,06254,80167,12,AA-F13,1kg Strawberry Muesli,Finished Product,F13,1kg,Strawberry Muesli,368,368,ST,5.27,1939.36,839.04,EUR,1100.32000,0.57
.1~213,213,AA,01,06,01/06,/Date(1704499200000)/,2,6,47,2,02,Baden-Wurttemberg,South,KARLSRUHE,Germany,76133,80115,12,AA-F13,1kg Strawberry Muesli,Finished Product,F13,1kg,Strawberry Muesli,423,423,ST,5.27,2229.21,964.44,EUR,1264.77000,0.57
.1~212,212,AA,01,06,01/06,/Date(1704499200000)/,2,6,45,1,02,Brandenburg,North,BRANDENBURG,Germany,14772,80131,12,AA-F13,1kg Strawberry Muesli,Finished Product,F13,1kg,Strawberry Muesli,419,419,ST,5.27,2208.13,955.32,EUR,1252.81000,0.57
.1~176,176,AA,01,05,01/05,/Date(1704412800000)/,1,5,42,2,02,Nrth Rhine Westfalia,West,DÜSSELDORF,Germany,40212,80151,12,AA-F13,1kg Strawberry Muesli,Finished Product,F13,1kg,Strawberry Muesli,437,437,ST,5.27,2302.99,996.36,EUR,1306.63000,0.57
.1~142,142,AA,01,04,01/04,/Date(1704326400000)/,1,4,28,2,02,Lower Saxony,North,OLDENBURG,Germany,26129,80144,12,AA-F13,1kg Strawberry Muesli,Finished Product,F13,1kg,Strawberry Muesli,354,354,ST,5.27,1865.58,807.12,EUR,1058.46000,0.57
.1~141,141,AA,01,04,01/04,/Date(1704326400000)/,1,4,31,4,02,Hamburg,North,HAMBURG,Germany,22765,80135,12,AA-F13,1kg Strawberry Muesli,Finished Product,F13,1kg,Strawberry Muesli,350,350,ST,5.27,1844.50,798.00,EUR,1046.50000,0.57
.1~140,140,AA,01,04,01/04,/Date(1704326400000)/,1,4,31,2,02,Hamburg,North,HAMBURG,Germany,22765,80135,12,AA-F13,1kg Strawberry Muesli,Finished Product,F13,1kg,Strawberry Muesli,343,343,ST,5.27,1807.61,782.04,EUR,1025.57000,0.57
.1~139,139,AA,01,04,01/04,/Date(1704326400000)/,1,4,33,0,02,Nrth Rhine Westfalia,West,GELSENKIRCHEN,Germany,45879,80154,12,AA-F13,1kg Strawberry Muesli,Finished Product,F13,1kg,Strawberry Muesli,454,454,ST,5.27,2392.58,1035.12,EUR,1357.46000,0.57
.1~103,103,AA,01,03,01/03,/Date(1704240000000)/,1,3,23,1,02,Bavaria,South,MÜNCHEN,Germany,81245,80123,12,AA-F13,1kg Strawberry Muesli,Finished Product,F13,1kg,Strawberry Muesli,454,454,ST,5.27,2392.58,1035.12,EUR,1357.46000,0.57
.1~102,102,AA,01,03,01/03,/Date(1704240000000)/,1,3,22,1,02,Hessen,South,WIESBADEN,Germany,65183,80140,12,AA-F13,1kg Strawberry Muesli,Finished Product,F13,1kg,Strawberry Muesli,425,425,ST,5.27,2239.75,969.00,EUR,1270.75000,0.57
.1~101,101,AA,01,03,01/03,/Date(1704240000000)/,1,3,23,2,02,Bavaria,South,MÜNCHEN,Germany,81245,80123,12,AA-F13,1kg Strawberry Muesli,Finished Product,F13,1kg,Strawberry Muesli,380,380,ST,5.27,2002.60,866.40,EUR,1136.20000,0.57
.1~100,100,AA,01,03,01/03,/Date(1704240000000)/,1,3,23,4,02,Bavaria,South,MÜNCHEN,Germany,81245,80123,12,AA-F13,1kg Strawberry Muesli,Finished Product,F13,1kg,Strawberry Muesli,430,430,ST,5.27,2266.10,980.40,EUR,1285.70000,0.57
.1~99,99,AA,01,03,01/03,/Date(1704240000000)/,1,3,20,1,02,Hessen,South,MARBURG,Germany,35037,80139,12,AA-F13,1kg Strawberry Muesli,Finished Product,F13,1kg,Strawberry Muesli,368,368,ST,5.27,1939.36,839.04,EUR,1100.32000,0.57
.1~98,98,AA,01,03,01/03,/Date(1704240000000)/,1,3,21,3,02,Schleswig-Holstein,North,KIEL,Germany,24113,80168,12,AA-F13,1kg Strawberry Muesli,Finished Product,F13,1kg,Strawberry Muesli,453,453,ST,5.27,2387.31,1032.84,EUR,1354.47000,0.57
.1~97,97,AA,01,03,01/03,/Date(1704240000000)/,1,3,20,2,02,Hessen,South,MARBURG,Germany,35037,80139,12,AA-F13,1kg Strawberry Muesli,Finished Product,F13,1kg,Strawberry Muesli,427,427,ST,5.27,2250.29,973.56,EUR,1276.73000,0.57
.1~69,69,AA,01,02,01/02,/Date(1704153600000)/,1,2,17,4,02,Rhineland Palatinate,West,BAD KREUZNACH,Germany,55543,80163,12,AA-F13,1kg Strawberry Muesli,Finished Product,F13,1kg,Strawberry Muesli,360,360,ST,5.27,1897.20,820.80,EUR,1076.40000,0.57
.1~68,68,AA,01,02,01/02,/Date(1704153600000)/,1,2,17,2,02,Rhineland Palatinate,West,BAD KREUZNACH,Germany,55543,80163,12,AA-F13,1kg Strawberry Muesli,Finished Product,F13,1kg,Strawberry Muesli,434,434,ST,5.27,2287.18,989.52,EUR,1297.66000,0.57
.1~67,67,AA,01,02,01/02,/Date(1704153600000)/,1,2,13,2,02,Brandenburg,North,COTTBUS,Germany,03046,80132,12,AA-F13,1kg Strawberry Muesli,Finished Product,F13,1kg,Strawberry Muesli,353,353,ST,5.27,1860.31,804.84,EUR,1055.47000,0.57
.1~66,66,AA,01,02,01/02,/Date(1704153600000)/,1,2,14,2,02,Bremen,North,BREMEN,Germany,28259,80133,12,AA-F13,1kg Strawberry Muesli,Finished Product,F13,1kg,Strawberry Muesli,367,367,ST,5.27,1934.09,836.76,EUR,1097.33000,0.57
.1~65,65,AA,01,02,01/02,/Date(1704153600000)/,1,2,14,4,02,Bremen,North,BREMEN,Germany,28259,80133,12,AA-F13,1kg Strawberry Muesli,Finished Product,F13,1kg,Strawberry Muesli,393,393,ST,5.27,2071.11,896.04,EUR,1175.07000,0.57
.1~64,64,AA,01,02,01/02,/Date(1704153600000)/,1,2,15,1,02,Nrth Rhine Westfalia,West,DORTMUND,Germany,44339,80150,12,AA-F13,1kg Strawberry Muesli,Finished Product,F13,1kg,Strawberry Muesli,436,436,ST,5.27,2297.72,994.08,EUR,1303.64000,0.57
.1~33,33,AA,01,01,01/01,/Date(1704067200000)/,1,1,5,2,02,Bavaria,South,AUGSBURG,Germany,86156,80119,12,AA-F13,1kg Strawberry Muesli,Finished Product,F13,1kg,Strawberry Muesli,387,387,ST,5.27,2039.49,882.36,EUR,1157.13000,0.57
.1~32,32,AA,01,01,01/01,/Date(1704067200000)/,1,1,4,2,02,Lower Saxony,North,WOLFSBURG,Germany,38444,80147,12,AA-F13,1kg Strawberry Muesli,Finished Product,F13,1kg,Strawberry Muesli,400,400,ST,5.27,2108.00,912.00,EUR,1196.00000,0.57
.1~7,7,AA,01,01,01/01,/Date(1704067200000)/,1,1,4,2,02,Lower Saxony,North,WOLFSBURG,Germany,38444,80147,12,AA-F02,500g Blueberry Muesli,Finished Product,F02,500g,Blueberry Muesli,520,520,ST,4.23,2199.60,639.60,EUR,1560.00000,0.71
.1~2150,2150,ZZ,04,18,04/18,/Date(1710720000000)/,16,78,653,1,02,Nrth Rhine Westfalia,West,WÜRSELEN,Germany,52146,80162,12,ZZ-F02,500g Blueberry Muesli,Finished Product,F02,500g,Blueberry Muesli,5,5,ST,4.00,20.00,6.15,EUR,13.85000,0.69
.1~2149,2149,ZZ,04,18,04/18,/Date(1710720000000)/,16,78,652,1,02,Lower Saxony,North,GÖTTINGEN,Germany,37073,80142,12,ZZ-F02,500g Blueberry Muesli,Finished Product,F02,500g,Blueberry Muesli,595,595,ST,4.00,2380.00,731.85,EUR,1648.15000,0.69
.1~2148,2148,ZZ,04,18,04/18,/Date(1710720000000)/,16,78,652,2,02,Lower Saxony,North,GÖTTINGEN,Germany,37073,80142,12,ZZ-F02,500g Blueberry Muesli,Finished Product,F02,500g,Blueberry Muesli,549,549,ST,4.00,2196.00,675.27,EUR,1520.73000,0.69
.1~2147,2147,ZZ,04,18,04/18,/Date(1710720000000)/,16,78,651,1,02,Schleswig-Holstein,North,KIEL,Germany,24113,80168,12,ZZ-F02,500g Blueberry Muesli,Finished Product,F02,500g,Blueberry Muesli,483,483,ST,4.00,1932.00,594.09,EUR,1337.91000,0.69
.1~2146,2146,ZZ,04,18,04/18,/Date(1710720000000)/,16,78,650,2,02,Baden-Wurttemberg,South,KARLSRUHE,Germany,76133,80115,12,ZZ-F02,500g Blueberry Muesli,Finished Product,F02,500g,Blueberry Muesli,554,554,ST,4.00,2216.00,681.42,EUR,1534.58000,0.69
.1~2145,2145,ZZ,04,18,04/18,/Date(1710720000000)/,16,78,650,1,02,Baden-Wurttemberg,South,KARLSRUHE,Germany,76133,80115,12,ZZ-F02,500g Blueberry Muesli,Finished Product,F02,500g,Blueberry Muesli,479,479,ST,4.00,1916.00,589.17,EUR,1326.83000,0.69
.1~2144,2144,ZZ,04,18,04/18,/Date(1710720000000)/,16,78,649,1,02,Bavaria,South,NÜRNBERG,Germany,90451,80125,12,ZZ-F02,500g Blueberry Muesli,Finished Product,F02,500g,Blueberry Muesli,525,525,ST,4.00,2100.00,645.75,EUR,1454.25000,0.69
.1~2143,2143,ZZ,04,18,04/18,/Date(1710720000000)/,16,78,648,2,02,Baden-Wurttemberg,South,FREIBURG,Germany,79098,80113,12,ZZ-F02,500g Blueberry Muesli,Finished Product,F02,500g,Blueberry Muesli,494,494,ST,4.00,1976.00,607.62,EUR,1368.38000,0.69
.1~2142,2142,ZZ,04,18,04/18,/Date(1710720000000)/,16,78,648,1,02,Baden-Wurttemberg,South,FREIBURG,Germany,79098,80113,12,ZZ-F02,500g Blueberry Muesli,Finished Product,F02,500g,Blueberry Muesli,520,520,ST,4.00,2080.00,639.60,EUR,1440.40000,0.69
.1~2141,2141,ZZ,04,17,04/17,/Date(1710633600000)/,16,77,647,1,02,Nrth Rhine Westfalia,West,KREFELD,Germany,47798,80157,12,ZZ-F02,500g Blueberry Muesli,Finished Product,F02,500g,Blueberry Muesli,498,498,ST,4.00,1992.00,612.54,EUR,1379.46000,0.69
.1~2140,2140,ZZ,04,17,04/17,/Date(1710633600000)/,16,77,646,1,02,Rhineland Palatinate,West,TRIER,Germany,54290,80164,12,ZZ-F02,500g Blueberry Muesli,Finished Product,F02,500g,Blueberry Muesli,477,477,ST,4.00,1908.00,586.71,EUR,1321.29000,0.69
.1~2139,2139,ZZ,04,17,04/17,/Date(1710633600000)/,16,77,645,1,02,Nrth Rhine Westfalia,West,DÜSSELDORF,Germany,40212,80151,12,ZZ-F02,500g Blueberry Muesli,Finished Product,F02,500g,Blueberry Muesli,556,556,ST,4.00,2224.00,683.88,EUR,1540.12000,0.69
.1~2138,2138,ZZ,04,17,04/17,/Date(1710633600000)/,16,77,645,2,02,Nrth Rhine Westfalia,West,DÜSSELDORF,Germany,40212,80151,12,ZZ-F02,500g Blueberry Muesli,Finished Product,F02,500g,Blueberry Muesli,552,552,ST,4.00,2208.00,678.96,EUR,1529.04000,0.69
.1~2137,2137,ZZ,04,17,04/17,/Date(1710633600000)/,16,77,644,1,02,Bremen,North,BREMEN,Germany,28259,80133,12,ZZ-F02,500g Blueberry Muesli,Finished Product,F02,500g,Blueberry Muesli,566,566,ST,4.00,2264.00,696.18,EUR,1567.82000,0.69
.1~2136,2136,ZZ,04,17,04/17,/Date(1710633600000)/,16,77,643,3,02,Lower Saxony,North,WOLFSBURG,Germany,38444,80147,12,ZZ-F02,500g Blueberry Muesli,Finished Product,F02,500g,Blueberry Muesli,597,597,ST,4.00,2388.00,734.31,EUR,1653.69000,0.69
.1~2135,2135,ZZ,04,17,04/17,/Date(1710633600000)/,16,77,643,2,02,Lower Saxony,North,WOLFSBURG,Germany,38444,80147,12,ZZ-F02,500g Blueberry Muesli,Finished Product,F02,500g,Blueberry Muesli,559,559,ST,4.00,2236.00,687.57,EUR,1548.43000,0.69
.1~2134,2134,ZZ,04,17,04/17,/Date(1710633600000)/,16,77,643,1,02,Lower Saxony,North,WOLFSBURG,Germany,38444,80147,12,ZZ-F02,500g Blueberry Muesli,Finished Product,F02,500g,Blueberry Muesli,525,525,ST,4.00,2100.00,645.75,EUR,1454.25000,0.69
.1~2133,2133,ZZ,04,17,04/17,/Date(1710633600000)/,16,77,642,1,02,Lower Saxony,North,UELZEN,Germany,29525,80146,12,ZZ-F02,500g Blueberry Muesli,Finished Product,F02,500g,Blueberry Muesli,540,540,ST,4.00,2160.00,664.20,EUR,1495.80000,0.69
.1~2132,2132,ZZ,04,17,04/17,/Date(1710633600000)/,16,77,641,2,02,Hessen,South,MARBURG,Germany,35037,80139,12,ZZ-F02,500g Blueberry Muesli,Finished Product,F02,500g,Blueberry Muesli,593,593,ST,4.00,2372.00,729.39,EUR,1642.61000,0.69
.1~2131,2131,ZZ,04,17,04/17,/Date(1710633600000)/,16,77,641,1,02,Hessen,South,MARBURG,Germany,35037,80139,12,ZZ-F02,500g Blueberry Muesli,Finished Product,F02,500g,Blueberry Muesli,517,517,ST,4.00,2068.00,635.91,EUR,1432.09000,0.69
.1~2130,2130,ZZ,04,17,04/17,/Date(1710633600000)/,16,77,640,1,02,Hessen,South,FRANKFURT/MAIN,Germany,60386,80136,12,ZZ-F02,500g Blueberry Muesli,Finished Product,F02,500g,Blueberry Muesli,492,492,ST,4.00,1968.00,605.16,EUR,1362.84000,0.69
.1~2128,2128,ZZ,04,16,04/16,/Date(1710547200000)/,16,76,632,2,02,Bavaria,South,WÜRZBURG,Germany,97070,80128,12,ZZ-F02,500g Blueberry Muesli,Finished Product,F02,500g,Blueberry Muesli,549,549,ST,4.00,2196.00,675.27,EUR,1520.73000,0.69
.1~2127,2127,ZZ,04,16,04/16,/Date(1710547200000)/,16,76,633,1,02,Hessen,South,MAGDEBURG,Germany,39128,80138,12,ZZ-F02,500g Blueberry Muesli,Finished Product,F02,500g,Blueberry Muesli,505,505,ST,4.00,2020.00,621.15,EUR,1398.85000,0.69
.1~2126,2126,ZZ,04,16,04/16,/Date(1710547200000)/,16,76,633,2,02,Hessen,South,MAGDEBURG,Germany,39128,80138,12,ZZ-F02,500g Blueberry Muesli,Finished Product,F02,500g,Blueberry Muesli,499,499,ST,4.00,1996.00,613.77,EUR,1382.23000,0.69
.1~2125,2125,ZZ,04,16,04/16,/Date(1710547200000)/,16,76,634,2,02,Hessen,South,MARBURG,Germany,35037,80139,12,ZZ-F02,500g Blueberry Muesli,Finished Product,F02,500g,Blueberry Muesli,587,587,ST,4.00,2348.00,722.01,EUR,1625.99000,0.69
.1~2124,2124,ZZ,04,16,04/16,/Date(1710547200000)/,16,76,634,1,02,Hessen,South,MARBURG,Germany,35037,80139,12,ZZ-F02,500g Blueberry Muesli,Finished Product,F02,500g,Blueberry Muesli,564,564,ST,4.00,2256.00,693.72,EUR,1562.28000,0.69
.1~2123,2123,ZZ,04,16,04/16,/Date(1710547200000)/,16,76,635,1,02,Schleswig-Holstein,North,NEUMÜNSTER,Germany,24537,80169,12,ZZ-F02,500g Blueberry Muesli,Finished Product,F02,500g,Blueberry Muesli,491,491,ST,4.00,1964.00,603.93,EUR,1360.07000,0.69
.1~2122,2122,ZZ,04,16,04/16,/Date(1710547200000)/,16,76,635,2,02,Schleswig-Holstein,North,NEUMÜNSTER,Germany,24537,80169,12,ZZ-F02,500g Blueberry Muesli,Finished Product,F02,500g,Blueberry Muesli,518,518,ST,4.00,2072.00,637.14,EUR,1434.86000,0.69
.1~2121,2121,ZZ,04,16,04/16,/Date(1710547200000)/,16,76,636,1,02,Brandenburg,North,COTTBUS,Germany,03046,80132,12,ZZ-F02,500g Blueberry Muesli,Finished Product,F02,500g,Blueberry Muesli,551,551,ST,4.00,2204.00,677.73,EUR,1526.27000,0.69
.1~2120,2120,ZZ,04,16,04/16,/Date(1710547200000)/,16,76,636,2,02,Brandenburg,North,COTTBUS,Germany,03046,80132,12,ZZ-F02,500g Blueberry Muesli,Finished Product,F02,500g,Blueberry Muesli,492,492,ST,4.00,1968.00,605.16,EUR,1362.84000,0.69
.1~2119,2119,ZZ,04,16,04/16,/Date(1710547200000)/,16,76,637,1,02,Rhineland Palatinate,West,BAD KREUZNACH,Germany,55543,80163,12,ZZ-F02,500g Blueberry Muesli,Finished Product,F02,500g,Blueberry Muesli,105,105,ST,4.00,420.00,129.15,EUR,290.85000,0.69
.1~2118,2118,ZZ,04,16,04/16,/Date(1710547200000)/,16,76,632,1,02,Bavaria,South,WÜRZBURG,Germany,97070,80128,12,ZZ-F02,500g Blueberry Muesli,Finished Product,F02,500g,Blueberry Muesli,463,463,ST,4.00,1852.00,569.49,EUR,1282.51000,0.69
.1~1647,1647,ZZ,03,10,03/10,/Date(1708300800000)/,10,50,463,1,02,Baden-Wurttemberg,South,MANNHEIM,Germany,68199,80117,12,ZZ-F02,500g Blueberry Muesli,Finished Product,F02,500g,Blueberry Muesli,494,494,ST,4.00,1976.00,607.62,EUR,1368.38000,0.69
.1~1646,1646,ZZ,03,10,03/10,/Date(1708300800000)/,10,50,463,2,02,Baden-Wurttemberg,South,MANNHEIM,Germany,68199,80117,12,ZZ-F02,500g Blueberry Muesli,Finished Product,F02,500g,Blueberry Muesli,494,494,ST,4.00,1976.00,607.62,EUR,1368.38000,0.69
.1~1645,1645,ZZ,03,10,03/10,/Date(1708300800000)/,10,50,464,1,02,Bavaria,South,MÜNCHEN,Germany,80939,80124,12,ZZ-F02,500g Blueberry Muesli,Finished Product,F02,500g,Blueberry Muesli,484,484,ST,4.00,1936.00,595.32,EUR,1340.68000,0.69
.1~1644,1644,ZZ,03,10,03/10,/Date(1708300800000)/,10,50,465,1,02,Bavaria,South,AUGSBURG,Germany,86156,80119,12,ZZ-F02,500g Blueberry Muesli,Finished Product,F02,500g,Blueberry Muesli,116,116,ST,4.00,464.00,142.68,EUR,321.32000,0.69
.1~1637,1637,ZZ,03,09,03/09,/Date(1708214400000)/,10,49,462,1,02,Nrth Rhine Westfalia,West,HERFORD,Germany,32052,80155,12,ZZ-F02,500g Blueberry Muesli,Finished Product,F02,500g,Blueberry Muesli,489,489,ST,4.00,1956.00,601.47,EUR,1354.53000,0.69
.1~1636,1636,ZZ,03,09,03/09,/Date(1708214400000)/,10,49,461,3,02,Nrth Rhine Westfalia,West,BAD OEYNHAUSEN,Germany,32547,80148,12,ZZ-F02,500g Blueberry Muesli,Finished Product,F02,500g,Blueberry Muesli,486,486,ST,4.00,1944.00,597.78,EUR,1346.22000,0.69
.1~1635,1635,ZZ,03,09,03/09,/Date(1708214400000)/,10,49,455,1,02,Bavaria,South,NÜRNBERG,Germany,90451,80125,12,ZZ-F02,500g Blueberry Muesli,Finished Product,F02,500g,Blueberry Muesli,523,523,ST,4.00,2092.00,643.29,EUR,1448.71000,0.69
.1~1634,1634,ZZ,03,09,03/09,/Date(1708214400000)/,10,49,461,1,02,Nrth Rhine Westfalia,West,BAD OEYNHAUSEN,Germany,32547,80148,12,ZZ-F02,500g Blueberry Muesli,Finished Product,F02,500g,Blueberry Muesli,497,497,ST,4.00,1988.00,611.31,EUR,1376.69000,0.69
.1~1633,1633,ZZ,03,09,03/09,/Date(1708214400000)/,10,49,455,2,02,Bavaria,South,NÜRNBERG,Germany,90451,80125,12,ZZ-F02,500g Blueberry Muesli,Finished Product,F02,500g,Blueberry Muesli,590,590,ST,4.00,2360.00,725.70,EUR,1634.30000,0.69
.1~1632,1632,ZZ,03,09,03/09,/Date(1708214400000)/,10,49,456,1,02,Baden-Wurttemberg,South,MANNHEIM,Germany,68199,80117,12,ZZ-F02,500g Blueberry Muesli,Finished Product,F02,500g,Blueberry Muesli,566,566,ST,4.00,2264.00,696.18,EUR,1567.82000,0.69
.1~1631,1631,ZZ,03,09,03/09,/Date(1708214400000)/,10,49,460,1,02,Rhineland Palatinate,West,BAD KREUZNACH,Germany,55543,80163,12,ZZ-F02,500g Blueberry Muesli,Finished Product,F02,500g,Blueberry Muesli,559,559,ST,4.00,2236.00,687.57,EUR,1548.43000,0.69
.1~1630,1630,ZZ,03,09,03/09,/Date(1708214400000)/,10,49,459,2,02,Lower Saxony,North,UELZEN,Germany,29525,80146,12,ZZ-F02,500g Blueberry Muesli,Finished Product,F02,500g,Blueberry Muesli,587,587,ST,4.00,2348.00,722.01,EUR,1625.99000,0.69
.1~1629,1629,ZZ,03,09,03/09,/Date(1708214400000)/,10,49,459,1,02,Lower Saxony,North,UELZEN,Germany,29525,80146,12,ZZ-F02,500g Blueberry Muesli,Finished Product,F02,500g,Blueberry Muesli,484,484,ST,4.00,1936.00,595.32,EUR,1340.68000,0.69
.1~1628,1628,ZZ,03,09,03/09,/Date(1708214400000)/,10,49,458,1,02,Lower Saxony,North,OLDENBURG,Germany,26121,80145,12,ZZ-F02,500g Blueberry Muesli,Finished Product,F02,500g,Blueberry Muesli,514,514,ST,4.00,2056.00,632.22,EUR,1423.78000,0.69
.1~1627,1627,ZZ,03,09,03/09,/Date(1708214400000)/,10,49,458,2,02,Lower Saxony,North,OLDENBURG,Germany,26121,80145,12,ZZ-F02,500g Blueberry Muesli,Finished Product,F02,500g,Blueberry Muesli,535,535,ST,4.00,2140.00,658.05,EUR,1481.95000,0.69
.1~1626,1626,ZZ,03,09,03/09,/Date(1708214400000)/,10,49,457,2,02,Schleswig-Holstein,North,NEUMÜNSTER,Germany,24537,80169,12,ZZ-F02,500g Blueberry Muesli,Finished Product,F02,500g,Blueberry Muesli,480,480,ST,4.00,1920.00,590.40,EUR,1329.60000,0.69
.1~1625,1625,ZZ,03,09,03/09,/Date(1708214400000)/,10,49,457,1,02,Schleswig-Holstein,North,NEUMÜNSTER,Germany,24537,80169,12,ZZ-F02,500g Blueberry Muesli,Finished Product,F02,500g,Blueberry Muesli,591,591,ST,4.00,2364.00,726.93,EUR,1637.07000,0.69
.1~1623,1623,ZZ,03,08,03/08,/Date(1708128000000)/,10,48,454,2,02,Rhineland Palatinate,West,TRIER,Germany,54290,80164,12,ZZ-F02,500g Blueberry Muesli,Finished Product,F02,500g,Blueberry Muesli,588,588,ST,4.00,2352.00,723.24,EUR,1628.76000,0.69
.1~1622,1622,ZZ,03,08,03/08,/Date(1708128000000)/,10,48,454,3,02,Rhineland Palatinate,West,TRIER,Germany,54290,80164,12,ZZ-F02,500g Blueberry Muesli,Finished Product,F02,500g,Blueberry Muesli,563,563,ST,4.00,2252.00,692.49,EUR,1559.51000,0.69
.1~1621,1621,ZZ,03,08,03/08,/Date(1708128000000)/,10,48,453,1,02,Nrth Rhine Westfalia,West,PADERBORN,Germany,33100,80159,12,ZZ-F02,500g Blueberry Muesli,Finished Product,F02,500g,Blueberry Muesli,577,577,ST,4.00,2308.00,709.71,EUR,1598.29000,0.69
.1~1620,1620,ZZ,03,08,03/08,/Date(1708128000000)/,10,48,452,3,02,Lower Saxony,North,NIENBURG,Germany,31582,80143,12,ZZ-F02,500g Blueberry Muesli,Finished Product,F02,500g,Blueberry Muesli,479,479,ST,4.00,1916.00,589.17,EUR,1326.83000,0.69
.1~1619,1619,ZZ,03,08,03/08,/Date(1708128000000)/,10,48,452,2,02,Lower Saxony,North,NIENBURG,Germany,31582,80143,12,ZZ-F02,500g Blueberry Muesli,Finished Product,F02,500g,Blueberry Muesli,580,580,ST,4.00,2320.00,713.40,EUR,1606.60000,0.69
.1~1618,1618,ZZ,03,08,03/08,/Date(1708128000000)/,10,48,452,1,02,Lower Saxony,North,NIENBURG,Germany,31582,80143,12,ZZ-F02,500g Blueberry Muesli,Finished Product,F02,500g,Blueberry Muesli,521,521,ST,4.00,2084.00,640.83,EUR,1443.17000,0.69
.1~1617,1617,ZZ,03,08,03/08,/Date(1708128000000)/,10,48,451,1,02,Hamburg,North,BUXTEHUDE,Germany,21614,80134,12,ZZ-F02,500g Blueberry Muesli,Finished Product,F02,500g,Blueberry Muesli,574,574,ST,4.00,2296.00,706.02,EUR,1589.98000,0.69
.1~1616,1616,ZZ,03,08,03/08,/Date(1708128000000)/,10,48,450,1,02,Brandenburg,North,BRANDENBURG,Germany,14772,80131,12,ZZ-F02,500g Blueberry Muesli,Finished Product,F02,500g,Blueberry Muesli,463,463,ST,4.00,1852.00,569.49,EUR,1282.51000,0.69
.1~1615,1615,ZZ,03,08,03/08,/Date(1708128000000)/,10,48,450,2,02,Brandenburg,North,BRANDENBURG,Germany,14772,80131,12,ZZ-F02,500g Blueberry Muesli,Finished Product,F02,500g,Blueberry Muesli,535,535,ST,4.00,2140.00,658.05,EUR,1481.95000,0.69
.1~1614,1614,ZZ,03,08,03/08,/Date(1708128000000)/,10,48,450,3,02,Brandenburg,North,BRANDENBURG,Germany,14772,80131,12,ZZ-F02,500g Blueberry Muesli,Finished Product,F02,500g,Blueberry Muesli,503,503,ST,4.00,2012.00,618.69,EUR,1393.31000,0.69
.1~1613,1613,ZZ,03,08,03/08,/Date(1708128000000)/,10,48,449,1,02,Baden-Wurttemberg,South,GUNDELFINGEN,Germany,79194,80114,12,ZZ-F02,500g Blueberry Muesli,Finished Product,F02,500g,Blueberry Muesli,496,496,ST,4.00,1984.00,610.08,EUR,1373.92000,0.69
.1~1612,1612,ZZ,03,08,03/08,/Date(1708128000000)/,10,48,448,1,02,Hessen,South,MAGDEBURG,Germany,39128,80138,12,ZZ-F02,500g Blueberry Muesli,Finished Product,F02,500g,Blueberry Muesli,553,553,ST,4.00,2212.00,680.19,EUR,1531.81000,0.69
.1~1611,1611,ZZ,03,08,03/08,/Date(1708128000000)/,10,48,447,2,02,Baden-Wurttemberg,South,KARLSRUHE,Germany,76133,80115,12,ZZ-F02,500g Blueberry Muesli,Finished Product,F02,500g,Blueberry Muesli,481,481,ST,4.00,1924.00,591.63,EUR,1332.37000,0.69
.1~1610,1610,ZZ,03,08,03/08,/Date(1708128000000)/,10,48,447,1,02,Baden-Wurttemberg,South,KARLSRUHE,Germany,76133,80115,12,ZZ-F02,500g Blueberry Muesli,Finished Product,F02,500g,Blueberry Muesli,598,598,ST,4.00,2392.00,735.54,EUR,1656.46000,0.69
.1~1599,1599,ZZ,03,06,03/06,/Date(1707955200000)/,10,46,439,2,02,Nrth Rhine Westfalia,West,DÜSSELDORF,Germany,40213,80152,12,ZZ-F02,500g Blueberry Muesli,Finished Product,F02,500g,Blueberry Muesli,244,244,ST,4.00,976.00,300.12,EUR,675.88000,0.69
.1~1598,1598,ZZ,03,06,03/06,/Date(1707955200000)/,10,46,439,1,02,Nrth Rhine Westfalia,West,DÜSSELDORF,Germany,40213,80152,12,ZZ-F02,500g Blueberry Muesli,Finished Product,F02,500g,Blueberry Muesli,576,576,ST,4.00,2304.00,708.48,EUR,1595.52000,0.69
.1~1597,1597,ZZ,03,06,03/06,/Date(1707955200000)/,10,46,438,1,02,Berlin,North,BERLIN,Germany,13349,80129,12,ZZ-F02,500g Blueberry Muesli,Finished Product,F02,500g,Blueberry Muesli,498,498,ST,4.00,1992.00,612.54,EUR,1379.46000,0.69
.1~1596,1596,ZZ,03,06,03/06,/Date(1707955200000)/,10,46,438,2,02,Berlin,North,BERLIN,Germany,13349,80129,12,ZZ-F02,500g Blueberry Muesli,Finished Product,F02,500g,Blueberry Muesli,491,491,ST,4.00,1964.00,603.93,EUR,1360.07000,0.69
.1~1595,1595,ZZ,03,06,03/06,/Date(1707955200000)/,10,46,437,2,02,Saxony-Anhalt,North,GÜNTHERSDORF,Germany,06254,80167,12,ZZ-F02,500g Blueberry Muesli,Finished Product,F02,500g,Blueberry Muesli,478,478,ST,4.00,1912.00,587.94,EUR,1324.06000,0.69
.1~1594,1594,ZZ,03,06,03/06,/Date(1707955200000)/,10,46,437,1,02,Saxony-Anhalt,North,GÜNTHERSDORF,Germany,06254,80167,12,ZZ-F02,500g Blueberry Muesli,Finished Product,F02,500g,Blueberry Muesli,589,589,ST,4.00,2356.00,724.47,EUR,1631.53000,0.69
.1~1593,1593,ZZ,03,06,03/06,/Date(1707955200000)/,10,46,436,1,02,Hessen,South,FRANKFURT/MAIN,Germany,60386,80136,12,ZZ-F02,500g Blueberry Muesli,Finished Product,F02,500g,Blueberry Muesli,593,593,ST,4.00,2372.00,729.39,EUR,1642.61000,0.69
.1~1592,1592,ZZ,03,06,03/06,/Date(1707955200000)/,10,46,435,6,02,Hessen,South,MARBURG,Germany,35037,80139,12,ZZ-F02,500g Blueberry Muesli,Finished Product,F02,500g,Blueberry Muesli,467,467,ST,4.00,1868.00,574.41,EUR,1293.59000,0.69
.1~1591,1591,ZZ,03,06,03/06,/Date(1707955200000)/,10,46,435,5,02,Hessen,South,MARBURG,Germany,35037,80139,12,ZZ-F02,500g Blueberry Muesli,Finished Product,F02,500g,Blueberry Muesli,468,468,ST,4.00,1872.00,575.64,EUR,1296.36000,0.69
.1~1590,1590,ZZ,03,06,03/06,/Date(1707955200000)/,10,46,435,2,02,Hessen,South,MARBURG,Germany,35037,80139,12,ZZ-F02,500g Blueberry Muesli,Finished Product,F02,500g,Blueberry Muesli,512,512,ST,4.00,2048.00,629.76,EUR,1418.24000,0.69
.1~1589,1589,ZZ,03,06,03/06,/Date(1707955200000)/,10,46,435,1,02,Hessen,South,MARBURG,Germany,35037,80139,12,ZZ-F02,500g Blueberry Muesli,Finished Product,F02,500g,Blueberry Muesli,462,462,ST,4.00,1848.00,568.26,EUR,1279.74000,0.69
.1~1587,1587,ZZ,03,05,03/05,/Date(1707868800000)/,9,45,434,1,02,Nrth Rhine Westfalia,West,VELBERT,Germany,42551,80161,12,ZZ-F02,500g Blueberry Muesli,Finished Product,F02,500g,Blueberry Muesli,593,593,ST,4.00,2372.00,729.39,EUR,1642.61000,0.69
.1~1586,1586,ZZ,03,05,03/05,/Date(1707868800000)/,9,45,434,2,02,Nrth Rhine Westfalia,West,VELBERT,Germany,42551,80161,12,ZZ-F02,500g Blueberry Muesli,Finished Product,F02,500g,Blueberry Muesli,500,500,ST,4.00,2000.00,615.00,EUR,1385.00000,0.69
.1~1585,1585,ZZ,03,05,03/05,/Date(1707868800000)/,9,45,433,1,02,Nrth Rhine Westfalia,West,ESSEN,Germany,45127,80153,12,ZZ-F02,500g Blueberry Muesli,Finished Product,F02,500g,Blueberry Muesli,568,568,ST,4.00,2272.00,698.64,EUR,1573.36000,0.69
.1~1584,1584,ZZ,03,05,03/05,/Date(1707868800000)/,9,45,432,1,02,Saxony,North,ZWICKAU,Germany,08058,80166,12,ZZ-F02,500g Blueberry Muesli,Finished Product,F02,500g,Blueberry Muesli,555,555,ST,4.00,2220.00,682.65,EUR,1537.35000,0.69
.1~1583,1583,ZZ,03,05,03/05,/Date(1707868800000)/,9,45,431,1,02,Lower Saxony,North,GÖTTINGEN,Germany,37073,80142,12,ZZ-F02,500g Blueberry Muesli,Finished Product,F02,500g,Blueberry Muesli,488,488,ST,4.00,1952.00,600.24,EUR,1351.76000,0.69
.1~1582,1582,ZZ,03,05,03/05,/Date(1707868800000)/,9,45,430,2,02,Hessen,South,MAGDEBURG,Germany,39128,80138,12,ZZ-F02,500g Blueberry Muesli,Finished Product,F02,500g,Blueberry Muesli,515,515,ST,4.00,2060.00,633.45,EUR,1426.55000,0.69
.1~1581,1581,ZZ,03,05,03/05,/Date(1707868800000)/,9,45,430,1,02,Hessen,South,MAGDEBURG,Germany,39128,80138,12,ZZ-F02,500g Blueberry Muesli,Finished Product,F02,500g,Blueberry Muesli,455,455,ST,4.00,1820.00,559.65,EUR,1260.35000,0.69
.1~1580,1580,ZZ,03,05,03/05,/Date(1707868800000)/,9,45,429,2,02,Bavaria,South,WÜRZBURG,Germany,97070,80128,12,ZZ-F02,500g Blueberry Muesli,Finished Product,F02,500g,Blueberry Muesli,564,564,ST,4.00,2256.00,693.72,EUR,1562.28000,0.69
.1~1579,1579,ZZ,03,05,03/05,/Date(1707868800000)/,9,45,429,1,02,Bavaria,South,WÜRZBURG,Germany,97070,80128,12,ZZ-F02,500g Blueberry Muesli,Finished Product,F02,500g,Blueberry Muesli,502,502,ST,4.00,2008.00,617.46,EUR,1390.54000,0.69
.1~1578,1578,ZZ,03,05,03/05,/Date(1707868800000)/,9,45,428,1,02,Bavaria,South,MÜNCHEN,Germany,80804,80122,12,ZZ-F02,500g Blueberry Muesli,Finished Product,F02,500g,Blueberry Muesli,550,550,ST,4.00,2200.00,676.50,EUR,1523.50000,0.69
.1~1576,1576,ZZ,03,04,03/04,/Date(1707782400000)/,9,44,427,1,02,Mecklenburg-Vorpomm.,North,ROSTOCK,Germany,18184,80141,12,ZZ-F02,500g Blueberry Muesli,Finished Product,F02,500g,Blueberry Muesli,465,465,ST,4.00,1860.00,571.95,EUR,1288.05000,0.69
.1~1575,1575,ZZ,03,04,03/04,/Date(1707782400000)/,9,44,427,2,02,Mecklenburg-Vorpomm.,North,ROSTOCK,Germany,18184,80141,12,ZZ-F02,500g Blueberry Muesli,Finished Product,F02,500g,Blueberry Muesli,79,79,ST,4.00,316.00,97.17,EUR,218.83000,0.69
.1~1574,1574,ZZ,03,04,03/04,/Date(1707782400000)/,9,44,426,2,02,Saxony,North,CHEMNITZ,Germany,09111,80165,12,ZZ-F02,500g Blueberry Muesli,Finished Product,F02,500g,Blueberry Muesli,507,507,ST,4.00,2028.00,623.61,EUR,1404.39000,0.69
.1~1573,1573,ZZ,03,04,03/04,/Date(1707782400000)/,9,44,426,1,02,Saxony,North,CHEMNITZ,Germany,09111,80165,12,ZZ-F02,500g Blueberry Muesli,Finished Product,F02,500g,Blueberry Muesli,484,484,ST,4.00,1936.00,595.32,EUR,1340.68000,0.69
.1~1572,1572,ZZ,03,04,03/04,/Date(1707782400000)/,9,44,425,2,02,Bavaria,South,AUGSBURG,Germany,86156,80119,12,ZZ-F02,500g Blueberry Muesli,Finished Product,F02,500g,Blueberry Muesli,512,512,ST,4.00,2048.00,629.76,EUR,1418.24000,0.69
.1~1571,1571,ZZ,03,04,03/04,/Date(1707782400000)/,9,44,424,4,02,Baden-Wurttemberg,South,KARLSRUHE,Germany,76133,80115,12,ZZ-F02,500g Blueberry Muesli,Finished Product,F02,500g,Blueberry Muesli,589,589,ST,4.00,2356.00,724.47,EUR,1631.53000,0.69
.1~1570,1570,ZZ,03,04,03/04,/Date(1707782400000)/,9,44,424,3,02,Baden-Wurttemberg,South,KARLSRUHE,Germany,76133,80115,12,ZZ-F02,500g Blueberry Muesli,Finished Product,F02,500g,Blueberry Muesli,505,505,ST,4.00,2020.00,621.15,EUR,1398.85000,0.69
.1~1569,1569,ZZ,03,04,03/04,/Date(1707782400000)/,9,44,424,2,02,Baden-Wurttemberg,South,KARLSRUHE,Germany,76133,80115,12,ZZ-F02,500g Blueberry Muesli,Finished Product,F02,500g,Blueberry Muesli,591,591,ST,4.00,2364.00,726.93,EUR,1637.07000,0.69
.1~1568,1568,ZZ,03,04,03/04,/Date(1707782400000)/,9,44,424,1,02,Baden-Wurttemberg,South,KARLSRUHE,Germany,76133,80115,12,ZZ-F02,500g Blueberry Muesli,Finished Product,F02,500g,Blueberry Muesli,500,500,ST,4.00,2000.00,615.00,EUR,1385.00000,0.69
.1~1567,1567,ZZ,03,04,03/04,/Date(1707782400000)/,9,44,423,2,02,Hessen,South,WIESBADEN,Germany,65183,80140,12,ZZ-F02,500g Blueberry Muesli,Finished Product,F02,500g,Blueberry Muesli,518,518,ST,4.00,2072.00,637.14,EUR,1434.86000,0.69
.1~1566,1566,ZZ,03,04,03/04,/Date(1707782400000)/,9,44,423,1,02,Hessen,South,WIESBADEN,Germany,65183,80140,12,ZZ-F02,500g Blueberry Muesli,Finished Product,F02,500g,Blueberry Muesli,582,582,ST,4.00,2328.00,715.86,EUR,1612.14000,0.69
.1~1504,1504,ZZ,02,01,02/01,/Date(1705795200000)/,5,21,367,1,02,Bavaria,South,MÜNCHEN,Germany,80939,80124,12,ZZ-F02,500g Blueberry Muesli,Finished Product,F02,500g,Blueberry Muesli,82,82,ST,4.00,328.00,100.86,EUR,227.14000,0.69
.1~1457,1457,ZZ,01,19,01/19,/Date(1705622400000)/,4,19,354,2,02,Mecklenburg-Vorpomm.,North,ROSTOCK,Germany,18184,80141,12,ZZ-F02,500g Blueberry Muesli,Finished Product,F02,500g,Blueberry Muesli,528,528,ST,4.23,2233.44,649.44,EUR,1584.00000,0.71
.1~1456,1456,ZZ,01,19,01/19,/Date(1705622400000)/,4,19,354,1,02,Mecklenburg-Vorpomm.,North,ROSTOCK,Germany,18184,80141,12,ZZ-F02,500g Blueberry Muesli,Finished Product,F02,500g,Blueberry Muesli,474,474,ST,4.23,2005.02,583.02,EUR,1422.00000,0.71
.1~1422,1422,ZZ,01,18,01/18,/Date(1705536000000)/,4,18,347,4,02,Brandenburg,North,BRANDENBURG,Germany,14772,80131,12,ZZ-F02,500g Blueberry Muesli,Finished Product,F02,500g,Blueberry Muesli,522,522,ST,4.23,2208.06,642.06,EUR,1566.00000,0.71
.1~1421,1421,ZZ,01,18,01/18,/Date(1705536000000)/,4,18,344,3,02,Bavaria,South,NÜRNBERG,Germany,90451,80125,12,ZZ-F02,500g Blueberry Muesli,Finished Product,F02,500g,Blueberry Muesli,555,555,ST,4.23,2347.65,682.65,EUR,1665.00000,0.71
.1~1420,1420,ZZ,01,18,01/18,/Date(1705536000000)/,4,18,347,2,02,Brandenburg,North,BRANDENBURG,Germany,14772,80131,12,ZZ-F02,500g Blueberry Muesli,Finished Product,F02,500g,Blueberry Muesli,463,463,ST,4.23,1958.49,569.49,EUR,1389.00000,0.71
.1~1419,1419,ZZ,01,18,01/18,/Date(1705536000000)/,4,18,349,3,02,Saxony,North,CHEMNITZ,Germany,09111,80165,12,ZZ-F02,500g Blueberry Muesli,Finished Product,F02,500g,Blueberry Muesli,436,436,ST,4.23,1844.28,536.28,EUR,1308.00000,0.71
.1~1389,1389,ZZ,01,17,01/17,/Date(1705449600000)/,4,17,338,3,02,Lower Saxony,North,OLDENBURG,Germany,26129,80144,12,ZZ-F02,500g Blueberry Muesli,Finished Product,F02,500g,Blueberry Muesli,428,428,ST,4.23,1810.44,526.44,EUR,1284.00000,0.71
.1~1388,1388,ZZ,01,17,01/17,/Date(1705449600000)/,4,17,341,2,02,Nrth Rhine Westfalia,West,KREFELD,Germany,47798,80157,12,ZZ-F02,500g Blueberry Muesli,Finished Product,F02,500g,Blueberry Muesli,533,533,ST,4.23,2254.59,655.59,EUR,1599.00000,0.71
.1~1387,1387,ZZ,01,17,01/17,/Date(1705449600000)/,4,17,337,1,02,Schleswig-Holstein,North,KIEL,Germany,24113,80168,12,ZZ-F02,500g Blueberry Muesli,Finished Product,F02,500g,Blueberry Muesli,520,520,ST,4.23,2199.60,639.60,EUR,1560.00000,0.71
.1~1386,1386,ZZ,01,17,01/17,/Date(1705449600000)/,4,17,340,4,02,Mecklenburg-Vorpomm.,North,ROSTOCK,Germany,18184,80141,12,ZZ-F02,500g Blueberry Muesli,Finished Product,F02,500g,Blueberry Muesli,479,479,ST,4.23,2026.17,589.17,EUR,1437.00000,0.71
.1~1385,1385,ZZ,01,17,01/17,/Date(1705449600000)/,4,17,334,1,02,Bavaria,South,NÜRNBERG,Germany,90451,80125,12,ZZ-F02,500g Blueberry Muesli,Finished Product,F02,500g,Blueberry Muesli,432,432,ST,4.23,1827.36,531.36,EUR,1296.00000,0.71
.1~1384,1384,ZZ,01,17,01/17,/Date(1705449600000)/,4,17,335,4,02,Baden-Wurttemberg,South,KARLSRUHE,Germany,76133,80115,12,ZZ-F02,500g Blueberry Muesli,Finished Product,F02,500g,Blueberry Muesli,547,547,ST,4.23,2313.81,672.81,EUR,1641.00000,0.71
.1~1350,1350,ZZ,01,16,01/16,/Date(1705363200000)/,4,16,331,3,02,Lower Saxony,North,OLDENBURG,Germany,26129,80144,12,ZZ-F02,500g Blueberry Muesli,Finished Product,F02,500g,Blueberry Muesli,466,466,ST,4.23,1971.18,573.18,EUR,1398.00000,0.71
.1~1349,1349,ZZ,01,16,01/16,/Date(1705363200000)/,4,16,332,2,02,Nrth Rhine Westfalia,West,SIEGEN,Germany,57076,80160,12,ZZ-F02,500g Blueberry Muesli,Finished Product,F02,500g,Blueberry Muesli,548,548,ST,4.23,2318.04,674.04,EUR,1644.00000,0.71
.1~1348,1348,ZZ,01,16,01/16,/Date(1705363200000)/,4,16,326,2,02,Hessen,South,MARBURG,Germany,35037,80139,12,ZZ-F02,500g Blueberry Muesli,Finished Product,F02,500g,Blueberry Muesli,445,445,ST,4.23,1882.35,547.35,EUR,1335.00000,0.71
.1~1347,1347,ZZ,01,16,01/16,/Date(1705363200000)/,4,16,327,1,02,Baden-Wurttemberg,South,FREIBURG,Germany,79098,80113,12,ZZ-F02,500g Blueberry Muesli,Finished Product,F02,500g,Blueberry Muesli,482,482,ST,4.23,2038.86,592.86,EUR,1446.00000,0.71
.1~1346,1346,ZZ,01,16,01/16,/Date(1705363200000)/,4,16,327,9,02,Baden-Wurttemberg,South,FREIBURG,Germany,79098,80113,12,ZZ-F02,500g Blueberry Muesli,Finished Product,F02,500g,Blueberry Muesli,462,462,ST,4.23,1954.26,568.26,EUR,1386.00000,0.71
.1~1311,1311,ZZ,01,15,01/15,/Date(1705276800000)/,3,15,317,4,02,Hessen,South,MAGDEBURG,Germany,39128,80138,12,ZZ-F02,500g Blueberry Muesli,Finished Product,F02,500g,Blueberry Muesli,550,550,ST,4.23,2326.50,676.50,EUR,1650.00000,0.71
.1~1310,1310,ZZ,01,15,01/15,/Date(1705276800000)/,3,15,319,3,02,Hessen,South,FRANKFURT/MAIN,Germany,60386,80136,12,ZZ-F02,500g Blueberry Muesli,Finished Product,F02,500g,Blueberry Muesli,426,426,ST,4.23,1801.98,523.98,EUR,1278.00000,0.71
.1~1309,1309,ZZ,01,15,01/15,/Date(1705276800000)/,3,15,317,1,02,Hessen,South,MAGDEBURG,Germany,39128,80138,12,ZZ-F02,500g Blueberry Muesli,Finished Product,F02,500g,Blueberry Muesli,463,463,ST,4.23,1958.49,569.49,EUR,1389.00000,0.71
.1~1308,1308,ZZ,01,15,01/15,/Date(1705276800000)/,3,15,324,1,02,Nrth Rhine Westfalia,West,BAD OEYNHAUSEN,Germany,32547,80148,12,ZZ-F02,500g Blueberry Muesli,Finished Product,F02,500g,Blueberry Muesli,528,528,ST,4.23,2233.44,649.44,EUR,1584.00000,0.71
.1~1275,1275,ZZ,01,14,01/14,/Date(1705190400000)/,3,14,309,4,02,Bavaria,South,MÜNCHEN,Germany,80804,80122,12,ZZ-F02,500g Blueberry Muesli,Finished Product,F02,500g,Blueberry Muesli,487,487,ST,4.23,2060.01,599.01,EUR,1461.00000,0.71
.1~1274,1274,ZZ,01,14,01/14,/Date(1705190400000)/,3,14,313,3,02,Schleswig-Holstein,North,KIEL,Germany,24113,80168,12,ZZ-F02,500g Blueberry Muesli,Finished Product,F02,500g,Blueberry Muesli,517,517,ST,4.23,2186.91,635.91,EUR,1551.00000,0.71
.1~1273,1273,ZZ,01,14,01/14,/Date(1705190400000)/,3,14,311,4,02,Lower Saxony,North,WOLFSBURG,Germany,38444,80147,12,ZZ-F02,500g Blueberry Muesli,Finished Product,F02,500g,Blueberry Muesli,485,485,ST,4.23,2051.55,596.55,EUR,1455.00000,0.71
.1~1247,1247,ZZ,01,13,01/13,/Date(1705104000000)/,3,13,302,2,02,Schleswig-Holstein,North,NEUMÜNSTER,Germany,24537,80169,12,ZZ-F02,500g Blueberry Muesli,Finished Product,F02,500g,Blueberry Muesli,466,466,ST,4.23,1971.18,573.18,EUR,1398.00000,0.71
.1~1246,1246,ZZ,01,13,01/13,/Date(1705104000000)/,3,13,301,4,02,Baden-Wurttemberg,South,KARLSRUHE,Germany,76133,80115,12,ZZ-F02,500g Blueberry Muesli,Finished Product,F02,500g,Blueberry Muesli,429,429,ST,4.23,1814.67,527.67,EUR,1287.00000,0.71
.1~1245,1245,ZZ,01,13,01/13,/Date(1705104000000)/,3,13,304,1,02,Nrth Rhine Westfalia,West,HERFORD,Germany,32052,80155,12,ZZ-F02,500g Blueberry Muesli,Finished Product,F02,500g,Blueberry Muesli,494,494,ST,4.23,2089.62,607.62,EUR,1482.00000,0.71
.1~1244,1244,ZZ,01,13,01/13,/Date(1705104000000)/,3,13,301,3,02,Baden-Wurttemberg,South,KARLSRUHE,Germany,76133,80115,12,ZZ-F02,500g Blueberry Muesli,Finished Product,F02,500g,Blueberry Muesli,437,437,ST,4.23,1848.51,537.51,EUR,1311.00000,0.71
.1~1243,1243,ZZ,01,13,01/13,/Date(1705104000000)/,3,13,304,4,02,Nrth Rhine Westfalia,West,HERFORD,Germany,32052,80155,12,ZZ-F02,500g Blueberry Muesli,Finished Product,F02,500g,Blueberry Muesli,541,541,ST,4.23,2288.43,665.43,EUR,1623.00000,0.71
.1~1242,1242,ZZ,01,13,01/13,/Date(1705104000000)/,3,13,303,4,02,Brandenburg,North,COTTBUS,Germany,03046,80132,12,ZZ-F02,500g Blueberry Muesli,Finished Product,F02,500g,Blueberry Muesli,491,491,ST,4.23,2076.93,603.93,EUR,1473.00000,0.71
.1~1241,1241,ZZ,01,13,01/13,/Date(1705104000000)/,3,13,303,3,02,Brandenburg,North,COTTBUS,Germany,03046,80132,12,ZZ-F02,500g Blueberry Muesli,Finished Product,F02,500g,Blueberry Muesli,524,524,ST,4.23,2216.52,644.52,EUR,1572.00000,0.71
.1~1240,1240,ZZ,01,13,01/13,/Date(1705104000000)/,3,13,301,2,02,Baden-Wurttemberg,South,KARLSRUHE,Germany,76133,80115,12,ZZ-F02,500g Blueberry Muesli,Finished Product,F02,500g,Blueberry Muesli,527,527,ST,4.23,2229.21,648.21,EUR,1581.00000,0.71
.1~1239,1239,ZZ,01,13,01/13,/Date(1705104000000)/,3,13,300,3,02,Hessen,South,WIESBADEN,Germany,65183,80140,12,ZZ-F02,500g Blueberry Muesli,Finished Product,F02,500g,Blueberry Muesli,477,477,ST,4.23,2017.71,586.71,EUR,1431.00000,0.71
.1~1238,1238,ZZ,01,13,01/13,/Date(1705104000000)/,3,13,306,4,02,Nrth Rhine Westfalia,West,DÜSSELDORF,Germany,40213,80152,12,ZZ-F02,500g Blueberry Muesli,Finished Product,F02,500g,Blueberry Muesli,545,545,ST,4.23,2305.35,670.35,EUR,1635.00000,0.71
.1~1208,1208,ZZ,01,12,01/12,/Date(1705017600000)/,3,12,290,2,02,Hessen,South,WIESBADEN,Germany,65183,80140,12,ZZ-F02,500g Blueberry Muesli,Finished Product,F02,500g,Blueberry Muesli,564,564,ST,4.23,2385.72,693.72,EUR,1692.00000,0.71
.1~1207,1207,ZZ,01,12,01/12,/Date(1705017600000)/,3,12,291,3,02,Baden-Wurttemberg,South,KORNTAL,Germany,70825,80116,12,ZZ-F02,500g Blueberry Muesli,Finished Product,F02,500g,Blueberry Muesli,510,510,ST,4.23,2157.30,627.30,EUR,1530.00000,0.71
.1~1206,1206,ZZ,01,12,01/12,/Date(1705017600000)/,3,12,292,4,02,Hessen,South,FRANKFURT/MAIN,Germany,60386,80136,12,ZZ-F02,500g Blueberry Muesli,Finished Product,F02,500g,Blueberry Muesli,549,549,ST,4.23,2322.27,675.27,EUR,1647.00000,0.71
.1~1205,1205,ZZ,01,12,01/12,/Date(1705017600000)/,3,12,294,4,02,Hamburg,North,BUXTEHUDE,Germany,21614,80134,12,ZZ-F02,500g Blueberry Muesli,Finished Product,F02,500g,Blueberry Muesli,436,436,ST,4.23,1844.28,536.28,EUR,1308.00000,0.71
.1~1175,1175,ZZ,01,11,01/11,/Date(1704931200000)/,3,11,286,3,02,Lower Saxony,North,OLDENBURG,Germany,26121,80145,12,ZZ-F02,500g Blueberry Muesli,Finished Product,F02,500g,Blueberry Muesli,457,457,ST,4.23,1933.11,562.11,EUR,1371.00000,0.71
.1~1174,1174,ZZ,01,11,01/11,/Date(1704931200000)/,3,11,287,1,02,Lower Saxony,North,UELZEN,Germany,29525,80146,12,ZZ-F02,500g Blueberry Muesli,Finished Product,F02,500g,Blueberry Muesli,516,516,ST,4.23,2182.68,634.68,EUR,1548.00000,0.71
.1~1173,1173,ZZ,01,11,01/11,/Date(1704931200000)/,3,11,284,4,02,Schleswig-Holstein,North,NEUMÜNSTER,Germany,24537,80169,12,ZZ-F02,500g Blueberry Muesli,Finished Product,F02,500g,Blueberry Muesli,483,483,ST,4.23,2043.09,594.09,EUR,1449.00000,0.71
.1~1172,1172,ZZ,01,11,01/11,/Date(1704931200000)/,3,11,288,2,02,Nrth Rhine Westfalia,West,ESSEN,Germany,45127,80153,12,ZZ-F02,500g Blueberry Muesli,Finished Product,F02,500g,Blueberry Muesli,465,465,ST,4.23,1966.95,571.95,EUR,1395.00000,0.71
.1~1171,1171,ZZ,01,11,01/11,/Date(1704931200000)/,3,11,289,3,02,Nrth Rhine Westfalia,West,VELBERT,Germany,42551,80161,12,ZZ-F02,500g Blueberry Muesli,Finished Product,F02,500g,Blueberry Muesli,564,564,ST,4.23,2385.72,693.72,EUR,1692.00000,0.71
.1~1170,1170,ZZ,01,11,01/11,/Date(1704931200000)/,3,11,281,1,02,Bavaria,South,INGOLSTADT,Germany,85055,80120,12,ZZ-F02,500g Blueberry Muesli,Finished Product,F02,500g,Blueberry Muesli,461,461,ST,4.23,1950.03,567.03,EUR,1383.00000,0.71
.1~1169,1169,ZZ,01,11,01/11,/Date(1704931200000)/,3,11,284,2,02,Schleswig-Holstein,North,NEUMÜNSTER,Germany,24537,80169,12,ZZ-F02,500g Blueberry Muesli,Finished Product,F02,500g,Blueberry Muesli,465,465,ST,4.23,1966.95,571.95,EUR,1395.00000,0.71
.1~1168,1168,ZZ,01,11,01/11,/Date(1704931200000)/,3,11,283,3,02,Baden-Wurttemberg,South,STUTTGART,Germany,70173,80118,12,ZZ-F02,500g Blueberry Muesli,Finished Product,F02,500g,Blueberry Muesli,437,437,ST,4.23,1848.51,537.51,EUR,1311.00000,0.71
.1~1167,1167,ZZ,01,11,01/11,/Date(1704931200000)/,3,11,283,4,02,Baden-Wurttemberg,South,STUTTGART,Germany,70173,80118,12,ZZ-F02,500g Blueberry Muesli,Finished Product,F02,500g,Blueberry Muesli,509,509,ST,4.23,2153.07,626.07,EUR,1527.00000,0.71
.1~1132,1132,ZZ,01,10,01/10,/Date(1704844800000)/,2,10,278,1,02,Brandenburg,North,BRANDENBURG,Germany,14772,80131,12,ZZ-F02,500g Blueberry Muesli,Finished Product,F02,500g,Blueberry Muesli,479,479,ST,4.23,2026.17,589.17,EUR,1437.00000,0.71
.1~1131,1131,ZZ,01,10,01/10,/Date(1704844800000)/,2,10,273,4,02,Bavaria,South,NÜRNBERG-BUCH,Germany,90427,80126,12,ZZ-F02,500g Blueberry Muesli,Finished Product,F02,500g,Blueberry Muesli,558,558,ST,4.23,2360.34,686.34,EUR,1674.00000,0.71
.1~1130,1130,ZZ,01,10,01/10,/Date(1704844800000)/,2,10,280,1,02,Lower Saxony,North,NIENBURG,Germany,31582,80143,12,ZZ-F02,500g Blueberry Muesli,Finished Product,F02,500g,Blueberry Muesli,458,458,ST,4.23,1937.34,563.34,EUR,1374.00000,0.71
.1~1098,1098,ZZ,01,09,01/09,/Date(1704758400000)/,2,9,272,4,02,Hamburg,North,HAMBURG,Germany,22765,80135,12,ZZ-F02,500g Blueberry Muesli,Finished Product,F02,500g,Blueberry Muesli,497,497,ST,4.23,2102.31,611.31,EUR,1491.00000,0.71
.1~1097,1097,ZZ,01,09,01/09,/Date(1704758400000)/,2,9,265,1,02,Baden-Wurttemberg,South,ESSLINGEN,Germany,73730,80112,12,ZZ-F02,500g Blueberry Muesli,Finished Product,F02,500g,Blueberry Muesli,506,506,ST,4.23,2140.38,622.38,EUR,1518.00000,0.71
.1~1096,1096,ZZ,01,09,01/09,/Date(1704758400000)/,2,9,266,2,02,Bavaria,South,MÜNCHEN,Germany,80804,80122,12,ZZ-F02,500g Blueberry Muesli,Finished Product,F02,500g,Blueberry Muesli,457,457,ST,4.23,1933.11,562.11,EUR,1371.00000,0.71
.1~1041,1041,ZZ,01,08,01/08,/Date(1704672000000)/,2,8,188,1,02,Bavaria,South,REGENSBURG,Germany,93053,80127,12,ZZ-F02,500g Blueberry Muesli,Finished Product,F02,500g,Blueberry Muesli,488,488,ST,4.23,2064.24,600.24,EUR,1464.00000,0.71
.1~1040,1040,ZZ,01,08,01/08,/Date(1704672000000)/,2,8,261,3,02,Nrth Rhine Westfalia,West,ESSEN,Germany,45127,80153,12,ZZ-F02,500g Blueberry Muesli,Finished Product,F02,500g,Blueberry Muesli,517,517,ST,4.23,2186.91,635.91,EUR,1551.00000,0.71
.1~1039,1039,ZZ,01,08,01/08,/Date(1704672000000)/,2,8,187,4,02,Bavaria,South,INGOLSTADT,Germany,85046,80121,12,ZZ-F02,500g Blueberry Muesli,Finished Product,F02,500g,Blueberry Muesli,465,465,ST,4.23,1966.95,571.95,EUR,1395.00000,0.71
.1~1038,1038,ZZ,01,08,01/08,/Date(1704672000000)/,2,8,189,1,02,Baden-Wurttemberg,South,GUNDELFINGEN,Germany,79194,80114,12,ZZ-F02,500g Blueberry Muesli,Finished Product,F02,500g,Blueberry Muesli,447,447,ST,4.23,1890.81,549.81,EUR,1341.00000,0.71
.1~1037,1037,ZZ,01,08,01/08,/Date(1704672000000)/,2,8,189,3,02,Baden-Wurttemberg,South,GUNDELFINGEN,Germany,79194,80114,12,ZZ-F02,500g Blueberry Muesli,Finished Product,F02,500g,Blueberry Muesli,553,553,ST,4.23,2339.19,680.19,EUR,1659.00000,0.71
.1~1036,1036,ZZ,01,08,01/08,/Date(1704672000000)/,2,8,192,3,02,Nrth Rhine Westfalia,West,ESSEN,Germany,45127,80153,12,ZZ-F02,500g Blueberry Muesli,Finished Product,F02,500g,Blueberry Muesli,451,451,ST,4.23,1907.73,554.73,EUR,1353.00000,0.71
.1~1035,1035,ZZ,01,08,01/08,/Date(1704672000000)/,2,8,195,2,02,Berlin,North,BERLIN,Germany,13349,80129,12,ZZ-F02,500g Blueberry Muesli,Finished Product,F02,500g,Blueberry Muesli,524,524,ST,4.23,2216.52,644.52,EUR,1572.00000,0.71
.1~1034,1034,ZZ,01,08,01/08,/Date(1704672000000)/,2,8,190,3,02,Rhineland Palatinate,West,BAD KREUZNACH,Germany,55543,80163,12,ZZ-F02,500g Blueberry Muesli,Finished Product,F02,500g,Blueberry Muesli,439,439,ST,4.23,1856.97,539.97,EUR,1317.00000,0.71
.1~1033,1033,ZZ,01,08,01/08,/Date(1704672000000)/,2,8,191,2,02,Nrth Rhine Westfalia,West,MÜNSTER,Germany,48159,80158,12,ZZ-F02,500g Blueberry Muesli,Finished Product,F02,500g,Blueberry Muesli,513,513,ST,4.23,2169.99,630.99,EUR,1539.00000,0.71
.1~1032,1032,ZZ,01,08,01/08,/Date(1704672000000)/,2,8,264,2,02,Berlin,North,BERLIN,Germany,13349,80129,12,ZZ-F02,500g Blueberry Muesli,Finished Product,F02,500g,Blueberry Muesli,462,462,ST,4.23,1954.26,568.26,EUR,1386.00000,0.71
.1~1031,1031,ZZ,01,08,01/08,/Date(1704672000000)/,2,8,260,2,02,Nrth Rhine Westfalia,West,MÜNSTER,Germany,48159,80158,12,ZZ-F02,500g Blueberry Muesli,Finished Product,F02,500g,Blueberry Muesli,447,447,ST,4.23,1890.81,549.81,EUR,1341.00000,0.71
.1~1030,1030,ZZ,01,08,01/08,/Date(1704672000000)/,2,8,259,3,02,Rhineland Palatinate,West,BAD KREUZNACH,Germany,55543,80163,12,ZZ-F02,500g Blueberry Muesli,Finished Product,F02,500g,Blueberry Muesli,554,554,ST,4.23,2343.42,681.42,EUR,1662.00000,0.71
.1~1029,1029,ZZ,01,08,01/08,/Date(1704672000000)/,2,8,258,3,02,Baden-Wurttemberg,South,GUNDELFINGEN,Germany,79194,80114,12,ZZ-F02,500g Blueberry Muesli,Finished Product,F02,500g,Blueberry Muesli,485,485,ST,4.23,2051.55,596.55,EUR,1455.00000,0.71
.1~1028,1028,ZZ,01,08,01/08,/Date(1704672000000)/,2,8,258,1,02,Baden-Wurttemberg,South,GUNDELFINGEN,Germany,79194,80114,12,ZZ-F02,500g Blueberry Muesli,Finished Product,F02,500g,Blueberry Muesli,485,485,ST,4.23,2051.55,596.55,EUR,1455.00000,0.71
.1~1027,1027,ZZ,01,08,01/08,/Date(1704672000000)/,2,8,256,4,02,Bavaria,South,INGOLSTADT,Germany,85046,80121,12,ZZ-F02,500g Blueberry Muesli,Finished Product,F02,500g,Blueberry Muesli,522,522,ST,4.23,2208.06,642.06,EUR,1566.00000,0.71
.1~948,948,ZZ,01,07,01/07,/Date(1704585600000)/,2,7,179,0,02,Bavaria,South,MÜNCHEN,Germany,81245,80123,12,ZZ-F02,500g Blueberry Muesli,Finished Product,F02,500g,Blueberry Muesli,443,443,ST,4.23,1873.89,544.89,EUR,1329.00000,0.71
.1~894,894,ZZ,01,06,01/06,/Date(1704499200000)/,2,6,239,3,02,Baden-Wurttemberg,South,ESSLINGEN,Germany,73730,80112,12,ZZ-F02,500g Blueberry Muesli,Finished Product,F02,500g,Blueberry Muesli,495,495,ST,4.23,2093.85,608.85,EUR,1485.00000,0.71
.1~893,893,ZZ,01,06,01/06,/Date(1704499200000)/,2,6,240,2,02,Hessen,South,FULDA,Germany,36037,80137,12,ZZ-F02,500g Blueberry Muesli,Finished Product,F02,500g,Blueberry Muesli,490,490,ST,4.23,2072.70,602.70,EUR,1470.00000,0.71
.1~892,892,ZZ,01,06,01/06,/Date(1704499200000)/,2,6,242,2,02,Nrth Rhine Westfalia,West,KREFELD,Germany,47798,80157,12,ZZ-F02,500g Blueberry Muesli,Finished Product,F02,500g,Blueberry Muesli,430,430,ST,4.23,1818.90,528.90,EUR,1290.00000,0.71
.1~891,891,ZZ,01,06,01/06,/Date(1704499200000)/,2,6,247,2,02,Brandenburg,North,COTTBUS,Germany,03046,80132,12,ZZ-F02,500g Blueberry Muesli,Finished Product,F02,500g,Blueberry Muesli,435,435,ST,4.23,1840.05,535.05,EUR,1305.00000,0.71
.1~890,890,ZZ,01,06,01/06,/Date(1704499200000)/,2,6,247,1,02,Brandenburg,North,COTTBUS,Germany,03046,80132,12,ZZ-F02,500g Blueberry Muesli,Finished Product,F02,500g,Blueberry Muesli,526,526,ST,4.23,2224.98,646.98,EUR,1578.00000,0.71
.1~889,889,ZZ,01,06,01/06,/Date(1704499200000)/,2,6,246,1,02,Mecklenburg-Vorpomm.,North,ROSTOCK,Germany,18184,80141,12,ZZ-F02,500g Blueberry Muesli,Finished Product,F02,500g,Blueberry Muesli,564,564,ST,4.23,2385.72,693.72,EUR,1692.00000,0.71
.1~888,888,ZZ,01,06,01/06,/Date(1704499200000)/,2,6,245,3,02,Saxony,North,CHEMNITZ,Germany,09111,80165,12,ZZ-F02,500g Blueberry Muesli,Finished Product,F02,500g,Blueberry Muesli,536,536,ST,4.23,2267.28,659.28,EUR,1608.00000,0.71
.1~887,887,ZZ,01,06,01/06,/Date(1704499200000)/,2,6,173,2,02,Nrth Rhine Westfalia,West,KREFELD,Germany,47798,80157,12,ZZ-F02,500g Blueberry Muesli,Finished Product,F02,500g,Blueberry Muesli,482,482,ST,4.23,2038.86,592.86,EUR,1446.00000,0.71
.1~886,886,ZZ,01,06,01/06,/Date(1704499200000)/,2,6,171,2,02,Hessen,South,FULDA,Germany,36037,80137,12,ZZ-F02,500g Blueberry Muesli,Finished Product,F02,500g,Blueberry Muesli,513,513,ST,4.23,2169.99,630.99,EUR,1539.00000,0.71
.1~885,885,ZZ,01,06,01/06,/Date(1704499200000)/,2,6,170,3,02,Baden-Wurttemberg,South,ESSLINGEN,Germany,73730,80112,12,ZZ-F02,500g Blueberry Muesli,Finished Product,F02,500g,Blueberry Muesli,467,467,ST,4.23,1975.41,574.41,EUR,1401.00000,0.71
.1~884,884,ZZ,01,06,01/06,/Date(1704499200000)/,2,6,178,2,02,Brandenburg,North,COTTBUS,Germany,03046,80132,12,ZZ-F02,500g Blueberry Muesli,Finished Product,F02,500g,Blueberry Muesli,465,465,ST,4.23,1966.95,571.95,EUR,1395.00000,0.71
.1~883,883,ZZ,01,06,01/06,/Date(1704499200000)/,2,6,178,1,02,Brandenburg,North,COTTBUS,Germany,03046,80132,12,ZZ-F02,500g Blueberry Muesli,Finished Product,F02,500g,Blueberry Muesli,547,547,ST,4.23,2313.81,672.81,EUR,1641.00000,0.71
.1~882,882,ZZ,01,06,01/06,/Date(1704499200000)/,2,6,177,2,02,Mecklenburg-Vorpomm.,North,ROSTOCK,Germany,18184,80141,12,ZZ-F02,500g Blueberry Muesli,Finished Product,F02,500g,Blueberry Muesli,458,458,ST,4.23,1937.34,563.34,EUR,1374.00000,0.71
.1~881,881,ZZ,01,06,01/06,/Date(1704499200000)/,2,6,177,1,02,Mecklenburg-Vorpomm.,North,ROSTOCK,Germany,18184,80141,12,ZZ-F02,500g Blueberry Muesli,Finished Product,F02,500g,Blueberry Muesli,429,429,ST,4.23,1814.67,527.67,EUR,1287.00000,0.71
.1~880,880,ZZ,01,06,01/06,/Date(1704499200000)/,2,6,176,3,02,Saxony,North,CHEMNITZ,Germany,09111,80165,12,ZZ-F02,500g Blueberry Muesli,Finished Product,F02,500g,Blueberry Muesli,562,562,ST,4.23,2377.26,691.26,EUR,1686.00000,0.71
.1~879,879,ZZ,01,06,01/06,/Date(1704499200000)/,2,6,175,4,02,Nrth Rhine Westfalia,West,GELSENKIRCHEN,Germany,45879,80154,12,ZZ-F02,500g Blueberry Muesli,Finished Product,F02,500g,Blueberry Muesli,464,464,ST,4.23,1962.72,570.72,EUR,1392.00000,0.71
.1~828,828,ZZ,01,05,01/05,/Date(1704412800000)/,1,5,167,4,02,Mecklenburg-Vorpomm.,North,ROSTOCK,Germany,18184,80141,12,ZZ-F02,500g Blueberry Muesli,Finished Product,F02,500g,Blueberry Muesli,430,430,ST,4.23,1818.90,528.90,EUR,1290.00000,0.71
.1~827,827,ZZ,01,05,01/05,/Date(1704412800000)/,1,5,233,2,02,Nrth Rhine Westfalia,West,SIEGEN,Germany,57076,80160,12,ZZ-F02,500g Blueberry Muesli,Finished Product,F02,500g,Blueberry Muesli,481,481,ST,4.23,2034.63,591.63,EUR,1443.00000,0.71
.1~826,826,ZZ,01,05,01/05,/Date(1704412800000)/,1,5,232,4,02,Bavaria,South,MÜNCHEN,Germany,80939,80124,12,ZZ-F02,500g Blueberry Muesli,Finished Product,F02,500g,Blueberry Muesli,438,438,ST,4.23,1852.74,538.74,EUR,1314.00000,0.71
.1~825,825,ZZ,01,05,01/05,/Date(1704412800000)/,1,5,231,4,02,Baden-Wurttemberg,South,ALBSTADT,Germany,72458,80170,12,ZZ-F02,500g Blueberry Muesli,Finished Product,F02,500g,Blueberry Muesli,487,487,ST,4.23,2060.01,599.01,EUR,1461.00000,0.71
.1~824,824,ZZ,01,05,01/05,/Date(1704412800000)/,1,5,231,3,02,Baden-Wurttemberg,South,ALBSTADT,Germany,72458,80170,12,ZZ-F02,500g Blueberry Muesli,Finished Product,F02,500g,Blueberry Muesli,562,562,ST,4.23,2377.26,691.26,EUR,1686.00000,0.71
.1~823,823,ZZ,01,05,01/05,/Date(1704412800000)/,1,5,238,2,02,Brandenburg,North,BRANDENBURG,Germany,14772,80131,12,ZZ-F02,500g Blueberry Muesli,Finished Product,F02,500g,Blueberry Muesli,475,475,ST,4.23,2009.25,584.25,EUR,1425.00000,0.71
.1~822,822,ZZ,01,05,01/05,/Date(1704412800000)/,1,5,236,4,02,Mecklenburg-Vorpomm.,North,ROSTOCK,Germany,18184,80141,12,ZZ-F02,500g Blueberry Muesli,Finished Product,F02,500g,Blueberry Muesli,561,561,ST,4.23,2373.03,690.03,EUR,1683.00000,0.71
.1~821,821,ZZ,01,05,01/05,/Date(1704412800000)/,1,5,164,2,02,Nrth Rhine Westfalia,West,SIEGEN,Germany,57076,80160,12,ZZ-F02,500g Blueberry Muesli,Finished Product,F02,500g,Blueberry Muesli,544,544,ST,4.23,2301.12,669.12,EUR,1632.00000,0.71
.1~820,820,ZZ,01,05,01/05,/Date(1704412800000)/,1,5,162,3,02,Baden-Wurttemberg,South,ALBSTADT,Germany,72458,80170,12,ZZ-F02,500g Blueberry Muesli,Finished Product,F02,500g,Blueberry Muesli,561,561,ST,4.23,2373.03,690.03,EUR,1683.00000,0.71
.1~819,819,ZZ,01,05,01/05,/Date(1704412800000)/,1,5,162,4,02,Baden-Wurttemberg,South,ALBSTADT,Germany,72458,80170,12,ZZ-F02,500g Blueberry Muesli,Finished Product,F02,500g,Blueberry Muesli,469,469,ST,4.23,1983.87,576.87,EUR,1407.00000,0.71
.1~818,818,ZZ,01,05,01/05,/Date(1704412800000)/,1,5,163,4,02,Bavaria,South,MÜNCHEN,Germany,80939,80124,12,ZZ-F02,500g Blueberry Muesli,Finished Product,F02,500g,Blueberry Muesli,531,531,ST,4.23,2246.13,653.13,EUR,1593.00000,0.71
.1~743,743,ZZ,01,04,01/04,/Date(1704326400000)/,1,4,228,3,02,Lower Saxony,North,OLDENBURG,Germany,26129,80144,12,ZZ-F02,500g Blueberry Muesli,Finished Product,F02,500g,Blueberry Muesli,428,428,ST,4.23,1810.44,526.44,EUR,1284.00000,0.71
.1~742,742,ZZ,01,04,01/04,/Date(1704326400000)/,1,4,159,1,02,Lower Saxony,North,OLDENBURG,Germany,26129,80144,12,ZZ-F02,500g Blueberry Muesli,Finished Product,F02,500g,Blueberry Muesli,460,460,ST,4.23,1945.80,565.80,EUR,1380.00000,0.71
.1~741,741,ZZ,01,04,01/04,/Date(1704326400000)/,1,4,159,3,02,Lower Saxony,North,OLDENBURG,Germany,26129,80144,12,ZZ-F02,500g Blueberry Muesli,Finished Product,F02,500g,Blueberry Muesli,500,500,ST,4.23,2115.00,615.00,EUR,1500.00000,0.71
.1~740,740,ZZ,01,04,01/04,/Date(1704326400000)/,1,4,160,1,02,Schleswig-Holstein,North,KIEL,Germany,24113,80168,12,ZZ-F02,500g Blueberry Muesli,Finished Product,F02,500g,Blueberry Muesli,426,426,ST,4.23,1801.98,523.98,EUR,1278.00000,0.71
.1~739,739,ZZ,01,04,01/04,/Date(1704326400000)/,1,4,155,1,02,Bavaria,South,AUGSBURG,Germany,86156,80119,12,ZZ-F02,500g Blueberry Muesli,Finished Product,F02,500g,Blueberry Muesli,521,521,ST,4.23,2203.83,640.83,EUR,1563.00000,0.71
.1~738,738,ZZ,01,04,01/04,/Date(1704326400000)/,1,4,156,1,02,Nrth Rhine Westfalia,West,BAD OEYNHAUSEN,Germany,32547,80148,12,ZZ-F02,500g Blueberry Muesli,Finished Product,F02,500g,Blueberry Muesli,482,482,ST,4.23,2038.86,592.86,EUR,1446.00000,0.71
.1~737,737,ZZ,01,04,01/04,/Date(1704326400000)/,1,4,225,4,02,Nrth Rhine Westfalia,West,BAD OEYNHAUSEN,Germany,32547,80148,12,ZZ-F02,500g Blueberry Muesli,Finished Product,F02,500g,Blueberry Muesli,438,438,ST,4.23,1852.74,538.74,EUR,1314.00000,0.71
.1~736,736,ZZ,01,04,01/04,/Date(1704326400000)/,1,4,224,1,02,Bavaria,South,AUGSBURG,Germany,86156,80119,12,ZZ-F02,500g Blueberry Muesli,Finished Product,F02,500g,Blueberry Muesli,472,472,ST,4.23,1996.56,580.56,EUR,1416.00000,0.71
.1~735,735,ZZ,01,04,01/04,/Date(1704326400000)/,1,4,229,1,02,Schleswig-Holstein,North,KIEL,Germany,24113,80168,12,ZZ-F02,500g Blueberry Muesli,Finished Product,F02,500g,Blueberry Muesli,500,500,ST,4.23,2115.00,615.00,EUR,1500.00000,0.71
.1~734,734,ZZ,01,04,01/04,/Date(1704326400000)/,1,4,228,1,02,Lower Saxony,North,OLDENBURG,Germany,26129,80144,12,ZZ-F02,500g Blueberry Muesli,Finished Product,F02,500g,Blueberry Muesli,508,508,ST,4.23,2148.84,624.84,EUR,1524.00000,0.71
.1~667,667,ZZ,01,03,01/03,/Date(1704240000000)/,1,3,152,3,02,Lower Saxony,North,OLDENBURG,Germany,26121,80145,12,ZZ-F02,500g Blueberry Muesli,Finished Product,F02,500g,Blueberry Muesli,563,563,ST,4.23,2381.49,692.49,EUR,1689.00000,0.71
.1~666,666,ZZ,01,03,01/03,/Date(1704240000000)/,1,3,221,1,02,Lower Saxony,North,OLDENBURG,Germany,26121,80145,12,ZZ-F02,500g Blueberry Muesli,Finished Product,F02,500g,Blueberry Muesli,533,533,ST,4.23,2254.59,655.59,EUR,1599.00000,0.71
.1~665,665,ZZ,01,03,01/03,/Date(1704240000000)/,1,3,213,3,02,Bavaria,South,NÜRNBERG,Germany,90451,80125,12,ZZ-F02,500g Blueberry Muesli,Finished Product,F02,500g,Blueberry Muesli,443,443,ST,4.23,1873.89,544.89,EUR,1329.00000,0.71
.1~664,664,ZZ,01,03,01/03,/Date(1704240000000)/,1,3,144,3,02,Bavaria,South,NÜRNBERG,Germany,90451,80125,12,ZZ-F02,500g Blueberry Muesli,Finished Product,F02,500g,Blueberry Muesli,556,556,ST,4.23,2351.88,683.88,EUR,1668.00000,0.71
.1~602,602,ZZ,01,02,01/02,/Date(1704153600000)/,1,2,135,4,02,Baden-Wurttemberg,South,KARLSRUHE,Germany,76133,80115,12,ZZ-F02,500g Blueberry Muesli,Finished Product,F02,500g,Blueberry Muesli,463,463,ST,4.23,1958.49,569.49,EUR,1389.00000,0.71
.1~601,601,ZZ,01,02,01/02,/Date(1704153600000)/,1,2,209,3,02,Schleswig-Holstein,North,KIEL,Germany,24113,80168,12,ZZ-F02,500g Blueberry Muesli,Finished Product,F02,500g,Blueberry Muesli,454,454,ST,4.23,1920.42,558.42,EUR,1362.00000,0.71
.1~600,600,ZZ,01,02,01/02,/Date(1704153600000)/,1,2,138,4,02,Nrth Rhine Westfalia,West,DÜSSELDORF,Germany,40213,80152,12,ZZ-F02,500g Blueberry Muesli,Finished Product,F02,500g,Blueberry Muesli,478,478,ST,4.23,2021.94,587.94,EUR,1434.00000,0.71
.1~599,599,ZZ,01,02,01/02,/Date(1704153600000)/,1,2,204,4,02,Baden-Wurttemberg,South,KARLSRUHE,Germany,76133,80115,12,ZZ-F02,500g Blueberry Muesli,Finished Product,F02,500g,Blueberry Muesli,547,547,ST,4.23,2313.81,672.81,EUR,1641.00000,0.71
.1~598,598,ZZ,01,02,01/02,/Date(1704153600000)/,1,2,140,3,02,Schleswig-Holstein,North,KIEL,Germany,24113,80168,12,ZZ-F02,500g Blueberry Muesli,Finished Product,F02,500g,Blueberry Muesli,464,464,ST,4.23,1962.72,570.72,EUR,1392.00000,0.71
.1~597,597,ZZ,01,02,01/02,/Date(1704153600000)/,1,2,207,4,02,Nrth Rhine Westfalia,West,DÜSSELDORF,Germany,40213,80152,12,ZZ-F02,500g Blueberry Muesli,Finished Product,F02,500g,Blueberry Muesli,468,468,ST,4.23,1979.64,575.64,EUR,1404.00000,0.71
.1~529,529,ZZ,01,01,01/01,/Date(1704067200000)/,1,1,131,4,02,Nrth Rhine Westfalia,West,HERFORD,Germany,32052,80155,12,ZZ-F02,500g Blueberry Muesli,Finished Product,F02,500g,Blueberry Muesli,536,536,ST,4.23,2267.28,659.28,EUR,1608.00000,0.71
.1~528,528,ZZ,01,01,01/01,/Date(1704067200000)/,1,1,133,4,02,Lower Saxony,North,WOLFSBURG,Germany,38444,80147,12,ZZ-F02,500g Blueberry Muesli,Finished Product,F02,500g,Blueberry Muesli,496,496,ST,4.23,2098.08,610.08,EUR,1488.00000,0.71
.1~527,527,ZZ,01,01,01/01,/Date(1704067200000)/,1,1,197,1,02,Bavaria,South,NÜRNBERG,Germany,90451,80125,12,ZZ-F02,500g Blueberry Muesli,Finished Product,F02,500g,Blueberry Muesli,468,468,ST,4.23,1979.64,575.64,EUR,1404.00000,0.71
.1~526,526,ZZ,01,01,01/01,/Date(1704067200000)/,1,1,200,4,02,Nrth Rhine Westfalia,West,HERFORD,Germany,32052,80155,12,ZZ-F02,500g Blueberry Muesli,Finished Product,F02,500g,Blueberry Muesli,466,466,ST,4.23,1971.18,573.18,EUR,1398.00000,0.71
.1~525,525,ZZ,01,01,01/01,/Date(1704067200000)/,1,1,128,1,02,Bavaria,South,NÜRNBERG,Germany,90451,80125,12,ZZ-F02,500g Blueberry Muesli,Finished Product,F02,500g,Blueberry Muesli,491,491,ST,4.23,2076.93,603.93,EUR,1473.00000,0.71
.1~524,524,ZZ,01,01,01/01,/Date(1704067200000)/,1,1,127,1,02,Baden-Wurttemberg,South,FREIBURG,Germany,79098,80113,12,ZZ-F02,500g Blueberry Muesli,Finished Product,F02,500g,Blueberry Muesli,531,531,ST,4.23,2246.13,653.13,EUR,1593.00000,0.71
.1~523,523,ZZ,01,01,01/01,/Date(1704067200000)/,1,1,196,1,02,Baden-Wurttemberg,South,FREIBURG,Germany,79098,80113,12,ZZ-F02,500g Blueberry Muesli,Finished Product,F02,500g,Blueberry Muesli,551,551,ST,4.23,2330.73,677.73,EUR,1653.00000,0.71
.1~522,522,ZZ,01,01,01/01,/Date(1704067200000)/,1,1,196,9,02,Baden-Wurttemberg,South,FREIBURG,Germany,79098,80113,12,ZZ-F02,500g Blueberry Muesli,Finished Product,F02,500g,Blueberry Muesli,523,523,ST,4.23,2212.29,643.29,EUR,1569.00000,0.71
.1~521,521,ZZ,01,01,01/01,/Date(1704067200000)/,1,1,127,9,02,Baden-Wurttemberg,South,FREIBURG,Germany,79098,80113,12,ZZ-F02,500g Blueberry Muesli,Finished Product,F02,500g,Blueberry Muesli,435,435,ST,4.23,1840.05,535.05,EUR,1305.00000,0.71
.1~520,520,ZZ,01,01,01/01,/Date(1704067200000)/,1,1,202,4,02,Lower Saxony,North,WOLFSBURG,Germany,38444,80147,12,ZZ-F02,500g Blueberry Muesli,Finished Product,F02,500g,Blueberry Muesli,442,442,ST,4.23,1869.66,543.66,EUR,1326.00000,0.71
.1~476,476,AA,01,14,01/14,/Date(1705190400000)/,3,14,120,3,02,Rhineland Palatinate,West,BAD KREUZNACH,Germany,55543,80163,12,AA-F02,500g Blueberry Muesli,Finished Product,F02,500g,Blueberry Muesli,74,74,ST,4.23,313.02,91.02,EUR,222.00000,0.71
.1~475,475,AA,01,14,01/14,/Date(1705190400000)/,3,14,114,1,02,Bavaria,South,NÜRNBERG-BUCH,Germany,90427,80126,12,AA-F02,500g Blueberry Muesli,Finished Product,F02,500g,Blueberry Muesli,472,472,ST,4.23,1996.56,580.56,EUR,1416.00000,0.71
.1~446,446,AA,01,13,01/13,/Date(1705104000000)/,3,13,110,1,02,Lower Saxony,North,WOLFSBURG,Germany,38444,80147,12,AA-F02,500g Blueberry Muesli,Finished Product,F02,500g,Blueberry Muesli,450,450,ST,4.23,1903.50,553.50,EUR,1350.00000,0.71
.1~445,445,AA,01,13,01/13,/Date(1705104000000)/,3,13,107,4,02,Bavaria,South,NÜRNBERG,Germany,90451,80125,12,AA-F02,500g Blueberry Muesli,Finished Product,F02,500g,Blueberry Muesli,531,531,ST,4.23,2246.13,653.13,EUR,1593.00000,0.71
.1~444,444,AA,01,13,01/13,/Date(1705104000000)/,3,13,113,4,02,Nrth Rhine Westfalia,West,PADERBORN,Germany,33100,80159,12,AA-F02,500g Blueberry Muesli,Finished Product,F02,500g,Blueberry Muesli,425,425,ST,4.23,1797.75,522.75,EUR,1275.00000,0.71
.1~443,443,AA,01,13,01/13,/Date(1705104000000)/,3,13,111,1,02,Nrth Rhine Westfalia,West,WÜRSELEN,Germany,52146,80162,12,AA-F02,500g Blueberry Muesli,Finished Product,F02,500g,Blueberry Muesli,426,426,ST,4.23,1801.98,523.98,EUR,1278.00000,0.71
.1~442,442,AA,01,13,01/13,/Date(1705104000000)/,3,13,111,4,02,Nrth Rhine Westfalia,West,WÜRSELEN,Germany,52146,80162,12,AA-F02,500g Blueberry Muesli,Finished Product,F02,500g,Blueberry Muesli,430,430,ST,4.23,1818.90,528.90,EUR,1290.00000,0.71
.1~405,405,AA,01,12,01/12,/Date(1705017600000)/,3,12,100,3,02,Berlin,North,WALTERSDORF,Germany,12529,80130,12,AA-F02,500g Blueberry Muesli,Finished Product,F02,500g,Blueberry Muesli,508,508,ST,4.23,2148.84,624.84,EUR,1524.00000,0.71
.1~404,404,AA,01,12,01/12,/Date(1705017600000)/,3,12,103,4,02,Nrth Rhine Westfalia,West,BAD OEYNHAUSEN,Germany,32547,80148,12,AA-F02,500g Blueberry Muesli,Finished Product,F02,500g,Blueberry Muesli,475,475,ST,4.23,2009.25,584.25,EUR,1425.00000,0.71
.1~367,367,AA,01,11,01/11,/Date(1704931200000)/,3,11,95,2,02,Nrth Rhine Westfalia,West,SIEGEN,Germany,57076,80160,12,AA-F02,500g Blueberry Muesli,Finished Product,F02,500g,Blueberry Muesli,431,431,ST,4.23,1823.13,530.13,EUR,1293.00000,0.71
.1~366,366,AA,01,11,01/11,/Date(1704931200000)/,3,11,90,4,02,Bavaria,South,INGOLSTADT,Germany,85055,80120,12,AA-F02,500g Blueberry Muesli,Finished Product,F02,500g,Blueberry Muesli,447,447,ST,4.23,1890.81,549.81,EUR,1341.00000,0.71
.1~365,365,AA,01,11,01/11,/Date(1704931200000)/,3,11,94,1,02,Nrth Rhine Westfalia,West,ESSEN,Germany,45127,80153,12,AA-F02,500g Blueberry Muesli,Finished Product,F02,500g,Blueberry Muesli,437,437,ST,4.23,1848.51,537.51,EUR,1311.00000,0.71
.1~332,332,AA,01,10,01/10,/Date(1704844800000)/,2,10,83,3,02,Lower Saxony,North,OLDENBURG,Germany,26121,80145,12,AA-F02,500g Blueberry Muesli,Finished Product,F02,500g,Blueberry Muesli,493,493,ST,4.23,2085.39,606.39,EUR,1479.00000,0.71
.1~331,331,AA,01,10,01/10,/Date(1704844800000)/,2,10,85,3,02,Rhineland Palatinate,West,TRIER,Germany,54290,80164,12,AA-F02,500g Blueberry Muesli,Finished Product,F02,500g,Blueberry Muesli,473,473,ST,4.23,2000.79,581.79,EUR,1419.00000,0.71
.1~330,330,AA,01,10,01/10,/Date(1704844800000)/,2,10,79,4,02,Bavaria,South,INGOLSTADT,Germany,85046,80121,12,AA-F02,500g Blueberry Muesli,Finished Product,F02,500g,Blueberry Muesli,431,431,ST,4.23,1823.13,530.13,EUR,1293.00000,0.71
.1~329,329,AA,01,10,01/10,/Date(1704844800000)/,2,10,84,4,02,Nrth Rhine Westfalia,West,KREFELD,Germany,47798,80157,12,AA-F02,500g Blueberry Muesli,Finished Product,F02,500g,Blueberry Muesli,521,521,ST,4.23,2203.83,640.83,EUR,1563.00000,0.71
.1~328,328,AA,01,10,01/10,/Date(1704844800000)/,2,10,81,1,02,Bavaria,South,INGOLSTADT,Germany,85055,80120,12,AA-F02,500g Blueberry Muesli,Finished Product,F02,500g,Blueberry Muesli,429,429,ST,4.23,1814.67,527.67,EUR,1287.00000,0.71
.1~327,327,AA,01,10,01/10,/Date(1704844800000)/,2,10,80,4,02,Bavaria,South,NÜRNBERG-BUCH,Germany,90427,80126,12,AA-F02,500g Blueberry Muesli,Finished Product,F02,500g,Blueberry Muesli,531,531,ST,4.23,2246.13,653.13,EUR,1593.00000,0.71
.1~295,295,AA,01,09,01/09,/Date(1704758400000)/,2,9,76,2,02,Nrth Rhine Westfalia,West,PADERBORN,Germany,33100,80159,12,AA-F02,500g Blueberry Muesli,Finished Product,F02,500g,Blueberry Muesli,512,512,ST,4.23,2165.76,629.76,EUR,1536.00000,0.71
.1~294,294,AA,01,09,01/09,/Date(1704758400000)/,2,9,73,1,02,Lower Saxony,North,NIENBURG,Germany,31582,80143,12,AA-F02,500g Blueberry Muesli,Finished Product,F02,500g,Blueberry Muesli,541,541,ST,4.23,2288.43,665.43,EUR,1623.00000,0.71
.1~293,293,AA,01,09,01/09,/Date(1704758400000)/,2,9,73,2,02,Lower Saxony,North,NIENBURG,Germany,31582,80143,12,AA-F02,500g Blueberry Muesli,Finished Product,F02,500g,Blueberry Muesli,432,432,ST,4.23,1827.36,531.36,EUR,1296.00000,0.71
.1~292,292,AA,01,09,01/09,/Date(1704758400000)/,2,9,78,1,02,Nrth Rhine Westfalia,West,WÜRSELEN,Germany,52146,80162,12,AA-F02,500g Blueberry Muesli,Finished Product,F02,500g,Blueberry Muesli,529,529,ST,4.23,2237.67,650.67,EUR,1587.00000,0.71
.1~291,291,AA,01,09,01/09,/Date(1704758400000)/,2,9,78,3,02,Nrth Rhine Westfalia,West,WÜRSELEN,Germany,52146,80162,12,AA-F02,500g Blueberry Muesli,Finished Product,F02,500g,Blueberry Muesli,510,510,ST,4.23,2157.30,627.30,EUR,1530.00000,0.71
.1~258,258,AA,01,08,01/08,/Date(1704672000000)/,2,8,69,2,02,Nrth Rhine Westfalia,West,VELBERT,Germany,42551,80161,12,AA-F02,500g Blueberry Muesli,Finished Product,F02,500g,Blueberry Muesli,545,545,ST,4.23,2305.35,670.35,EUR,1635.00000,0.71
.1~257,257,AA,01,08,01/08,/Date(1704672000000)/,2,8,69,1,02,Nrth Rhine Westfalia,West,VELBERT,Germany,42551,80161,12,AA-F02,500g Blueberry Muesli,Finished Product,F02,500g,Blueberry Muesli,485,485,ST,4.23,2051.55,596.55,EUR,1455.00000,0.71
.1~224,224,AA,01,07,01/07,/Date(1704585600000)/,2,7,58,4,02,Nrth Rhine Westfalia,West,HERFORD,Germany,32052,80155,12,AA-F02,500g Blueberry Muesli,Finished Product,F02,500g,Blueberry Muesli,488,488,ST,4.23,2064.24,600.24,EUR,1464.00000,0.71
.1~223,223,AA,01,07,01/07,/Date(1704585600000)/,2,7,54,3,02,Baden-Wurttemberg,South,GUNDELFINGEN,Germany,79194,80114,12,AA-F02,500g Blueberry Muesli,Finished Product,F02,500g,Blueberry Muesli,563,563,ST,4.23,2381.49,692.49,EUR,1689.00000,0.71
.1~222,222,AA,01,07,01/07,/Date(1704585600000)/,2,7,57,4,02,Saxony,North,CHEMNITZ,Germany,09111,80165,12,AA-F02,500g Blueberry Muesli,Finished Product,F02,500g,Blueberry Muesli,499,499,ST,4.23,2110.77,613.77,EUR,1497.00000,0.71
.1~221,221,AA,01,07,01/07,/Date(1704585600000)/,2,7,57,3,02,Saxony,North,CHEMNITZ,Germany,09111,80165,12,AA-F02,500g Blueberry Muesli,Finished Product,F02,500g,Blueberry Muesli,478,478,ST,4.23,2021.94,587.94,EUR,1434.00000,0.71
.1~220,220,AA,01,07,01/07,/Date(1704585600000)/,2,7,55,4,02,Hessen,South,FRANKFURT/MAIN,Germany,60386,80136,12,AA-F02,500g Blueberry Muesli,Finished Product,F02,500g,Blueberry Muesli,444,444,ST,4.23,1878.12,546.12,EUR,1332.00000,0.71
.1~187,187,AA,01,06,01/06,/Date(1704499200000)/,2,6,48,4,02,Baden-Wurttemberg,South,KORNTAL,Germany,70825,80116,12,AA-F02,500g Blueberry Muesli,Finished Product,F02,500g,Blueberry Muesli,488,488,ST,4.23,2064.24,600.24,EUR,1464.00000,0.71
.1~186,186,AA,01,06,01/06,/Date(1704499200000)/,2,6,44,4,02,Saxony-Anhalt,North,GÜNTHERSDORF,Germany,06254,80167,12,AA-F02,500g Blueberry Muesli,Finished Product,F02,500g,Blueberry Muesli,460,460,ST,4.23,1945.80,565.80,EUR,1380.00000,0.71
.1~185,185,AA,01,06,01/06,/Date(1704499200000)/,2,6,47,1,02,Baden-Wurttemberg,South,KARLSRUHE,Germany,76133,80115,12,AA-F02,500g Blueberry Muesli,Finished Product,F02,500g,Blueberry Muesli,480,480,ST,4.23,2030.40,590.40,EUR,1440.00000,0.71
.1~184,184,AA,01,06,01/06,/Date(1704499200000)/,2,6,45,4,02,Brandenburg,North,BRANDENBURG,Germany,14772,80131,12,AA-F02,500g Blueberry Muesli,Finished Product,F02,500g,Blueberry Muesli,463,463,ST,4.23,1958.49,569.49,EUR,1389.00000,0.71
.1~183,183,AA,01,06,01/06,/Date(1704499200000)/,2,6,50,4,02,Rhineland Palatinate,West,BAD KREUZNACH,Germany,55543,80163,12,AA-F02,500g Blueberry Muesli,Finished Product,F02,500g,Blueberry Muesli,437,437,ST,4.23,1848.51,537.51,EUR,1311.00000,0.71
.1~182,182,AA,01,06,01/06,/Date(1704499200000)/,2,6,45,3,02,Brandenburg,North,BRANDENBURG,Germany,14772,80131,12,AA-F02,500g Blueberry Muesli,Finished Product,F02,500g,Blueberry Muesli,538,538,ST,4.23,2275.74,661.74,EUR,1614.00000,0.71
.1~152,152,AA,01,05,01/05,/Date(1704412800000)/,1,5,36,3,02,Lower Saxony,North,GÖTTINGEN,Germany,37073,80142,12,AA-F02,500g Blueberry Muesli,Finished Product,F02,500g,Blueberry Muesli,446,446,ST,4.23,1886.58,548.58,EUR,1338.00000,0.71
.1~151,151,AA,01,05,01/05,/Date(1704412800000)/,1,5,39,4,02,Baden-Wurttemberg,South,FREIBURG,Germany,79098,80113,12,AA-F02,500g Blueberry Muesli,Finished Product,F02,500g,Blueberry Muesli,531,531,ST,4.23,2246.13,653.13,EUR,1593.00000,0.71
.1~150,150,AA,01,05,01/05,/Date(1704412800000)/,1,5,41,4,02,Nrth Rhine Westfalia,West,SIEGEN,Germany,57076,80160,12,AA-F02,500g Blueberry Muesli,Finished Product,F02,500g,Blueberry Muesli,519,519,ST,4.23,2195.37,638.37,EUR,1557.00000,0.71
.1~114,114,AA,01,04,01/04,/Date(1704326400000)/,1,4,34,1,02,Nrth Rhine Westfalia,West,MÜNSTER,Germany,48159,80158,12,AA-F02,500g Blueberry Muesli,Finished Product,F02,500g,Blueberry Muesli,460,460,ST,4.23,1945.80,565.80,EUR,1380.00000,0.71
.1~113,113,AA,01,04,01/04,/Date(1704326400000)/,1,4,30,3,02,Bavaria,South,MÜNCHEN,Germany,80939,80124,12,AA-F02,500g Blueberry Muesli,Finished Product,F02,500g,Blueberry Muesli,533,533,ST,4.23,2254.59,655.59,EUR,1599.00000,0.71
.1~112,112,AA,01,04,01/04,/Date(1704326400000)/,1,4,32,4,02,Bavaria,South,MÜNCHEN,Germany,80804,80122,12,AA-F02,500g Blueberry Muesli,Finished Product,F02,500g,Blueberry Muesli,435,435,ST,4.23,1840.05,535.05,EUR,1305.00000,0.71
.1~111,111,AA,01,04,01/04,/Date(1704326400000)/,1,4,29,1,02,Saxony,North,CHEMNITZ,Germany,09111,80165,12,AA-F02,500g Blueberry Muesli,Finished Product,F02,500g,Blueberry Muesli,431,431,ST,4.23,1823.13,530.13,EUR,1293.00000,0.71
.1~110,110,AA,01,04,01/04,/Date(1704326400000)/,1,4,29,4,02,Saxony,North,CHEMNITZ,Germany,09111,80165,12,AA-F02,500g Blueberry Muesli,Finished Product,F02,500g,Blueberry Muesli,504,504,ST,4.23,2131.92,619.92,EUR,1512.00000,0.71
.1~109,109,AA,01,04,01/04,/Date(1704326400000)/,1,4,33,2,02,Nrth Rhine Westfalia,West,GELSENKIRCHEN,Germany,45879,80154,12,AA-F02,500g Blueberry Muesli,Finished Product,F02,500g,Blueberry Muesli,563,563,ST,4.23,2381.49,692.49,EUR,1689.00000,0.71
.1~81,81,AA,01,03,01/03,/Date(1704240000000)/,1,3,26,3,02,Rhineland Palatinate,West,TRIER,Germany,54290,80164,12,AA-F02,500g Blueberry Muesli,Finished Product,F02,500g,Blueberry Muesli,521,521,ST,4.23,2203.83,640.83,EUR,1563.00000,0.71
.1~80,80,AA,01,03,01/03,/Date(1704240000000)/,1,3,21,4,02,Schleswig-Holstein,North,KIEL,Germany,24113,80168,12,AA-F02,500g Blueberry Muesli,Finished Product,F02,500g,Blueberry Muesli,519,519,ST,4.23,2195.37,638.37,EUR,1557.00000,0.71
.1~79,79,AA,01,03,01/03,/Date(1704240000000)/,1,3,20,3,02,Hessen,South,MARBURG,Germany,35037,80139,12,AA-F02,500g Blueberry Muesli,Finished Product,F02,500g,Blueberry Muesli,426,426,ST,4.23,1801.98,523.98,EUR,1278.00000,0.71
.1~46,46,AA,01,02,01/02,/Date(1704153600000)/,1,2,14,1,02,Bremen,North,BREMEN,Germany,28259,80133,12,AA-F02,500g Blueberry Muesli,Finished Product,F02,500g,Blueberry Muesli,458,458,ST,4.23,1937.34,563.34,EUR,1374.00000,0.71
.1~45,45,AA,01,02,01/02,/Date(1704153600000)/,1,2,17,3,02,Rhineland Palatinate,West,BAD KREUZNACH,Germany,55543,80163,12,AA-F02,500g Blueberry Muesli,Finished Product,F02,500g,Blueberry Muesli,434,434,ST,4.23,1835.82,533.82,EUR,1302.00000,0.71
.1~44,44,AA,01,02,01/02,/Date(1704153600000)/,1,2,11,1,02,Hessen,South,MAGDEBURG,Germany,39128,80138,12,AA-F02,500g Blueberry Muesli,Finished Product,F02,500g,Blueberry Muesli,554,554,ST,4.23,2343.42,681.42,EUR,1662.00000,0.71
.1~43,43,AA,01,02,01/02,/Date(1704153600000)/,1,2,10,3,02,Bavaria,South,AUGSBURG,Germany,86156,80119,12,AA-F02,500g Blueberry Muesli,Finished Product,F02,500g,Blueberry Muesli,528,528,ST,4.23,2233.44,649.44,EUR,1584.00000,0.71
.1~42,42,AA,01,02,01/02,/Date(1704153600000)/,1,2,10,1,02,Bavaria,South,AUGSBURG,Germany,86156,80119,12,AA-F02,500g Blueberry Muesli,Finished Product,F02,500g,Blueberry Muesli,467,467,ST,4.23,1975.41,574.41,EUR,1401.00000,0.71
.1~41,41,AA,01,02,01/02,/Date(1704153600000)/,1,2,13,3,02,Brandenburg,North,COTTBUS,Germany,03046,80132,12,AA-F02,500g Blueberry Muesli,Finished Product,F02,500g,Blueberry Muesli,432,432,ST,4.23,1827.36,531.36,EUR,1296.00000,0.71
.1~40,40,AA,01,02,01/02,/Date(1704153600000)/,1,2,11,3,02,Hessen,South,MAGDEBURG,Germany,39128,80138,12,AA-F02,500g Blueberry Muesli,Finished Product,F02,500g,Blueberry Muesli,450,450,ST,4.23,1903.50,553.50,EUR,1350.00000,0.71
.1~39,39,AA,01,02,01/02,/Date(1704153600000)/,1,2,11,2,02,Hessen,South,MAGDEBURG,Germany,39128,80138,12,AA-F02,500g Blueberry Muesli,Finished Product,F02,500g,Blueberry Muesli,463,463,ST,4.23,1958.49,569.49,EUR,1389.00000,0.71
.1~13,13,AA,01,01,01/01,/Date(1704067200000)/,1,1,8,4,02,Nrth Rhine Westfalia,West,WÜRSELEN,Germany,52146,80162,12,AA-F02,500g Blueberry Muesli,Finished Product,F02,500g,Blueberry Muesli,462,462,ST,4.23,1954.26,568.26,EUR,1386.00000,0.71
.1~12,12,AA,01,01,01/01,/Date(1704067200000)/,1,1,2,2,02,Nrth Rhine Westfalia,West,BAD OEYNHAUSEN,Germany,32547,80148,12,AA-F02,500g Blueberry Muesli,Finished Product,F02,500g,Blueberry Muesli,561,561,ST,4.23,2373.03,690.03,EUR,1683.00000,0.71
.1~11,11,AA,01,01,01/01,/Date(1704067200000)/,1,1,2,4,02,Nrth Rhine Westfalia,West,BAD OEYNHAUSEN,Germany,32547,80148,12,AA-F02,500g Blueberry Muesli,Finished Product,F02,500g,Blueberry Muesli,508,508,ST,4.23,2148.84,624.84,EUR,1524.00000,0.71
.1~10,10,AA,01,01,01/01,/Date(1704067200000)/,1,1,1,1,02,Hessen,South,WIESBADEN,Germany,65183,80140,12,AA-F02,500g Blueberry Muesli,Finished Product,F02,500g,Blueberry Muesli,493,493,ST,4.23,2085.39,606.39,EUR,1479.00000,0.71
.1~9,9,AA,01,01,01/01,/Date(1704067200000)/,1,1,5,1,02,Bavaria,South,AUGSBURG,Germany,86156,80119,12,AA-F02,500g Blueberry Muesli,Finished Product,F02,500g,Blueberry Muesli,442,442,ST,4.23,1869.66,543.66,EUR,1326.00000,0.71
.1~8,8,AA,01,01,01/01,/Date(1704067200000)/,1,1,4,1,02,Lower Saxony,North,WOLFSBURG,Germany,38444,80147,12,AA-F02,500g Blueberry Muesli,Finished Product,F02,500g,Blueberry Muesli,464,464,ST,4.23,1962.72,570.72,EUR,1392.00000,0.71
.1~1,1,AA,01,01,01/01,/Date(1704067200000)/,1,1,4,3,02,Lower Saxony,North,WOLFSBURG,Germany,38444,80147,12,AA-F01,500g Nut Muesli,Finished Product,F01,500g,Nut Muesli,541,541,ST,3.90,2109.90,486.90,EUR,1623.00000,0.77
.1~2156,2156,ZZ,04,20,04/20,/Date(1710892800000)/,16,80,659,1,02,Nrth Rhine Westfalia,West,DORTMUND,Germany,44339,80150,12,ZZ-F01,500g Nut Muesli,Finished Product,F01,500g,Nut Muesli,300,300,ST,6.90,2070.00,270.00,EUR,1800.00000,0.87
.1~2155,2155,ZZ,04,20,04/20,/Date(1710892800000)/,16,80,658,1,02,Baden-Wurttemberg,South,MANNHEIM,Germany,68199,80117,12,ZZ-F01,500g Nut Muesli,Finished Product,F01,500g,Nut Muesli,325,325,ST,6.90,2242.50,292.50,EUR,1950.00000,0.87
.1~2153,2153,ZZ,04,19,04/19,/Date(1710806400000)/,16,79,657,1,02,Lower Saxony,North,OLDENBURG,Germany,26121,80145,12,ZZ-F01,500g Nut Muesli,Finished Product,F01,500g,Nut Muesli,322,322,ST,6.90,2221.80,289.80,EUR,1932.00000,0.87
.1~2152,2152,ZZ,04,19,04/19,/Date(1710806400000)/,16,79,655,1,02,Baden-Wurttemberg,South,GUNDELFINGEN,Germany,79194,80114,12,ZZ-F01,500g Nut Muesli,Finished Product,F01,500g,Nut Muesli,286,286,ST,6.90,1973.40,257.40,EUR,1716.00000,0.87
.1~2151,2151,ZZ,04,19,04/19,/Date(1710806400000)/,16,79,654,1,02,Hessen,South,MAGDEBURG,Germany,39128,80138,12,ZZ-F01,500g Nut Muesli,Finished Product,F01,500g,Nut Muesli,280,280,ST,6.90,1932.00,252.00,EUR,1680.00000,0.87
.1~2117,2117,ZZ,04,16,04/16,/Date(1710547200000)/,16,76,639,1,02,Nrth Rhine Westfalia,West,ESSEN,Germany,45127,80153,12,ZZ-F01,500g Nut Muesli,Finished Product,F01,500g,Nut Muesli,316,316,ST,6.90,2180.40,284.40,EUR,1896.00000,0.87
.1~2116,2116,ZZ,04,16,04/16,/Date(1710547200000)/,16,76,638,1,02,Nrth Rhine Westfalia,West,MÜNSTER,Germany,48159,80158,12,ZZ-F01,500g Nut Muesli,Finished Product,F01,500g,Nut Muesli,329,329,ST,6.90,2270.10,296.10,EUR,1974.00000,0.87
.1~2115,2115,ZZ,04,15,04/15,/Date(1710460800000)/,15,75,628,1,02,Baden-Wurttemberg,South,KARLSRUHE,Germany,76133,80115,12,ZZ-F01,500g Nut Muesli,Finished Product,F01,500g,Nut Muesli,318,318,ST,6.90,2194.20,286.20,EUR,1908.00000,0.87
.1~2114,2114,ZZ,04,15,04/15,/Date(1710460800000)/,15,75,629,1,02,Bavaria,South,AUGSBURG,Germany,86156,80119,12,ZZ-F01,500g Nut Muesli,Finished Product,F01,500g,Nut Muesli,321,321,ST,6.90,2214.90,288.90,EUR,1926.00000,0.87
.1~2113,2113,ZZ,04,15,04/15,/Date(1710460800000)/,15,75,630,1,02,Lower Saxony,North,UELZEN,Germany,29525,80146,12,ZZ-F01,500g Nut Muesli,Finished Product,F01,500g,Nut Muesli,313,313,ST,6.90,2159.70,281.70,EUR,1878.00000,0.87
.1~2112,2112,ZZ,04,15,04/15,/Date(1710460800000)/,15,75,631,1,02,Berlin,North,WALTERSDORF,Germany,12529,80130,12,ZZ-F01,500g Nut Muesli,Finished Product,F01,500g,Nut Muesli,301,301,ST,6.90,2076.90,270.90,EUR,1806.00000,0.87
.1~2110,2110,ZZ,04,14,04/14,/Date(1710374400000)/,15,74,625,1,02,Lower Saxony,North,NIENBURG,Germany,31582,80143,12,ZZ-F01,500g Nut Muesli,Finished Product,F01,500g,Nut Muesli,335,335,ST,6.90,2311.50,301.50,EUR,2010.00000,0.87
.1~2109,2109,ZZ,04,14,04/14,/Date(1710374400000)/,15,74,626,1,02,Lower Saxony,North,OLDENBURG,Germany,26121,80145,12,ZZ-F01,500g Nut Muesli,Finished Product,F01,500g,Nut Muesli,306,306,ST,6.90,2111.40,275.40,EUR,1836.00000,0.87
.1~2108,2108,ZZ,04,14,04/14,/Date(1710374400000)/,15,74,627,2,02,Nrth Rhine Westfalia,West,GELSENKIRCHEN,Germany,45879,80154,12,ZZ-F01,500g Nut Muesli,Finished Product,F01,500g,Nut Muesli,312,312,ST,6.90,2152.80,280.80,EUR,1872.00000,0.87
.1~2107,2107,ZZ,04,13,04/13,/Date(1710288000000)/,15,73,620,2,02,Hessen,South,WIESBADEN,Germany,65183,80140,12,ZZ-F01,500g Nut Muesli,Finished Product,F01,500g,Nut Muesli,342,342,ST,6.90,2359.80,307.80,EUR,2052.00000,0.87
.1~2106,2106,ZZ,04,13,04/13,/Date(1710288000000)/,15,73,620,1,02,Hessen,South,WIESBADEN,Germany,65183,80140,12,ZZ-F01,500g Nut Muesli,Finished Product,F01,500g,Nut Muesli,317,317,ST,6.90,2187.30,285.30,EUR,1902.00000,0.87
.1~2105,2105,ZZ,04,13,04/13,/Date(1710288000000)/,15,73,621,1,02,Hamburg,North,HAMBURG,Germany,22765,80135,12,ZZ-F01,500g Nut Muesli,Finished Product,F01,500g,Nut Muesli,291,291,ST,6.90,2007.90,261.90,EUR,1746.00000,0.87
.1~2104,2104,ZZ,04,13,04/13,/Date(1710288000000)/,15,73,622,1,02,Brandenburg,North,BRANDENBURG,Germany,14772,80131,12,ZZ-F01,500g Nut Muesli,Finished Product,F01,500g,Nut Muesli,310,310,ST,6.90,2139.00,279.00,EUR,1860.00000,0.87
.1~2103,2103,ZZ,04,13,04/13,/Date(1710288000000)/,15,73,622,2,02,Brandenburg,North,BRANDENBURG,Germany,14772,80131,12,ZZ-F01,500g Nut Muesli,Finished Product,F01,500g,Nut Muesli,345,345,ST,6.90,2380.50,310.50,EUR,2070.00000,0.87
.1~2102,2102,ZZ,04,13,04/13,/Date(1710288000000)/,15,73,623,1,02,Nrth Rhine Westfalia,West,SIEGEN,Germany,57076,80160,12,ZZ-F01,500g Nut Muesli,Finished Product,F01,500g,Nut Muesli,310,310,ST,6.90,2139.00,279.00,EUR,1860.00000,0.87
.1~2101,2101,ZZ,04,13,04/13,/Date(1710288000000)/,15,73,624,1,02,Nrth Rhine Westfalia,West,BRÜHL,Germany,50321,80149,12,ZZ-F01,500g Nut Muesli,Finished Product,F01,500g,Nut Muesli,342,342,ST,6.90,2359.80,307.80,EUR,2052.00000,0.87
.1~2100,2100,ZZ,04,12,04/12,/Date(1710201600000)/,15,72,619,1,02,Bremen,North,BREMEN,Germany,28259,80133,12,ZZ-F01,500g Nut Muesli,Finished Product,F01,500g,Nut Muesli,278,278,ST,6.90,1918.20,250.20,EUR,1668.00000,0.87
.1~2099,2099,ZZ,04,11,04/11,/Date(1710115200000)/,15,71,617,1,02,Saxony-Anhalt,North,GÜNTHERSDORF,Germany,06254,80167,12,ZZ-F01,500g Nut Muesli,Finished Product,F01,500g,Nut Muesli,293,293,ST,6.90,2021.70,263.70,EUR,1758.00000,0.87
.1~2098,2098,ZZ,04,11,04/11,/Date(1710115200000)/,15,71,618,1,02,Rhineland Palatinate,West,TRIER,Germany,54290,80164,12,ZZ-F01,500g Nut Muesli,Finished Product,F01,500g,Nut Muesli,285,285,ST,6.90,1966.50,256.50,EUR,1710.00000,0.87
.1~2097,2097,ZZ,04,10,04/10,/Date(1710028800000)/,14,70,616,1,02,Nrth Rhine Westfalia,West,DÜSSELDORF,Germany,40213,80152,12,ZZ-F01,500g Nut Muesli,Finished Product,F01,500g,Nut Muesli,332,332,ST,6.90,2290.80,298.80,EUR,1992.00000,0.87
.1~2096,2096,ZZ,04,09,04/09,/Date(1709942400000)/,14,69,613,1,02,Brandenburg,North,BRANDENBURG,Germany,14772,80131,12,ZZ-F01,500g Nut Muesli,Finished Product,F01,500g,Nut Muesli,297,297,ST,6.90,2049.30,267.30,EUR,1782.00000,0.87
.1~2095,2095,ZZ,04,09,04/09,/Date(1709942400000)/,14,69,614,1,02,Saxony,North,CHEMNITZ,Germany,09111,80165,12,ZZ-F01,500g Nut Muesli,Finished Product,F01,500g,Nut Muesli,277,277,ST,6.90,1911.30,249.30,EUR,1662.00000,0.87
.1~2094,2094,ZZ,04,09,04/09,/Date(1709942400000)/,14,69,615,1,02,Nrth Rhine Westfalia,West,DORTMUND,Germany,44339,80150,12,ZZ-F01,500g Nut Muesli,Finished Product,F01,500g,Nut Muesli,272,272,ST,6.90,1876.80,244.80,EUR,1632.00000,0.87
.1~2091,2091,ZZ,04,08,04/08,/Date(1709856000000)/,14,68,611,2,02,Mecklenburg-Vorpomm.,North,ROSTOCK,Germany,18184,80141,12,ZZ-F01,500g Nut Muesli,Finished Product,F01,500g,Nut Muesli,304,304,ST,6.90,2097.60,273.60,EUR,1824.00000,0.87
.1~2090,2090,ZZ,04,08,04/08,/Date(1709856000000)/,14,68,611,1,02,Mecklenburg-Vorpomm.,North,ROSTOCK,Germany,18184,80141,12,ZZ-F01,500g Nut Muesli,Finished Product,F01,500g,Nut Muesli,287,287,ST,6.90,1980.30,258.30,EUR,1722.00000,0.87
.1~2089,2089,ZZ,04,08,04/08,/Date(1709856000000)/,14,68,612,1,02,Nrth Rhine Westfalia,West,VELBERT,Germany,42551,80161,12,ZZ-F01,500g Nut Muesli,Finished Product,F01,500g,Nut Muesli,265,265,ST,6.90,1828.50,238.50,EUR,1590.00000,0.87
.1~2082,2082,ZZ,04,07,04/07,/Date(1709769600000)/,14,67,603,2,02,Bavaria,South,MÜNCHEN,Germany,80939,80124,12,ZZ-F01,500g Nut Muesli,Finished Product,F01,500g,Nut Muesli,273,273,ST,6.90,1883.70,245.70,EUR,1638.00000,0.87
.1~2077,2077,ZZ,04,06,04/06,/Date(1709683200000)/,14,66,599,1,02,Bavaria,South,NÜRNBERG-BUCH,Germany,90427,80126,12,ZZ-F01,500g Nut Muesli,Finished Product,F01,500g,Nut Muesli,308,308,ST,6.90,2125.20,277.20,EUR,1848.00000,0.87
.1~2076,2076,ZZ,04,06,04/06,/Date(1709683200000)/,14,66,602,1,02,Nrth Rhine Westfalia,West,KREFELD,Germany,47798,80157,12,ZZ-F01,500g Nut Muesli,Finished Product,F01,500g,Nut Muesli,264,264,ST,6.90,1821.60,237.60,EUR,1584.00000,0.87
.1~2065,2065,ZZ,04,05,04/05,/Date(1709596800000)/,13,65,595,2,02,Nrth Rhine Westfalia,West,MÜNSTER,Germany,48159,80158,12,ZZ-F01,500g Nut Muesli,Finished Product,F01,500g,Nut Muesli,347,347,ST,6.90,2394.30,312.30,EUR,2082.00000,0.87
.1~2064,2064,ZZ,04,05,04/05,/Date(1709596800000)/,13,65,596,1,02,Nrth Rhine Westfalia,West,ESSEN,Germany,45127,80153,12,ZZ-F01,500g Nut Muesli,Finished Product,F01,500g,Nut Muesli,329,329,ST,6.90,2270.10,296.10,EUR,1974.00000,0.87
.1~2063,2063,ZZ,04,05,04/05,/Date(1709596800000)/,13,65,592,2,02,Baden-Wurttemberg,South,MANNHEIM,Germany,68199,80117,12,ZZ-F01,500g Nut Muesli,Finished Product,F01,500g,Nut Muesli,282,282,ST,6.90,1945.80,253.80,EUR,1692.00000,0.87
.1~2031,2031,ZZ,04,04,04/04,/Date(1709510400000)/,13,64,586,3,02,Brandenburg,North,COTTBUS,Germany,03046,80132,12,ZZ-F01,500g Nut Muesli,Finished Product,F01,500g,Nut Muesli,277,277,ST,6.90,1911.30,249.30,EUR,1662.00000,0.87
.1~1999,1999,ZZ,04,03,04/03,/Date(1709424000000)/,13,63,581,4,02,Nrth Rhine Westfalia,West,GELSENKIRCHEN,Germany,45879,80154,12,ZZ-F01,500g Nut Muesli,Finished Product,F01,500g,Nut Muesli,298,298,ST,6.90,2056.20,268.20,EUR,1788.00000,0.87
.1~1998,1998,ZZ,04,03,04/03,/Date(1709424000000)/,13,63,575,1,02,Baden-Wurttemberg,South,KARLSRUHE,Germany,76133,80115,12,ZZ-F01,500g Nut Muesli,Finished Product,F01,500g,Nut Muesli,275,275,ST,6.90,1897.50,247.50,EUR,1650.00000,0.87
.1~1973,1973,ZZ,04,02,04/02,/Date(1709337600000)/,13,62,569,3,02,Lower Saxony,North,UELZEN,Germany,29525,80146,12,ZZ-F01,500g Nut Muesli,Finished Product,F01,500g,Nut Muesli,346,346,ST,6.90,2387.40,311.40,EUR,2076.00000,0.87
.1~1972,1972,ZZ,04,02,04/02,/Date(1709337600000)/,13,62,570,1,02,Berlin,North,WALTERSDORF,Germany,12529,80130,12,ZZ-F01,500g Nut Muesli,Finished Product,F01,500g,Nut Muesli,277,277,ST,6.90,1911.30,249.30,EUR,1662.00000,0.87
.1~1971,1971,ZZ,04,02,04/02,/Date(1709337600000)/,13,62,571,2,02,Nrth Rhine Westfalia,West,BRÜHL,Germany,50321,80149,12,ZZ-F01,500g Nut Muesli,Finished Product,F01,500g,Nut Muesli,280,280,ST,6.90,1932.00,252.00,EUR,1680.00000,0.87
.1~1970,1970,ZZ,04,02,04/02,/Date(1709337600000)/,13,62,568,2,02,Lower Saxony,North,OLDENBURG,Germany,26121,80145,12,ZZ-F01,500g Nut Muesli,Finished Product,F01,500g,Nut Muesli,299,299,ST,6.90,2063.10,269.10,EUR,1794.00000,0.87
.1~1946,1946,ZZ,04,01,04/01,/Date(1709251200000)/,13,61,561,3,02,Lower Saxony,North,NIENBURG,Germany,31582,80143,12,ZZ-F01,500g Nut Muesli,Finished Product,F01,500g,Nut Muesli,294,294,ST,6.90,2028.60,264.60,EUR,1764.00000,0.87
.1~1917,1917,ZZ,03,20,03/20,/Date(1709164800000)/,12,60,549,2,02,Bavaria,South,AUGSBURG,Germany,86156,80119,12,ZZ-F01,500g Nut Muesli,Finished Product,F01,500g,Nut Muesli,298,298,ST,6.90,2056.20,268.20,EUR,1788.00000,0.87
.1~1916,1916,ZZ,03,20,03/20,/Date(1709164800000)/,12,60,552,1,02,Hamburg,North,HAMBURG,Germany,22765,80135,12,ZZ-F01,500g Nut Muesli,Finished Product,F01,500g,Nut Muesli,329,329,ST,6.90,2270.10,296.10,EUR,1974.00000,0.87
.1~1915,1915,ZZ,03,20,03/20,/Date(1709164800000)/,12,60,553,2,02,Brandenburg,North,BRANDENBURG,Germany,14772,80131,12,ZZ-F01,500g Nut Muesli,Finished Product,F01,500g,Nut Muesli,311,311,ST,6.90,2145.90,279.90,EUR,1866.00000,0.87
.1~1914,1914,ZZ,03,20,03/20,/Date(1709164800000)/,12,60,553,1,02,Brandenburg,North,BRANDENBURG,Germany,14772,80131,12,ZZ-F01,500g Nut Muesli,Finished Product,F01,500g,Nut Muesli,288,288,ST,6.90,1987.20,259.20,EUR,1728.00000,0.87
.1~1885,1885,ZZ,03,19,03/19,/Date(1709078400000)/,12,59,545,3,02,Bremen,North,BREMEN,Germany,28259,80133,12,ZZ-F01,500g Nut Muesli,Finished Product,F01,500g,Nut Muesli,326,326,ST,6.90,2249.40,293.40,EUR,1956.00000,0.87
.1~1884,1884,ZZ,03,19,03/19,/Date(1709078400000)/,12,59,548,3,02,Rhineland Palatinate,West,TRIER,Germany,54290,80164,12,ZZ-F01,500g Nut Muesli,Finished Product,F01,500g,Nut Muesli,285,285,ST,6.90,1966.50,256.50,EUR,1710.00000,0.87
.1~1858,1858,ZZ,03,18,03/18,/Date(1708992000000)/,12,58,531,1,02,Hessen,South,WIESBADEN,Germany,65183,80140,12,ZZ-F01,500g Nut Muesli,Finished Product,F01,500g,Nut Muesli,291,291,ST,6.90,2007.90,261.90,EUR,1746.00000,0.87
.1~1857,1857,ZZ,03,18,03/18,/Date(1708992000000)/,12,58,536,2,02,Saxony-Anhalt,North,GÜNTHERSDORF,Germany,06254,80167,12,ZZ-F01,500g Nut Muesli,Finished Product,F01,500g,Nut Muesli,290,290,ST,6.90,2001.00,261.00,EUR,1740.00000,0.87
.1~1828,1828,ZZ,03,17,03/17,/Date(1708905600000)/,12,57,530,4,02,Nrth Rhine Westfalia,West,DORTMUND,Germany,44339,80150,12,ZZ-F01,500g Nut Muesli,Finished Product,F01,500g,Nut Muesli,330,330,ST,6.90,2277.00,297.00,EUR,1980.00000,0.87
.1~1798,1798,ZZ,03,16,03/16,/Date(1708819200000)/,12,56,518,1,02,Saxony,North,CHEMNITZ,Germany,09111,80165,12,ZZ-F01,500g Nut Muesli,Finished Product,F01,500g,Nut Muesli,346,346,ST,6.90,2387.40,311.40,EUR,2076.00000,0.87
.1~1797,1797,ZZ,03,16,03/16,/Date(1708819200000)/,12,56,517,2,02,Brandenburg,North,BRANDENBURG,Germany,14772,80131,12,ZZ-F01,500g Nut Muesli,Finished Product,F01,500g,Nut Muesli,281,281,ST,6.90,1938.90,252.90,EUR,1686.00000,0.87
.1~1768,1768,ZZ,03,15,03/15,/Date(1708732800000)/,11,55,505,1,02,Bavaria,South,MÜNCHEN,Germany,80804,80122,12,ZZ-F01,500g Nut Muesli,Finished Product,F01,500g,Nut Muesli,330,330,ST,6.90,2277.00,297.00,EUR,1980.00000,0.87
.1~1767,1767,ZZ,03,15,03/15,/Date(1708732800000)/,11,55,510,3,02,Nrth Rhine Westfalia,West,KREFELD,Germany,47798,80157,12,ZZ-F01,500g Nut Muesli,Finished Product,F01,500g,Nut Muesli,268,268,ST,6.90,1849.20,241.20,EUR,1608.00000,0.87
.1~1766,1766,ZZ,03,15,03/15,/Date(1708732800000)/,11,55,509,3,02,Mecklenburg-Vorpomm.,North,ROSTOCK,Germany,18184,80141,12,ZZ-F01,500g Nut Muesli,Finished Product,F01,500g,Nut Muesli,305,305,ST,6.90,2104.50,274.50,EUR,1830.00000,0.87
.1~1765,1765,ZZ,03,15,03/15,/Date(1708732800000)/,11,55,509,1,02,Mecklenburg-Vorpomm.,North,ROSTOCK,Germany,18184,80141,12,ZZ-F01,500g Nut Muesli,Finished Product,F01,500g,Nut Muesli,286,286,ST,6.90,1973.40,257.40,EUR,1716.00000,0.87
.1~1738,1738,ZZ,03,14,03/14,/Date(1708646400000)/,11,54,501,1,02,Nrth Rhine Westfalia,West,ESSEN,Germany,45127,80153,12,ZZ-F01,500g Nut Muesli,Finished Product,F01,500g,Nut Muesli,297,297,ST,6.90,2049.30,267.30,EUR,1782.00000,0.87
.1~1710,1710,ZZ,03,13,03/13,/Date(1708560000000)/,11,53,493,1,02,Nrth Rhine Westfalia,West,MÜNSTER,Germany,48159,80158,12,ZZ-F01,500g Nut Muesli,Finished Product,F01,500g,Nut Muesli,336,336,ST,6.90,2318.40,302.40,EUR,2016.00000,0.87
.1~1678,1678,ZZ,03,12,03/12,/Date(1708473600000)/,11,52,485,3,02,Nrth Rhine Westfalia,West,GELSENKIRCHEN,Germany,45879,80154,12,ZZ-F01,500g Nut Muesli,Finished Product,F01,500g,Nut Muesli,344,344,ST,6.90,2373.60,309.60,EUR,2064.00000,0.87
.1~1651,1651,ZZ,03,11,03/11,/Date(1708387200000)/,11,51,472,2,02,Bavaria,South,MÜNCHEN,Germany,80939,80124,12,ZZ-F01,500g Nut Muesli,Finished Product,F01,500g,Nut Muesli,299,299,ST,6.90,2063.10,269.10,EUR,1794.00000,0.87
.1~1650,1650,ZZ,03,11,03/11,/Date(1708387200000)/,11,51,470,3,02,Bavaria,South,NÜRNBERG-BUCH,Germany,90427,80126,12,ZZ-F01,500g Nut Muesli,Finished Product,F01,500g,Nut Muesli,345,345,ST,6.90,2380.50,310.50,EUR,2070.00000,0.87
.1~1643,1643,ZZ,03,10,03/10,/Date(1708300800000)/,10,50,469,1,02,Nrth Rhine Westfalia,West,BRÜHL,Germany,50321,80149,12,ZZ-F01,500g Nut Muesli,Finished Product,F01,500g,Nut Muesli,299,299,ST,6.90,2063.10,269.10,EUR,1794.00000,0.87
.1~1642,1642,ZZ,03,10,03/10,/Date(1708300800000)/,10,50,468,1,02,Nrth Rhine Westfalia,West,SIEGEN,Germany,57076,80160,12,ZZ-F01,500g Nut Muesli,Finished Product,F01,500g,Nut Muesli,310,310,ST,6.90,2139.00,279.00,EUR,1860.00000,0.87
.1~1641,1641,ZZ,03,10,03/10,/Date(1708300800000)/,10,50,466,1,02,Berlin,North,WALTERSDORF,Germany,12529,80130,12,ZZ-F01,500g Nut Muesli,Finished Product,F01,500g,Nut Muesli,289,289,ST,6.90,1994.10,260.10,EUR,1734.00000,0.87
.1~1602,1602,ZZ,03,07,03/07,/Date(1708041600000)/,10,47,444,5,02,Hamburg,North,HAMBURG,Germany,22765,80135,12,ZZ-F01,500g Nut Muesli,Finished Product,F01,500g,Nut Muesli,272,272,ST,6.90,1876.80,244.80,EUR,1632.00000,0.87
.1~1601,1601,ZZ,03,07,03/07,/Date(1708041600000)/,10,47,443,1,02,Bremen,North,BREMEN,Germany,28259,80133,12,ZZ-F01,500g Nut Muesli,Finished Product,F01,500g,Nut Muesli,321,321,ST,6.90,2214.90,288.90,EUR,1926.00000,0.87
.1~1588,1588,ZZ,03,06,03/06,/Date(1707955200000)/,10,46,440,1,02,Nrth Rhine Westfalia,West,DORTMUND,Germany,44339,80150,12,ZZ-F01,500g Nut Muesli,Finished Product,F01,500g,Nut Muesli,287,287,ST,6.90,1980.30,258.30,EUR,1722.00000,0.87
.1~1565,1565,ZZ,03,03,03/03,/Date(1707696000000)/,9,43,420,1,02,Mecklenburg-Vorpomm.,North,ROSTOCK,Germany,18184,80141,12,ZZ-F01,500g Nut Muesli,Finished Product,F01,500g,Nut Muesli,323,323,ST,6.90,2228.70,290.70,EUR,1938.00000,0.87
.1~1564,1564,ZZ,03,03,03/03,/Date(1707696000000)/,9,43,420,2,02,Mecklenburg-Vorpomm.,North,ROSTOCK,Germany,18184,80141,12,ZZ-F01,500g Nut Muesli,Finished Product,F01,500g,Nut Muesli,320,320,ST,6.90,2208.00,288.00,EUR,1920.00000,0.87
.1~1563,1563,ZZ,03,03,03/03,/Date(1707696000000)/,9,43,421,1,02,Brandenburg,North,BRANDENBURG,Germany,14772,80131,12,ZZ-F01,500g Nut Muesli,Finished Product,F01,500g,Nut Muesli,311,311,ST,6.90,2145.90,279.90,EUR,1866.00000,0.87
.1~1562,1562,ZZ,03,03,03/03,/Date(1707696000000)/,9,43,422,1,02,Nrth Rhine Westfalia,West,KREFELD,Germany,47798,80157,12,ZZ-F01,500g Nut Muesli,Finished Product,F01,500g,Nut Muesli,271,271,ST,6.90,1869.90,243.90,EUR,1626.00000,0.87
.1~1561,1561,ZZ,03,02,03/02,/Date(1707609600000)/,9,42,419,1,02,Nrth Rhine Westfalia,West,ESSEN,Germany,45127,80153,12,ZZ-F01,500g Nut Muesli,Finished Product,F01,500g,Nut Muesli,298,298,ST,6.90,2056.20,268.20,EUR,1788.00000,0.87
.1~1560,1560,ZZ,03,02,03/02,/Date(1707609600000)/,9,42,418,1,02,Nrth Rhine Westfalia,West,MÜNSTER,Germany,48159,80158,12,ZZ-F01,500g Nut Muesli,Finished Product,F01,500g,Nut Muesli,318,318,ST,6.90,2194.20,286.20,EUR,1908.00000,0.87
.1~1559,1559,ZZ,03,02,03/02,/Date(1707609600000)/,9,42,417,1,02,Hessen,South,WIESBADEN,Germany,65183,80140,12,ZZ-F01,500g Nut Muesli,Finished Product,F01,500g,Nut Muesli,346,346,ST,6.90,2387.40,311.40,EUR,2076.00000,0.87
.1~1558,1558,ZZ,03,02,03/02,/Date(1707609600000)/,9,42,417,2,02,Hessen,South,WIESBADEN,Germany,65183,80140,12,ZZ-F01,500g Nut Muesli,Finished Product,F01,500g,Nut Muesli,345,345,ST,6.90,2380.50,310.50,EUR,2070.00000,0.87
.1~1557,1557,ZZ,02,20,02/20,/Date(1707436800000)/,8,40,416,1,02,Nrth Rhine Westfalia,West,GELSENKIRCHEN,Germany,45879,80154,12,ZZ-F01,500g Nut Muesli,Finished Product,F01,500g,Nut Muesli,326,326,ST,6.90,2249.40,293.40,EUR,1956.00000,0.87
.1~1555,1555,ZZ,02,19,02/19,/Date(1707350400000)/,8,39,414,1,02,Nrth Rhine Westfalia,West,SIEGEN,Germany,57076,80160,12,ZZ-F01,500g Nut Muesli,Finished Product,F01,500g,Nut Muesli,345,345,ST,6.90,2380.50,310.50,EUR,2070.00000,0.87
.1~1554,1554,ZZ,02,19,02/19,/Date(1707350400000)/,8,39,415,1,02,Nrth Rhine Westfalia,West,BRÜHL,Germany,50321,80149,12,ZZ-F01,500g Nut Muesli,Finished Product,F01,500g,Nut Muesli,329,329,ST,6.90,2270.10,296.10,EUR,1974.00000,0.87
.1~1553,1553,ZZ,02,18,02/18,/Date(1707264000000)/,8,38,412,1,02,Brandenburg,North,COTTBUS,Germany,03046,80132,12,ZZ-F01,500g Nut Muesli,Finished Product,F01,500g,Nut Muesli,274,274,ST,6.90,1890.60,246.60,EUR,1644.00000,0.87
.1~1552,1552,ZZ,02,17,02/17,/Date(1707177600000)/,8,37,411,1,02,Rhineland Palatinate,West,TRIER,Germany,54290,80164,12,ZZ-F01,500g Nut Muesli,Finished Product,F01,500g,Nut Muesli,332,332,ST,6.90,2290.80,298.80,EUR,1992.00000,0.87
.1~1551,1551,ZZ,02,17,02/17,/Date(1707177600000)/,8,37,410,1,02,Berlin,North,WALTERSDORF,Germany,12529,80130,12,ZZ-F01,500g Nut Muesli,Finished Product,F01,500g,Nut Muesli,297,297,ST,6.90,2049.30,267.30,EUR,1782.00000,0.87
.1~1550,1550,ZZ,02,17,02/17,/Date(1707177600000)/,8,37,409,1,02,Lower Saxony,North,UELZEN,Germany,29525,80146,12,ZZ-F01,500g Nut Muesli,Finished Product,F01,500g,Nut Muesli,326,326,ST,6.90,2249.40,293.40,EUR,1956.00000,0.87
.1~1549,1549,ZZ,02,16,02/16,/Date(1707091200000)/,8,36,408,1,02,Nrth Rhine Westfalia,West,DÜSSELDORF,Germany,40213,80152,12,ZZ-F01,500g Nut Muesli,Finished Product,F01,500g,Nut Muesli,300,300,ST,6.90,2070.00,270.00,EUR,1800.00000,0.87
.1~1548,1548,ZZ,02,16,02/16,/Date(1707091200000)/,8,36,407,1,02,Lower Saxony,North,OLDENBURG,Germany,26121,80145,12,ZZ-F01,500g Nut Muesli,Finished Product,F01,500g,Nut Muesli,303,303,ST,6.90,2090.70,272.70,EUR,1818.00000,0.87
.1~1547,1547,ZZ,02,16,02/16,/Date(1707091200000)/,8,36,406,1,02,Lower Saxony,North,NIENBURG,Germany,31582,80143,12,ZZ-F01,500g Nut Muesli,Finished Product,F01,500g,Nut Muesli,275,275,ST,6.90,1897.50,247.50,EUR,1650.00000,0.87
.1~1546,1546,ZZ,02,16,02/16,/Date(1707091200000)/,8,36,405,1,02,Bavaria,South,MÜNCHEN,Germany,80939,80124,12,ZZ-F01,500g Nut Muesli,Finished Product,F01,500g,Nut Muesli,296,296,ST,6.90,2042.40,266.40,EUR,1776.00000,0.87
.1~1545,1545,ZZ,02,15,02/15,/Date(1707004800000)/,7,35,404,1,02,Nrth Rhine Westfalia,West,DORTMUND,Germany,44339,80150,12,ZZ-F01,500g Nut Muesli,Finished Product,F01,500g,Nut Muesli,267,267,ST,6.90,1842.30,240.30,EUR,1602.00000,0.87
.1~1544,1544,ZZ,02,15,02/15,/Date(1707004800000)/,7,35,403,2,02,Brandenburg,North,BRANDENBURG,Germany,14772,80131,12,ZZ-F01,500g Nut Muesli,Finished Product,F01,500g,Nut Muesli,284,284,ST,6.90,1959.60,255.60,EUR,1704.00000,0.87
.1~1543,1543,ZZ,02,15,02/15,/Date(1707004800000)/,7,35,403,1,02,Brandenburg,North,BRANDENBURG,Germany,14772,80131,12,ZZ-F01,500g Nut Muesli,Finished Product,F01,500g,Nut Muesli,301,301,ST,6.90,2076.90,270.90,EUR,1806.00000,0.87
.1~1542,1542,ZZ,02,15,02/15,/Date(1707004800000)/,7,35,402,1,02,Hamburg,North,HAMBURG,Germany,22765,80135,12,ZZ-F01,500g Nut Muesli,Finished Product,F01,500g,Nut Muesli,266,266,ST,6.90,1835.40,239.40,EUR,1596.00000,0.87
.1~1541,1541,ZZ,02,15,02/15,/Date(1707004800000)/,7,35,401,1,02,Bavaria,South,NÜRNBERG-BUCH,Germany,90427,80126,12,ZZ-F01,500g Nut Muesli,Finished Product,F01,500g,Nut Muesli,295,295,ST,6.90,2035.50,265.50,EUR,1770.00000,0.87
.1~1540,1540,ZZ,02,14,02/14,/Date(1706918400000)/,7,34,400,1,02,Bremen,North,BREMEN,Germany,28259,80133,12,ZZ-F01,500g Nut Muesli,Finished Product,F01,500g,Nut Muesli,309,309,ST,6.90,2132.10,278.10,EUR,1854.00000,0.87
.1~1539,1539,ZZ,02,14,02/14,/Date(1706918400000)/,7,34,399,3,02,Baden-Wurttemberg,South,MANNHEIM,Germany,68199,80117,12,ZZ-F01,500g Nut Muesli,Finished Product,F01,500g,Nut Muesli,331,331,ST,6.90,2283.90,297.90,EUR,1986.00000,0.87
.1~1538,1538,ZZ,02,14,02/14,/Date(1706918400000)/,7,34,399,1,02,Baden-Wurttemberg,South,MANNHEIM,Germany,68199,80117,12,ZZ-F01,500g Nut Muesli,Finished Product,F01,500g,Nut Muesli,281,281,ST,6.90,1938.90,252.90,EUR,1686.00000,0.87
.1~1537,1537,ZZ,02,13,02/13,/Date(1706832000000)/,7,33,396,1,02,Hessen,South,MAGDEBURG,Germany,39128,80138,12,ZZ-F01,500g Nut Muesli,Finished Product,F01,500g,Nut Muesli,316,316,ST,6.90,2180.40,284.40,EUR,1896.00000,0.87
.1~1536,1536,ZZ,02,13,02/13,/Date(1706832000000)/,7,33,397,1,02,Baden-Wurttemberg,South,GUNDELFINGEN,Germany,79194,80114,12,ZZ-F01,500g Nut Muesli,Finished Product,F01,500g,Nut Muesli,321,321,ST,6.90,2214.90,288.90,EUR,1926.00000,0.87
.1~1535,1535,ZZ,02,13,02/13,/Date(1706832000000)/,7,33,398,1,02,Saxony-Anhalt,North,GÜNTHERSDORF,Germany,06254,80167,12,ZZ-F01,500g Nut Muesli,Finished Product,F01,500g,Nut Muesli,286,286,ST,6.90,1973.40,257.40,EUR,1716.00000,0.87
.1~1534,1534,ZZ,02,12,02/12,/Date(1706745600000)/,7,32,395,1,02,Nrth Rhine Westfalia,West,KREFELD,Germany,47798,80157,12,ZZ-F01,500g Nut Muesli,Finished Product,F01,500g,Nut Muesli,320,320,ST,6.90,2208.00,288.00,EUR,1920.00000,0.87
.1~1533,1533,ZZ,02,12,02/12,/Date(1706745600000)/,7,32,394,1,02,Baden-Wurttemberg,South,KARLSRUHE,Germany,76133,80115,12,ZZ-F01,500g Nut Muesli,Finished Product,F01,500g,Nut Muesli,341,341,ST,6.90,2352.90,306.90,EUR,2046.00000,0.87
.1~1532,1532,ZZ,02,11,02/11,/Date(1706659200000)/,7,31,393,1,02,Nrth Rhine Westfalia,West,ESSEN,Germany,45127,80153,12,ZZ-F01,500g Nut Muesli,Finished Product,F01,500g,Nut Muesli,333,333,ST,6.90,2297.70,299.70,EUR,1998.00000,0.87
.1~1531,1531,ZZ,02,11,02/11,/Date(1706659200000)/,7,31,392,1,02,Nrth Rhine Westfalia,West,MÜNSTER,Germany,48159,80158,12,ZZ-F01,500g Nut Muesli,Finished Product,F01,500g,Nut Muesli,341,341,ST,6.90,2352.90,306.90,EUR,2046.00000,0.87
.1~1530,1530,ZZ,02,11,02/11,/Date(1706659200000)/,7,31,391,1,02,Saxony,North,CHEMNITZ,Germany,09111,80165,12,ZZ-F01,500g Nut Muesli,Finished Product,F01,500g,Nut Muesli,335,335,ST,6.90,2311.50,301.50,EUR,2010.00000,0.87
.1~1529,1529,ZZ,02,11,02/11,/Date(1706659200000)/,7,31,390,1,02,Brandenburg,North,BRANDENBURG,Germany,14772,80131,12,ZZ-F01,500g Nut Muesli,Finished Product,F01,500g,Nut Muesli,279,279,ST,6.90,1925.10,251.10,EUR,1674.00000,0.87
.1~1528,1528,ZZ,02,10,02/10,/Date(1706572800000)/,6,30,388,1,02,Mecklenburg-Vorpomm.,North,ROSTOCK,Germany,18184,80141,12,ZZ-F01,500g Nut Muesli,Finished Product,F01,500g,Nut Muesli,295,295,ST,6.90,2035.50,265.50,EUR,1770.00000,0.87
.1~1527,1527,ZZ,02,10,02/10,/Date(1706572800000)/,6,30,388,2,02,Mecklenburg-Vorpomm.,North,ROSTOCK,Germany,18184,80141,12,ZZ-F01,500g Nut Muesli,Finished Product,F01,500g,Nut Muesli,305,305,ST,6.90,2104.50,274.50,EUR,1830.00000,0.87
.1~1526,1526,ZZ,02,10,02/10,/Date(1706572800000)/,6,30,389,1,02,Rhineland Palatinate,West,BAD KREUZNACH,Germany,55543,80163,12,ZZ-F01,500g Nut Muesli,Finished Product,F01,500g,Nut Muesli,316,316,ST,6.90,2180.40,284.40,EUR,1896.00000,0.87
.1~1524,1524,ZZ,02,09,02/09,/Date(1706486400000)/,6,29,387,2,02,Nrth Rhine Westfalia,West,GELSENKIRCHEN,Germany,45879,80154,12,ZZ-F01,500g Nut Muesli,Finished Product,F01,500g,Nut Muesli,335,335,ST,6.90,2311.50,301.50,EUR,2010.00000,0.87
.1~1523,1523,ZZ,02,09,02/09,/Date(1706486400000)/,6,29,386,1,02,Bavaria,South,AUGSBURG,Germany,86156,80119,12,ZZ-F01,500g Nut Muesli,Finished Product,F01,500g,Nut Muesli,331,331,ST,6.90,2283.90,297.90,EUR,1986.00000,0.87
.1~1521,1521,ZZ,02,08,02/08,/Date(1706400000000)/,6,28,385,1,02,Nrth Rhine Westfalia,West,BRÜHL,Germany,50321,80149,12,ZZ-F01,500g Nut Muesli,Finished Product,F01,500g,Nut Muesli,277,277,ST,6.90,1911.30,249.30,EUR,1662.00000,0.87
.1~1520,1520,ZZ,02,07,02/07,/Date(1706313600000)/,6,27,383,1,02,Hessen,South,WIESBADEN,Germany,65183,80140,12,ZZ-F01,500g Nut Muesli,Finished Product,F01,500g,Nut Muesli,340,340,ST,6.90,2346.00,306.00,EUR,2040.00000,0.87
.1~1519,1519,ZZ,02,07,02/07,/Date(1706313600000)/,6,27,383,2,02,Hessen,South,WIESBADEN,Germany,65183,80140,12,ZZ-F01,500g Nut Muesli,Finished Product,F01,500g,Nut Muesli,290,290,ST,6.90,2001.00,261.00,EUR,1740.00000,0.87
.1~1518,1518,ZZ,02,06,02/06,/Date(1706227200000)/,6,26,382,1,02,Brandenburg,North,COTTBUS,Germany,03046,80132,12,ZZ-F01,500g Nut Muesli,Finished Product,F01,500g,Nut Muesli,304,304,ST,6.90,2097.60,273.60,EUR,1824.00000,0.87
.1~1517,1517,ZZ,02,06,02/06,/Date(1706227200000)/,6,26,381,1,02,Bavaria,South,WÜRZBURG,Germany,97070,80128,12,ZZ-F01,500g Nut Muesli,Finished Product,F01,500g,Nut Muesli,279,279,ST,6.90,1925.10,251.10,EUR,1674.00000,0.87
.1~1516,1516,ZZ,02,05,02/05,/Date(1706140800000)/,5,25,380,1,02,Rhineland Palatinate,West,TRIER,Germany,54290,80164,12,ZZ-F01,500g Nut Muesli,Finished Product,F01,500g,Nut Muesli,307,307,ST,6.90,2118.30,276.30,EUR,1842.00000,0.87
.1~1515,1515,ZZ,02,04,02/04,/Date(1706054400000)/,5,24,379,1,02,Nrth Rhine Westfalia,West,DÜSSELDORF,Germany,40213,80152,12,ZZ-F01,500g Nut Muesli,Finished Product,F01,500g,Nut Muesli,283,283,ST,6.90,1952.70,254.70,EUR,1698.00000,0.87
.1~1514,1514,ZZ,02,04,02/04,/Date(1706054400000)/,5,24,378,1,02,Berlin,North,WALTERSDORF,Germany,12529,80130,12,ZZ-F01,500g Nut Muesli,Finished Product,F01,500g,Nut Muesli,345,345,ST,6.90,2380.50,310.50,EUR,2070.00000,0.87
.1~1513,1513,ZZ,02,04,02/04,/Date(1706054400000)/,5,24,377,1,02,Lower Saxony,North,UELZEN,Germany,29525,80146,12,ZZ-F01,500g Nut Muesli,Finished Product,F01,500g,Nut Muesli,310,310,ST,6.90,2139.00,279.00,EUR,1860.00000,0.87
.1~1512,1512,ZZ,02,04,02/04,/Date(1706054400000)/,5,24,376,1,02,Lower Saxony,North,OLDENBURG,Germany,26121,80145,12,ZZ-F01,500g Nut Muesli,Finished Product,F01,500g,Nut Muesli,277,277,ST,6.90,1911.30,249.30,EUR,1662.00000,0.87
.1~1511,1511,ZZ,02,03,02/03,/Date(1705968000000)/,5,23,375,1,02,Nrth Rhine Westfalia,West,DORTMUND,Germany,44339,80150,12,ZZ-F01,500g Nut Muesli,Finished Product,F01,500g,Nut Muesli,327,327,ST,6.90,2256.30,294.30,EUR,1962.00000,0.87
.1~1510,1510,ZZ,02,03,02/03,/Date(1705968000000)/,5,23,374,1,02,Lower Saxony,North,NIENBURG,Germany,31582,80143,12,ZZ-F01,500g Nut Muesli,Finished Product,F01,500g,Nut Muesli,276,276,ST,6.90,1904.40,248.40,EUR,1656.00000,0.87
.1~1508,1508,ZZ,02,02,02/02,/Date(1705881600000)/,5,22,373,2,02,Brandenburg,North,BRANDENBURG,Germany,14772,80131,12,ZZ-F01,500g Nut Muesli,Finished Product,F01,500g,Nut Muesli,278,278,ST,6.90,1918.20,250.20,EUR,1668.00000,0.87
.1~1507,1507,ZZ,02,02,02/02,/Date(1705881600000)/,5,22,373,1,02,Brandenburg,North,BRANDENBURG,Germany,14772,80131,12,ZZ-F01,500g Nut Muesli,Finished Product,F01,500g,Nut Muesli,283,283,ST,6.90,1952.70,254.70,EUR,1698.00000,0.87
.1~1506,1506,ZZ,02,02,02/02,/Date(1705881600000)/,5,22,372,1,02,Hamburg,North,HAMBURG,Germany,22765,80135,12,ZZ-F01,500g Nut Muesli,Finished Product,F01,500g,Nut Muesli,312,312,ST,6.90,2152.80,280.80,EUR,1872.00000,0.87
.1~1503,1503,ZZ,02,01,02/01,/Date(1705795200000)/,5,21,367,2,02,Bavaria,South,MÜNCHEN,Germany,80939,80124,12,ZZ-F01,500g Nut Muesli,Finished Product,F01,500g,Nut Muesli,316,316,ST,6.90,2180.40,284.40,EUR,1896.00000,0.87
.1~1502,1502,ZZ,02,01,02/01,/Date(1705795200000)/,5,21,369,1,02,Nrth Rhine Westfalia,West,KREFELD,Germany,47798,80157,12,ZZ-F01,500g Nut Muesli,Finished Product,F01,500g,Nut Muesli,329,329,ST,6.90,2270.10,296.10,EUR,1974.00000,0.87
.1~1501,1501,ZZ,02,01,02/01,/Date(1705795200000)/,5,21,370,1,02,Bremen,North,BREMEN,Germany,28259,80133,12,ZZ-F01,500g Nut Muesli,Finished Product,F01,500g,Nut Muesli,302,302,ST,6.90,2083.80,271.80,EUR,1812.00000,0.87
.1~1494,1494,ZZ,01,20,01/20,/Date(1705708800000)/,4,20,366,1,02,Rhineland Palatinate,West,TRIER,Germany,54290,80164,12,ZZ-F01,500g Nut Muesli,Finished Product,F01,500g,Nut Muesli,556,556,ST,3.90,2168.40,500.40,EUR,1668.00000,0.77
.1~1493,1493,ZZ,01,20,01/20,/Date(1705708800000)/,4,20,365,2,02,Nrth Rhine Westfalia,West,DÜSSELDORF,Germany,40212,80151,12,ZZ-F01,500g Nut Muesli,Finished Product,F01,500g,Nut Muesli,490,490,ST,3.90,1911.00,441.00,EUR,1470.00000,0.77
.1~1492,1492,ZZ,01,20,01/20,/Date(1705708800000)/,4,20,359,2,02,Bavaria,South,AUGSBURG,Germany,86156,80119,12,ZZ-F01,500g Nut Muesli,Finished Product,F01,500g,Nut Muesli,591,591,ST,3.90,2304.90,531.90,EUR,1773.00000,0.77
.1~1491,1491,ZZ,01,20,01/20,/Date(1705708800000)/,4,20,364,1,02,Saxony-Anhalt,North,GÜNTHERSDORF,Germany,06254,80167,12,ZZ-F01,500g Nut Muesli,Finished Product,F01,500g,Nut Muesli,484,484,ST,3.90,1887.60,435.60,EUR,1452.00000,0.77
.1~1490,1490,ZZ,01,20,01/20,/Date(1705708800000)/,4,20,363,1,02,Nrth Rhine Westfalia,West,ESSEN,Germany,45127,80153,12,ZZ-F01,500g Nut Muesli,Finished Product,F01,500g,Nut Muesli,590,590,ST,3.90,2301.00,531.00,EUR,1770.00000,0.77
.1~1489,1489,ZZ,01,20,01/20,/Date(1705708800000)/,4,20,360,1,02,Bavaria,South,NÜRNBERG-BUCH,Germany,90427,80126,12,ZZ-F01,500g Nut Muesli,Finished Product,F01,500g,Nut Muesli,554,554,ST,3.90,2160.60,498.60,EUR,1662.00000,0.77
.1~1488,1488,ZZ,01,20,01/20,/Date(1705708800000)/,4,20,363,3,02,Nrth Rhine Westfalia,West,ESSEN,Germany,45127,80153,12,ZZ-F01,500g Nut Muesli,Finished Product,F01,500g,Nut Muesli,478,478,ST,3.90,1864.20,430.20,EUR,1434.00000,0.77
.1~1487,1487,ZZ,01,20,01/20,/Date(1705708800000)/,4,20,362,1,02,Saxony,North,ZWICKAU,Germany,08058,80166,12,ZZ-F01,500g Nut Muesli,Finished Product,F01,500g,Nut Muesli,480,480,ST,3.90,1872.00,432.00,EUR,1440.00000,0.77
.1~1486,1486,ZZ,01,20,01/20,/Date(1705708800000)/,4,20,361,1,02,Baden-Wurttemberg,South,ALBSTADT,Germany,72458,80170,12,ZZ-F01,500g Nut Muesli,Finished Product,F01,500g,Nut Muesli,587,587,ST,3.90,2289.30,528.30,EUR,1761.00000,0.77
.1~1455,1455,ZZ,01,19,01/19,/Date(1705622400000)/,4,19,352,2,02,Baden-Wurttemberg,South,MANNHEIM,Germany,68199,80117,12,ZZ-F01,500g Nut Muesli,Finished Product,F01,500g,Nut Muesli,598,598,ST,3.90,2332.20,538.20,EUR,1794.00000,0.77
.1~1454,1454,ZZ,01,19,01/19,/Date(1705622400000)/,4,19,356,0,02,Nrth Rhine Westfalia,West,MÜNSTER,Germany,48159,80158,12,ZZ-F01,500g Nut Muesli,Finished Product,F01,500g,Nut Muesli,603,603,ST,3.90,2351.70,542.70,EUR,1809.00000,0.77
.1~1453,1453,ZZ,01,19,01/19,/Date(1705622400000)/,4,19,352,9,02,Baden-Wurttemberg,South,MANNHEIM,Germany,68199,80117,12,ZZ-F01,500g Nut Muesli,Finished Product,F01,500g,Nut Muesli,550,550,ST,3.90,2145.00,495.00,EUR,1650.00000,0.77
.1~1452,1452,ZZ,01,19,01/19,/Date(1705622400000)/,4,19,355,1,02,Brandenburg,North,COTTBUS,Germany,03046,80132,12,ZZ-F01,500g Nut Muesli,Finished Product,F01,500g,Nut Muesli,481,481,ST,3.90,1875.90,432.90,EUR,1443.00000,0.77
.1~1418,1418,ZZ,01,18,01/18,/Date(1705536000000)/,4,18,347,3,02,Brandenburg,North,BRANDENBURG,Germany,14772,80131,12,ZZ-F01,500g Nut Muesli,Finished Product,F01,500g,Nut Muesli,488,488,ST,3.90,1903.20,439.20,EUR,1464.00000,0.77
.1~1417,1417,ZZ,01,18,01/18,/Date(1705536000000)/,4,18,348,4,02,Nrth Rhine Westfalia,West,GELSENKIRCHEN,Germany,45879,80154,12,ZZ-F01,500g Nut Muesli,Finished Product,F01,500g,Nut Muesli,613,613,ST,3.90,2390.70,551.70,EUR,1839.00000,0.77
.1~1416,1416,ZZ,01,18,01/18,/Date(1705536000000)/,4,18,349,1,02,Saxony,North,CHEMNITZ,Germany,09111,80165,12,ZZ-F01,500g Nut Muesli,Finished Product,F01,500g,Nut Muesli,566,566,ST,3.90,2207.40,509.40,EUR,1698.00000,0.77
.1~1383,1383,ZZ,01,17,01/17,/Date(1705449600000)/,4,17,340,3,02,Mecklenburg-Vorpomm.,North,ROSTOCK,Germany,18184,80141,12,ZZ-F01,500g Nut Muesli,Finished Product,F01,500g,Nut Muesli,535,535,ST,3.90,2086.50,481.50,EUR,1605.00000,0.77
.1~1382,1382,ZZ,01,17,01/17,/Date(1705449600000)/,4,17,340,1,02,Mecklenburg-Vorpomm.,North,ROSTOCK,Germany,18184,80141,12,ZZ-F01,500g Nut Muesli,Finished Product,F01,500g,Nut Muesli,494,494,ST,3.90,1926.60,444.60,EUR,1482.00000,0.77
.1~1381,1381,ZZ,01,17,01/17,/Date(1705449600000)/,4,17,336,1,02,Hessen,South,MAGDEBURG,Germany,39128,80138,12,ZZ-F01,500g Nut Muesli,Finished Product,F01,500g,Nut Muesli,597,597,ST,3.90,2328.30,537.30,EUR,1791.00000,0.77
.1~1380,1380,ZZ,01,17,01/17,/Date(1705449600000)/,4,17,335,1,02,Baden-Wurttemberg,South,KARLSRUHE,Germany,76133,80115,12,ZZ-F01,500g Nut Muesli,Finished Product,F01,500g,Nut Muesli,486,486,ST,3.90,1895.40,437.40,EUR,1458.00000,0.77
.1~1345,1345,ZZ,01,16,01/16,/Date(1705363200000)/,4,16,332,1,02,Nrth Rhine Westfalia,West,SIEGEN,Germany,57076,80160,12,ZZ-F01,500g Nut Muesli,Finished Product,F01,500g,Nut Muesli,482,482,ST,3.90,1879.80,433.80,EUR,1446.00000,0.77
.1~1344,1344,ZZ,01,16,01/16,/Date(1705363200000)/,4,16,333,2,02,Nrth Rhine Westfalia,West,BRÜHL,Germany,50321,80149,12,ZZ-F01,500g Nut Muesli,Finished Product,F01,500g,Nut Muesli,513,513,ST,3.90,2000.70,461.70,EUR,1539.00000,0.77
.1~1272,1272,ZZ,01,14,01/14,/Date(1705190400000)/,3,14,315,4,02,Rhineland Palatinate,West,TRIER,Germany,54290,80164,12,ZZ-F01,500g Nut Muesli,Finished Product,F01,500g,Nut Muesli,530,530,ST,3.90,2067.00,477.00,EUR,1590.00000,0.77
.1~1237,1237,ZZ,01,13,01/13,/Date(1705104000000)/,3,13,304,3,02,Nrth Rhine Westfalia,West,HERFORD,Germany,32052,80155,12,ZZ-F01,500g Nut Muesli,Finished Product,F01,500g,Nut Muesli,477,477,ST,3.90,1860.30,429.30,EUR,1431.00000,0.77
.1~1236,1236,ZZ,01,13,01/13,/Date(1705104000000)/,3,13,306,3,02,Nrth Rhine Westfalia,West,DÜSSELDORF,Germany,40213,80152,12,ZZ-F01,500g Nut Muesli,Finished Product,F01,500g,Nut Muesli,529,529,ST,3.90,2063.10,476.10,EUR,1587.00000,0.77
.1~1204,1204,ZZ,01,12,01/12,/Date(1705017600000)/,3,12,297,4,02,Nrth Rhine Westfalia,West,DORTMUND,Germany,44339,80150,12,ZZ-F01,500g Nut Muesli,Finished Product,F01,500g,Nut Muesli,587,587,ST,3.90,2289.30,528.30,EUR,1761.00000,0.77
.1~1203,1203,ZZ,01,12,01/12,/Date(1705017600000)/,3,12,290,1,02,Hessen,South,WIESBADEN,Germany,65183,80140,12,ZZ-F01,500g Nut Muesli,Finished Product,F01,500g,Nut Muesli,480,480,ST,3.90,1872.00,432.00,EUR,1440.00000,0.77
.1~1202,1202,ZZ,01,12,01/12,/Date(1705017600000)/,3,12,290,3,02,Hessen,South,WIESBADEN,Germany,65183,80140,12,ZZ-F01,500g Nut Muesli,Finished Product,F01,500g,Nut Muesli,570,570,ST,3.90,2223.00,513.00,EUR,1710.00000,0.77
.1~1201,1201,ZZ,01,12,01/12,/Date(1705017600000)/,3,12,291,1,02,Baden-Wurttemberg,South,KORNTAL,Germany,70825,80116,12,ZZ-F01,500g Nut Muesli,Finished Product,F01,500g,Nut Muesli,614,614,ST,3.90,2394.60,552.60,EUR,1842.00000,0.77
.1~1200,1200,ZZ,01,12,01/12,/Date(1705017600000)/,3,12,293,1,02,Berlin,North,WALTERSDORF,Germany,12529,80130,12,ZZ-F01,500g Nut Muesli,Finished Product,F01,500g,Nut Muesli,497,497,ST,3.90,1938.30,447.30,EUR,1491.00000,0.77
.1~1166,1166,ZZ,01,11,01/11,/Date(1704931200000)/,3,11,282,4,02,Bavaria,South,WÜRZBURG,Germany,97070,80128,12,ZZ-F01,500g Nut Muesli,Finished Product,F01,500g,Nut Muesli,567,567,ST,3.90,2211.30,510.30,EUR,1701.00000,0.77
.1~1165,1165,ZZ,01,11,01/11,/Date(1704931200000)/,3,11,286,2,02,Lower Saxony,North,OLDENBURG,Germany,26121,80145,12,ZZ-F01,500g Nut Muesli,Finished Product,F01,500g,Nut Muesli,519,519,ST,3.90,2024.10,467.10,EUR,1557.00000,0.77
.1~1164,1164,ZZ,01,11,01/11,/Date(1704931200000)/,3,11,287,4,02,Lower Saxony,North,UELZEN,Germany,29525,80146,12,ZZ-F01,500g Nut Muesli,Finished Product,F01,500g,Nut Muesli,524,524,ST,3.90,2043.60,471.60,EUR,1572.00000,0.77
.1~1129,1129,ZZ,01,10,01/10,/Date(1704844800000)/,2,10,280,4,02,Lower Saxony,North,NIENBURG,Germany,31582,80143,12,ZZ-F01,500g Nut Muesli,Finished Product,F01,500g,Nut Muesli,520,520,ST,3.90,2028.00,468.00,EUR,1560.00000,0.77
.1~1128,1128,ZZ,01,10,01/10,/Date(1704844800000)/,2,10,278,2,02,Brandenburg,North,BRANDENBURG,Germany,14772,80131,12,ZZ-F01,500g Nut Muesli,Finished Product,F01,500g,Nut Muesli,587,587,ST,3.90,2289.30,528.30,EUR,1761.00000,0.77
.1~1095,1095,ZZ,01,09,01/09,/Date(1704758400000)/,2,9,271,3,02,Bremen,North,BREMEN,Germany,28259,80133,12,ZZ-F01,500g Nut Muesli,Finished Product,F01,500g,Nut Muesli,472,472,ST,3.90,1840.80,424.80,EUR,1416.00000,0.77
.1~1094,1094,ZZ,01,09,01/09,/Date(1704758400000)/,2,9,266,1,02,Bavaria,South,MÜNCHEN,Germany,80804,80122,12,ZZ-F01,500g Nut Muesli,Finished Product,F01,500g,Nut Muesli,550,550,ST,3.90,2145.00,495.00,EUR,1650.00000,0.77
.1~1093,1093,ZZ,01,09,01/09,/Date(1704758400000)/,2,9,270,3,02,Nrth Rhine Westfalia,West,KREFELD,Germany,47798,80157,12,ZZ-F01,500g Nut Muesli,Finished Product,F01,500g,Nut Muesli,489,489,ST,3.90,1907.10,440.10,EUR,1467.00000,0.77
.1~1092,1092,ZZ,01,09,01/09,/Date(1704758400000)/,2,9,272,1,02,Hamburg,North,HAMBURG,Germany,22765,80135,12,ZZ-F01,500g Nut Muesli,Finished Product,F01,500g,Nut Muesli,543,543,ST,3.90,2117.70,488.70,EUR,1629.00000,0.77
.1~1026,1026,ZZ,01,08,01/08,/Date(1704672000000)/,2,8,191,3,02,Nrth Rhine Westfalia,West,MÜNSTER,Germany,48159,80158,12,ZZ-F01,500g Nut Muesli,Finished Product,F01,500g,Nut Muesli,584,584,ST,3.90,2277.60,525.60,EUR,1752.00000,0.77
.1~1025,1025,ZZ,01,08,01/08,/Date(1704672000000)/,2,8,262,2,02,Saxony-Anhalt,North,GÜNTHERSDORF,Germany,06254,80167,12,ZZ-F01,500g Nut Muesli,Finished Product,F01,500g,Nut Muesli,555,555,ST,3.90,2164.50,499.50,EUR,1665.00000,0.77
.1~1024,1024,ZZ,01,08,01/08,/Date(1704672000000)/,2,8,261,1,02,Nrth Rhine Westfalia,West,ESSEN,Germany,45127,80153,12,ZZ-F01,500g Nut Muesli,Finished Product,F01,500g,Nut Muesli,496,496,ST,3.90,1934.40,446.40,EUR,1488.00000,0.77
.1~1023,1023,ZZ,01,08,01/08,/Date(1704672000000)/,2,8,260,3,02,Nrth Rhine Westfalia,West,MÜNSTER,Germany,48159,80158,12,ZZ-F01,500g Nut Muesli,Finished Product,F01,500g,Nut Muesli,490,490,ST,3.90,1911.00,441.00,EUR,1470.00000,0.77
.1~1022,1022,ZZ,01,08,01/08,/Date(1704672000000)/,2,8,192,1,02,Nrth Rhine Westfalia,West,ESSEN,Germany,45127,80153,12,ZZ-F01,500g Nut Muesli,Finished Product,F01,500g,Nut Muesli,553,553,ST,3.90,2156.70,497.70,EUR,1659.00000,0.77
.1~1021,1021,ZZ,01,08,01/08,/Date(1704672000000)/,2,8,193,2,02,Saxony-Anhalt,North,GÜNTHERSDORF,Germany,06254,80167,12,ZZ-F01,500g Nut Muesli,Finished Product,F01,500g,Nut Muesli,463,463,ST,3.90,1805.70,416.70,EUR,1389.00000,0.77
.1~1020,1020,ZZ,01,08,01/08,/Date(1704672000000)/,2,8,190,1,02,Rhineland Palatinate,West,BAD KREUZNACH,Germany,55543,80163,12,ZZ-F01,500g Nut Muesli,Finished Product,F01,500g,Nut Muesli,518,518,ST,3.90,2020.20,466.20,EUR,1554.00000,0.77
.1~878,878,ZZ,01,06,01/06,/Date(1704499200000)/,2,6,245,1,02,Saxony,North,CHEMNITZ,Germany,09111,80165,12,ZZ-F01,500g Nut Muesli,Finished Product,F01,500g,Nut Muesli,607,607,ST,3.90,2367.30,546.30,EUR,1821.00000,0.77
.1~877,877,ZZ,01,06,01/06,/Date(1704499200000)/,2,6,244,4,02,Nrth Rhine Westfalia,West,GELSENKIRCHEN,Germany,45879,80154,12,ZZ-F01,500g Nut Muesli,Finished Product,F01,500g,Nut Muesli,529,529,ST,3.90,2063.10,476.10,EUR,1587.00000,0.77
.1~876,876,ZZ,01,06,01/06,/Date(1704499200000)/,2,6,176,1,02,Saxony,North,CHEMNITZ,Germany,09111,80165,12,ZZ-F01,500g Nut Muesli,Finished Product,F01,500g,Nut Muesli,509,509,ST,3.90,1985.10,458.10,EUR,1527.00000,0.77
.1~817,817,ZZ,01,05,01/05,/Date(1704412800000)/,1,5,234,2,02,Nrth Rhine Westfalia,West,BRÜHL,Germany,50321,80149,12,ZZ-F01,500g Nut Muesli,Finished Product,F01,500g,Nut Muesli,563,563,ST,3.90,2195.70,506.70,EUR,1689.00000,0.77
.1~816,816,ZZ,01,05,01/05,/Date(1704412800000)/,1,5,233,1,02,Nrth Rhine Westfalia,West,SIEGEN,Germany,57076,80160,12,ZZ-F01,500g Nut Muesli,Finished Product,F01,500g,Nut Muesli,510,510,ST,3.90,1989.00,459.00,EUR,1530.00000,0.77
.1~815,815,ZZ,01,05,01/05,/Date(1704412800000)/,1,5,232,2,02,Bavaria,South,MÜNCHEN,Germany,80939,80124,12,ZZ-F01,500g Nut Muesli,Finished Product,F01,500g,Nut Muesli,589,589,ST,3.90,2297.10,530.10,EUR,1767.00000,0.77
.1~814,814,ZZ,01,05,01/05,/Date(1704412800000)/,1,5,163,2,02,Bavaria,South,MÜNCHEN,Germany,80939,80124,12,ZZ-F01,500g Nut Muesli,Finished Product,F01,500g,Nut Muesli,549,549,ST,3.90,2141.10,494.10,EUR,1647.00000,0.77
.1~813,813,ZZ,01,05,01/05,/Date(1704412800000)/,1,5,167,1,02,Mecklenburg-Vorpomm.,North,ROSTOCK,Germany,18184,80141,12,ZZ-F01,500g Nut Muesli,Finished Product,F01,500g,Nut Muesli,573,573,ST,3.90,2234.70,515.70,EUR,1719.00000,0.77
.1~812,812,ZZ,01,05,01/05,/Date(1704412800000)/,1,5,167,3,02,Mecklenburg-Vorpomm.,North,ROSTOCK,Germany,18184,80141,12,ZZ-F01,500g Nut Muesli,Finished Product,F01,500g,Nut Muesli,580,580,ST,3.90,2262.00,522.00,EUR,1740.00000,0.77
.1~811,811,ZZ,01,05,01/05,/Date(1704412800000)/,1,5,230,3,02,Bavaria,South,NÜRNBERG-BUCH,Germany,90427,80126,12,ZZ-F01,500g Nut Muesli,Finished Product,F01,500g,Nut Muesli,501,501,ST,3.90,1953.90,450.90,EUR,1503.00000,0.77
.1~810,810,ZZ,01,05,01/05,/Date(1704412800000)/,1,5,238,3,02,Brandenburg,North,BRANDENBURG,Germany,14772,80131,12,ZZ-F01,500g Nut Muesli,Finished Product,F01,500g,Nut Muesli,525,525,ST,3.90,2047.50,472.50,EUR,1575.00000,0.77
.1~809,809,ZZ,01,05,01/05,/Date(1704412800000)/,1,5,161,3,02,Bavaria,South,NÜRNBERG-BUCH,Germany,90427,80126,12,ZZ-F01,500g Nut Muesli,Finished Product,F01,500g,Nut Muesli,610,610,ST,3.90,2379.00,549.00,EUR,1830.00000,0.77
.1~808,808,ZZ,01,05,01/05,/Date(1704412800000)/,1,5,164,1,02,Nrth Rhine Westfalia,West,SIEGEN,Germany,57076,80160,12,ZZ-F01,500g Nut Muesli,Finished Product,F01,500g,Nut Muesli,603,603,ST,3.90,2351.70,542.70,EUR,1809.00000,0.77
.1~807,807,ZZ,01,05,01/05,/Date(1704412800000)/,1,5,236,3,02,Mecklenburg-Vorpomm.,North,ROSTOCK,Germany,18184,80141,12,ZZ-F01,500g Nut Muesli,Finished Product,F01,500g,Nut Muesli,536,536,ST,3.90,2090.40,482.40,EUR,1608.00000,0.77
.1~806,806,ZZ,01,05,01/05,/Date(1704412800000)/,1,5,236,1,02,Mecklenburg-Vorpomm.,North,ROSTOCK,Germany,18184,80141,12,ZZ-F01,500g Nut Muesli,Finished Product,F01,500g,Nut Muesli,490,490,ST,3.90,1911.00,441.00,EUR,1470.00000,0.77
.1~805,805,ZZ,01,05,01/05,/Date(1704412800000)/,1,5,165,2,02,Nrth Rhine Westfalia,West,BRÜHL,Germany,50321,80149,12,ZZ-F01,500g Nut Muesli,Finished Product,F01,500g,Nut Muesli,588,588,ST,3.90,2293.20,529.20,EUR,1764.00000,0.77
.1~804,804,ZZ,01,05,01/05,/Date(1704412800000)/,1,5,169,3,02,Brandenburg,North,BRANDENBURG,Germany,14772,80131,12,ZZ-F01,500g Nut Muesli,Finished Product,F01,500g,Nut Muesli,570,570,ST,3.90,2223.00,513.00,EUR,1710.00000,0.77
.1~733,733,ZZ,01,04,01/04,/Date(1704326400000)/,1,4,153,1,02,Baden-Wurttemberg,South,MANNHEIM,Germany,68199,80117,12,ZZ-F01,500g Nut Muesli,Finished Product,F01,500g,Nut Muesli,564,564,ST,3.90,2199.60,507.60,EUR,1692.00000,0.77
.1~732,732,ZZ,01,04,01/04,/Date(1704326400000)/,1,4,222,1,02,Baden-Wurttemberg,South,MANNHEIM,Germany,68199,80117,12,ZZ-F01,500g Nut Muesli,Finished Product,F01,500g,Nut Muesli,491,491,ST,3.90,1914.90,441.90,EUR,1473.00000,0.77
.1~663,663,ZZ,01,03,01/03,/Date(1704240000000)/,1,3,146,2,02,Baden-Wurttemberg,South,MANNHEIM,Germany,68199,80117,12,ZZ-F01,500g Nut Muesli,Finished Product,F01,500g,Nut Muesli,611,611,ST,3.90,2382.90,549.90,EUR,1833.00000,0.77
.1~662,662,ZZ,01,03,01/03,/Date(1704240000000)/,1,3,147,4,02,Rhineland Palatinate,West,TRIER,Germany,54290,80164,12,ZZ-F01,500g Nut Muesli,Finished Product,F01,500g,Nut Muesli,552,552,ST,3.90,2152.80,496.80,EUR,1656.00000,0.77
.1~661,661,ZZ,01,03,01/03,/Date(1704240000000)/,1,3,216,4,02,Rhineland Palatinate,West,TRIER,Germany,54290,80164,12,ZZ-F01,500g Nut Muesli,Finished Product,F01,500g,Nut Muesli,550,550,ST,3.90,2145.00,495.00,EUR,1650.00000,0.77
.1~660,660,ZZ,01,03,01/03,/Date(1704240000000)/,1,3,215,2,02,Baden-Wurttemberg,South,MANNHEIM,Germany,68199,80117,12,ZZ-F01,500g Nut Muesli,Finished Product,F01,500g,Nut Muesli,498,498,ST,3.90,1942.20,448.20,EUR,1494.00000,0.77
.1~596,596,ZZ,01,02,01/02,/Date(1704153600000)/,1,2,136,1,02,Hessen,South,MAGDEBURG,Germany,39128,80138,12,ZZ-F01,500g Nut Muesli,Finished Product,F01,500g,Nut Muesli,613,613,ST,3.90,2390.70,551.70,EUR,1839.00000,0.77
.1~595,595,ZZ,01,02,01/02,/Date(1704153600000)/,1,2,135,1,02,Baden-Wurttemberg,South,KARLSRUHE,Germany,76133,80115,12,ZZ-F01,500g Nut Muesli,Finished Product,F01,500g,Nut Muesli,560,560,ST,3.90,2184.00,504.00,EUR,1680.00000,0.77
.1~594,594,ZZ,01,02,01/02,/Date(1704153600000)/,1,2,211,1,02,Lower Saxony,North,GÖTTINGEN,Germany,37073,80142,12,ZZ-F01,500g Nut Muesli,Finished Product,F01,500g,Nut Muesli,530,530,ST,3.90,2067.00,477.00,EUR,1590.00000,0.77
.1~593,593,ZZ,01,02,01/02,/Date(1704153600000)/,1,2,142,1,02,Lower Saxony,North,GÖTTINGEN,Germany,37073,80142,12,ZZ-F01,500g Nut Muesli,Finished Product,F01,500g,Nut Muesli,596,596,ST,3.90,2324.40,536.40,EUR,1788.00000,0.77
.1~592,592,ZZ,01,02,01/02,/Date(1704153600000)/,1,2,204,1,02,Baden-Wurttemberg,South,KARLSRUHE,Germany,76133,80115,12,ZZ-F01,500g Nut Muesli,Finished Product,F01,500g,Nut Muesli,568,568,ST,3.90,2215.20,511.20,EUR,1704.00000,0.77
.1~591,591,ZZ,01,02,01/02,/Date(1704153600000)/,1,2,138,3,02,Nrth Rhine Westfalia,West,DÜSSELDORF,Germany,40213,80152,12,ZZ-F01,500g Nut Muesli,Finished Product,F01,500g,Nut Muesli,470,470,ST,3.90,1833.00,423.00,EUR,1410.00000,0.77
.1~590,590,ZZ,01,02,01/02,/Date(1704153600000)/,1,2,205,1,02,Hessen,South,MAGDEBURG,Germany,39128,80138,12,ZZ-F01,500g Nut Muesli,Finished Product,F01,500g,Nut Muesli,504,504,ST,3.90,1965.60,453.60,EUR,1512.00000,0.77
.1~589,589,ZZ,01,02,01/02,/Date(1704153600000)/,1,2,138,2,02,Nrth Rhine Westfalia,West,DÜSSELDORF,Germany,40213,80152,12,ZZ-F01,500g Nut Muesli,Finished Product,F01,500g,Nut Muesli,531,531,ST,3.90,2070.90,477.90,EUR,1593.00000,0.77
.1~588,588,ZZ,01,02,01/02,/Date(1704153600000)/,1,2,207,3,02,Nrth Rhine Westfalia,West,DÜSSELDORF,Germany,40213,80152,12,ZZ-F01,500g Nut Muesli,Finished Product,F01,500g,Nut Muesli,531,531,ST,3.90,2070.90,477.90,EUR,1593.00000,0.77
.1~519,519,ZZ,01,01,01/01,/Date(1704067200000)/,1,1,198,4,02,Nrth Rhine Westfalia,West,DORTMUND,Germany,44339,80150,12,ZZ-F01,500g Nut Muesli,Finished Product,F01,500g,Nut Muesli,587,587,ST,3.90,2289.30,528.30,EUR,1761.00000,0.77
.1~518,518,ZZ,01,01,01/01,/Date(1704067200000)/,1,1,131,3,02,Nrth Rhine Westfalia,West,HERFORD,Germany,32052,80155,12,ZZ-F01,500g Nut Muesli,Finished Product,F01,500g,Nut Muesli,601,601,ST,3.90,2343.90,540.90,EUR,1803.00000,0.77
.1~517,517,ZZ,01,01,01/01,/Date(1704067200000)/,1,1,200,3,02,Nrth Rhine Westfalia,West,HERFORD,Germany,32052,80155,12,ZZ-F01,500g Nut Muesli,Finished Product,F01,500g,Nut Muesli,532,532,ST,3.90,2074.80,478.80,EUR,1596.00000,0.77
.1~516,516,ZZ,01,01,01/01,/Date(1704067200000)/,1,1,129,4,02,Nrth Rhine Westfalia,West,DORTMUND,Germany,44339,80150,12,ZZ-F01,500g Nut Muesli,Finished Product,F01,500g,Nut Muesli,541,541,ST,3.90,2109.90,486.90,EUR,1623.00000,0.77
.1~474,474,AA,01,14,01/14,/Date(1705190400000)/,3,14,115,4,02,Baden-Wurttemberg,South,ALBSTADT,Germany,72458,80170,12,AA-F01,500g Nut Muesli,Finished Product,F01,500g,Nut Muesli,462,462,ST,3.90,1801.80,415.80,EUR,1386.00000,0.77
.1~473,473,AA,01,14,01/14,/Date(1705190400000)/,3,14,117,1,02,Lower Saxony,North,WOLFSBURG,Germany,38444,80147,12,AA-F01,500g Nut Muesli,Finished Product,F01,500g,Nut Muesli,485,485,ST,3.90,1891.50,436.50,EUR,1455.00000,0.77
.1~472,472,AA,01,14,01/14,/Date(1705190400000)/,3,14,116,3,02,Baden-Wurttemberg,South,STUTTGART,Germany,70173,80118,12,AA-F01,500g Nut Muesli,Finished Product,F01,500g,Nut Muesli,504,504,ST,3.90,1965.60,453.60,EUR,1512.00000,0.77
.1~471,471,AA,01,14,01/14,/Date(1705190400000)/,3,14,117,2,02,Lower Saxony,North,WOLFSBURG,Germany,38444,80147,12,AA-F01,500g Nut Muesli,Finished Product,F01,500g,Nut Muesli,315,315,ST,3.90,1228.50,283.50,EUR,945.00000,0.77
.1~470,470,AA,01,14,01/14,/Date(1705190400000)/,3,14,116,4,02,Baden-Wurttemberg,South,STUTTGART,Germany,70173,80118,12,AA-F01,500g Nut Muesli,Finished Product,F01,500g,Nut Muesli,490,490,ST,3.90,1911.00,441.00,EUR,1470.00000,0.77
.1~469,469,AA,01,14,01/14,/Date(1705190400000)/,3,14,116,1,02,Baden-Wurttemberg,South,STUTTGART,Germany,70173,80118,12,AA-F01,500g Nut Muesli,Finished Product,F01,500g,Nut Muesli,569,569,ST,3.90,2219.10,512.10,EUR,1707.00000,0.77
.1~441,441,AA,01,13,01/13,/Date(1705104000000)/,3,13,109,1,02,Lower Saxony,North,GÖTTINGEN,Germany,37073,80142,12,AA-F01,500g Nut Muesli,Finished Product,F01,500g,Nut Muesli,585,585,ST,3.90,2281.50,526.50,EUR,1755.00000,0.77
.1~440,440,AA,01,13,01/13,/Date(1705104000000)/,3,13,109,3,02,Lower Saxony,North,GÖTTINGEN,Germany,37073,80142,12,AA-F01,500g Nut Muesli,Finished Product,F01,500g,Nut Muesli,522,522,ST,3.90,2035.80,469.80,EUR,1566.00000,0.77
.1~439,439,AA,01,13,01/13,/Date(1705104000000)/,3,13,110,4,02,Lower Saxony,North,WOLFSBURG,Germany,38444,80147,12,AA-F01,500g Nut Muesli,Finished Product,F01,500g,Nut Muesli,492,492,ST,3.90,1918.80,442.80,EUR,1476.00000,0.77
.1~438,438,AA,01,13,01/13,/Date(1705104000000)/,3,13,110,2,02,Lower Saxony,North,WOLFSBURG,Germany,38444,80147,12,AA-F01,500g Nut Muesli,Finished Product,F01,500g,Nut Muesli,469,469,ST,3.90,1829.10,422.10,EUR,1407.00000,0.77
.1~437,437,AA,01,13,01/13,/Date(1705104000000)/,3,13,107,1,02,Bavaria,South,NÜRNBERG,Germany,90451,80125,12,AA-F01,500g Nut Muesli,Finished Product,F01,500g,Nut Muesli,600,600,ST,3.90,2340.00,540.00,EUR,1800.00000,0.77
.1~436,436,AA,01,13,01/13,/Date(1705104000000)/,3,13,113,3,02,Nrth Rhine Westfalia,West,PADERBORN,Germany,33100,80159,12,AA-F01,500g Nut Muesli,Finished Product,F01,500g,Nut Muesli,526,526,ST,3.90,2051.40,473.40,EUR,1578.00000,0.77
.1~435,435,AA,01,13,01/13,/Date(1705104000000)/,3,13,110,3,02,Lower Saxony,North,WOLFSBURG,Germany,38444,80147,12,AA-F01,500g Nut Muesli,Finished Product,F01,500g,Nut Muesli,485,485,ST,3.90,1891.50,436.50,EUR,1455.00000,0.77
.1~434,434,AA,01,13,01/13,/Date(1705104000000)/,3,13,108,2,02,Mecklenburg-Vorpomm.,North,ROSTOCK,Germany,18184,80141,12,AA-F01,500g Nut Muesli,Finished Product,F01,500g,Nut Muesli,560,560,ST,3.90,2184.00,504.00,EUR,1680.00000,0.77
.1~433,433,AA,01,13,01/13,/Date(1705104000000)/,3,13,108,4,02,Mecklenburg-Vorpomm.,North,ROSTOCK,Germany,18184,80141,12,AA-F01,500g Nut Muesli,Finished Product,F01,500g,Nut Muesli,531,531,ST,3.90,2070.90,477.90,EUR,1593.00000,0.77
.1~403,403,AA,01,12,01/12,/Date(1705017600000)/,3,12,97,2,02,Schleswig-Holstein,North,NEUMÜNSTER,Germany,24537,80169,12,AA-F01,500g Nut Muesli,Finished Product,F01,500g,Nut Muesli,612,612,ST,3.90,2386.80,550.80,EUR,1836.00000,0.77
.1~402,402,AA,01,12,01/12,/Date(1705017600000)/,3,12,97,4,02,Schleswig-Holstein,North,NEUMÜNSTER,Germany,24537,80169,12,AA-F01,500g Nut Muesli,Finished Product,F01,500g,Nut Muesli,480,480,ST,3.90,1872.00,432.00,EUR,1440.00000,0.77
.1~401,401,AA,01,12,01/12,/Date(1705017600000)/,3,12,100,1,02,Berlin,North,WALTERSDORF,Germany,12529,80130,12,AA-F01,500g Nut Muesli,Finished Product,F01,500g,Nut Muesli,493,493,ST,3.90,1922.70,443.70,EUR,1479.00000,0.77
.1~400,400,AA,01,12,01/12,/Date(1705017600000)/,3,12,101,4,02,Saxony,North,ZWICKAU,Germany,08058,80166,12,AA-F01,500g Nut Muesli,Finished Product,F01,500g,Nut Muesli,472,472,ST,3.90,1840.80,424.80,EUR,1416.00000,0.77
.1~399,399,AA,01,12,01/12,/Date(1705017600000)/,3,12,101,1,02,Saxony,North,ZWICKAU,Germany,08058,80166,12,AA-F01,500g Nut Muesli,Finished Product,F01,500g,Nut Muesli,509,509,ST,3.90,1985.10,458.10,EUR,1527.00000,0.77
.1~398,398,AA,01,12,01/12,/Date(1705017600000)/,3,12,100,2,02,Berlin,North,WALTERSDORF,Germany,12529,80130,12,AA-F01,500g Nut Muesli,Finished Product,F01,500g,Nut Muesli,514,514,ST,3.90,2004.60,462.60,EUR,1542.00000,0.77
.1~397,397,AA,01,12,01/12,/Date(1705017600000)/,3,12,99,3,02,Baden-Wurttemberg,South,FREIBURG,Germany,79098,80113,12,AA-F01,500g Nut Muesli,Finished Product,F01,500g,Nut Muesli,468,468,ST,3.90,1825.20,421.20,EUR,1404.00000,0.77
.1~364,364,AA,01,11,01/11,/Date(1704931200000)/,3,11,95,4,02,Nrth Rhine Westfalia,West,SIEGEN,Germany,57076,80160,12,AA-F01,500g Nut Muesli,Finished Product,F01,500g,Nut Muesli,594,594,ST,3.90,2316.60,534.60,EUR,1782.00000,0.77
.1~363,363,AA,01,11,01/11,/Date(1704931200000)/,3,11,94,4,02,Nrth Rhine Westfalia,West,ESSEN,Germany,45127,80153,12,AA-F01,500g Nut Muesli,Finished Product,F01,500g,Nut Muesli,610,610,ST,3.90,2379.00,549.00,EUR,1830.00000,0.77
.1~362,362,AA,01,11,01/11,/Date(1704931200000)/,3,11,87,2,02,Baden-Wurttemberg,South,KARLSRUHE,Germany,76133,80115,12,AA-F01,500g Nut Muesli,Finished Product,F01,500g,Nut Muesli,606,606,ST,3.90,2363.40,545.40,EUR,1818.00000,0.77
.1~361,361,AA,01,11,01/11,/Date(1704931200000)/,3,11,88,4,02,Schleswig-Holstein,North,NEUMÜNSTER,Germany,24537,80169,12,AA-F01,500g Nut Muesli,Finished Product,F01,500g,Nut Muesli,511,511,ST,3.90,1992.90,459.90,EUR,1533.00000,0.77
.1~326,326,AA,01,10,01/10,/Date(1704844800000)/,2,10,83,2,02,Lower Saxony,North,OLDENBURG,Germany,26121,80145,12,AA-F01,500g Nut Muesli,Finished Product,F01,500g,Nut Muesli,577,577,ST,3.90,2250.30,519.30,EUR,1731.00000,0.77
.1~325,325,AA,01,10,01/10,/Date(1704844800000)/,2,10,80,3,02,Bavaria,South,NÜRNBERG-BUCH,Germany,90427,80126,12,AA-F01,500g Nut Muesli,Finished Product,F01,500g,Nut Muesli,525,525,ST,3.90,2047.50,472.50,EUR,1575.00000,0.77
.1~290,290,AA,01,09,01/09,/Date(1704758400000)/,2,9,74,1,02,Brandenburg,North,COTTBUS,Germany,03046,80132,12,AA-F01,500g Nut Muesli,Finished Product,F01,500g,Nut Muesli,476,476,ST,3.90,1856.40,428.40,EUR,1428.00000,0.77
.1~289,289,AA,01,09,01/09,/Date(1704758400000)/,2,9,74,4,02,Brandenburg,North,COTTBUS,Germany,03046,80132,12,AA-F01,500g Nut Muesli,Finished Product,F01,500g,Nut Muesli,576,576,ST,3.90,2246.40,518.40,EUR,1728.00000,0.77
.1~256,256,AA,01,08,01/08,/Date(1704672000000)/,2,8,64,4,02,Saxony,North,ZWICKAU,Germany,08058,80166,12,AA-F01,500g Nut Muesli,Finished Product,F01,500g,Nut Muesli,598,598,ST,3.90,2332.20,538.20,EUR,1794.00000,0.77
.1~255,255,AA,01,08,01/08,/Date(1704672000000)/,2,8,66,2,02,Schleswig-Holstein,North,KIEL,Germany,24113,80168,12,AA-F01,500g Nut Muesli,Finished Product,F01,500g,Nut Muesli,615,615,ST,3.90,2398.50,553.50,EUR,1845.00000,0.77
.1~254,254,AA,01,08,01/08,/Date(1704672000000)/,2,8,61,4,02,Bavaria,South,NÜRNBERG,Germany,90451,80125,12,AA-F01,500g Nut Muesli,Finished Product,F01,500g,Nut Muesli,516,516,ST,3.90,2012.40,464.40,EUR,1548.00000,0.77
.1~253,253,AA,01,08,01/08,/Date(1704672000000)/,2,8,66,1,02,Schleswig-Holstein,North,KIEL,Germany,24113,80168,12,AA-F01,500g Nut Muesli,Finished Product,F01,500g,Nut Muesli,596,596,ST,3.90,2324.40,536.40,EUR,1788.00000,0.77
.1~219,219,AA,01,07,01/07,/Date(1704585600000)/,2,7,56,1,02,Hamburg,North,BUXTEHUDE,Germany,21614,80134,12,AA-F01,500g Nut Muesli,Finished Product,F01,500g,Nut Muesli,475,475,ST,3.90,1852.50,427.50,EUR,1425.00000,0.77
.1~218,218,AA,01,07,01/07,/Date(1704585600000)/,2,7,56,4,02,Hamburg,North,BUXTEHUDE,Germany,21614,80134,12,AA-F01,500g Nut Muesli,Finished Product,F01,500g,Nut Muesli,571,571,ST,3.90,2226.90,513.90,EUR,1713.00000,0.77
.1~217,217,AA,01,07,01/07,/Date(1704585600000)/,2,7,56,1,02,Hamburg,North,BUXTEHUDE,Germany,21614,80134,12,AA-F01,500g Nut Muesli,Finished Product,F01,500g,Nut Muesli,487,487,ST,3.90,1899.30,438.30,EUR,1461.00000,0.77
.1~181,181,AA,01,06,01/06,/Date(1704499200000)/,2,6,44,1,02,Saxony-Anhalt,North,GÜNTHERSDORF,Germany,06254,80167,12,AA-F01,500g Nut Muesli,Finished Product,F01,500g,Nut Muesli,477,477,ST,3.90,1860.30,429.30,EUR,1431.00000,0.77
.1~149,149,AA,01,05,01/05,/Date(1704412800000)/,1,5,39,3,02,Baden-Wurttemberg,South,FREIBURG,Germany,79098,80113,12,AA-F01,500g Nut Muesli,Finished Product,F01,500g,Nut Muesli,552,552,ST,3.90,2152.80,496.80,EUR,1656.00000,0.77
.1~148,148,AA,01,05,01/05,/Date(1704412800000)/,1,5,43,3,02,Nrth Rhine Westfalia,West,HERFORD,Germany,32052,80155,12,AA-F01,500g Nut Muesli,Finished Product,F01,500g,Nut Muesli,465,465,ST,3.90,1813.50,418.50,EUR,1395.00000,0.77
.1~147,147,AA,01,05,01/05,/Date(1704412800000)/,1,5,37,3,02,Berlin,North,BERLIN,Germany,13349,80129,12,AA-F01,500g Nut Muesli,Finished Product,F01,500g,Nut Muesli,564,564,ST,3.90,2199.60,507.60,EUR,1692.00000,0.77
.1~146,146,AA,01,05,01/05,/Date(1704412800000)/,1,5,38,4,02,Baden-Wurttemberg,South,ESSLINGEN,Germany,73730,80112,12,AA-F01,500g Nut Muesli,Finished Product,F01,500g,Nut Muesli,470,470,ST,3.90,1833.00,423.00,EUR,1410.00000,0.77
.1~145,145,AA,01,05,01/05,/Date(1704412800000)/,1,5,36,1,02,Lower Saxony,North,GÖTTINGEN,Germany,37073,80142,12,AA-F01,500g Nut Muesli,Finished Product,F01,500g,Nut Muesli,495,495,ST,3.90,1930.50,445.50,EUR,1485.00000,0.77
.1~78,78,AA,01,03,01/03,/Date(1704240000000)/,1,3,24,1,02,Nrth Rhine Westfalia,West,BRÜHL,Germany,50321,80149,12,AA-F01,500g Nut Muesli,Finished Product,F01,500g,Nut Muesli,576,576,ST,3.90,2246.40,518.40,EUR,1728.00000,0.77
.1~77,77,AA,01,03,01/03,/Date(1704240000000)/,1,3,24,2,02,Nrth Rhine Westfalia,West,BRÜHL,Germany,50321,80149,12,AA-F01,500g Nut Muesli,Finished Product,F01,500g,Nut Muesli,583,583,ST,3.90,2273.70,524.70,EUR,1749.00000,0.77
.1~76,76,AA,01,03,01/03,/Date(1704240000000)/,1,3,19,3,02,Bremen,North,BREMEN,Germany,28259,80133,12,AA-F01,500g Nut Muesli,Finished Product,F01,500g,Nut Muesli,609,609,ST,3.90,2375.10,548.10,EUR,1827.00000,0.77
.1~75,75,AA,01,03,01/03,/Date(1704240000000)/,1,3,19,2,02,Bremen,North,BREMEN,Germany,28259,80133,12,AA-F01,500g Nut Muesli,Finished Product,F01,500g,Nut Muesli,461,461,ST,3.90,1797.90,414.90,EUR,1383.00000,0.77
.1~74,74,AA,01,03,01/03,/Date(1704240000000)/,1,3,19,1,02,Bremen,North,BREMEN,Germany,28259,80133,12,AA-F01,500g Nut Muesli,Finished Product,F01,500g,Nut Muesli,553,553,ST,3.90,2156.70,497.70,EUR,1659.00000,0.77
.1~73,73,AA,01,03,01/03,/Date(1704240000000)/,1,3,26,1,02,Rhineland Palatinate,West,TRIER,Germany,54290,80164,12,AA-F01,500g Nut Muesli,Finished Product,F01,500g,Nut Muesli,530,530,ST,3.90,2067.00,477.00,EUR,1590.00000,0.77
.1~38,38,AA,01,02,01/02,/Date(1704153600000)/,1,2,16,3,02,Nrth Rhine Westfalia,West,PADERBORN,Germany,33100,80159,12,AA-F01,500g Nut Muesli,Finished Product,F01,500g,Nut Muesli,547,547,ST,3.90,2133.30,492.30,EUR,1641.00000,0.77
.1~37,37,AA,01,02,01/02,/Date(1704153600000)/,1,2,12,4,02,Berlin,North,BERLIN,Germany,13349,80129,12,AA-F01,500g Nut Muesli,Finished Product,F01,500g,Nut Muesli,492,492,ST,3.90,1918.80,442.80,EUR,1476.00000,0.77
.1~6,6,AA,01,01,01/01,/Date(1704067200000)/,1,1,5,4,02,Bavaria,South,AUGSBURG,Germany,86156,80119,12,AA-F01,500g Nut Muesli,Finished Product,F01,500g,Nut Muesli,518,518,ST,3.90,2020.20,466.20,EUR,1554.00000,0.77
.1~5,5,AA,01,01,01/01,/Date(1704067200000)/,1,1,1,3,02,Hessen,South,WIESBADEN,Germany,65183,80140,12,AA-F01,500g Nut Muesli,Finished Product,F01,500g,Nut Muesli,490,490,ST,3.90,1911.00,441.00,EUR,1470.00000,0.77
.1~4,4,AA,01,01,01/01,/Date(1704067200000)/,1,1,4,9,02,Lower Saxony,North,WOLFSBURG,Germany,38444,80147,12,AA-F01,500g Nut Muesli,Finished Product,F01,500g,Nut Muesli,515,515,ST,3.90,2008.50,463.50,EUR,1545.00000,0.77
.1~3,3,AA,01,01,01/01,/Date(1704067200000)/,1,1,4,4,02,Lower Saxony,North,WOLFSBURG,Germany,38444,80147,12,AA-F01,500g Nut Muesli,Finished Product,F01,500g,Nut Muesli,542,542,ST,3.90,2113.80,487.80,EUR,1626.00000,0.77
.1~2,2,AA,01,01,01/01,/Date(1704067200000)/,1,1,4,0,02,Lower Saxony,North,WOLFSBURG,Germany,38444,80147,12,AA-F01,500g Nut Muesli,Finished Product,F01,500g,Nut Muesli,544,544,ST,3.90,2121.60,489.60,EUR,1632.00000,0.77
.1~18,18,AA,01,01,01/01,/Date(1704067200000)/,1,1,8,1,02,Nrth Rhine Westfalia,West,WÜRSELEN,Germany,52146,80162,12,AA-F04,500g Raisin Muesli,Finished Product,F04,500g,Raisin Muesli,568,568,ST,3.79,2152.72,448.72,EUR,1704.00000,0.79
.1~2154,2154,ZZ,04,19,04/19,/Date(1710806400000)/,16,79,656,1,02,Bavaria,South,NÜRNBERG,Germany,90451,80125,12,ZZ-F04,500g Raisin Muesli,Finished Product,F04,500g,Raisin Muesli,271,271,ST,8.00,2168.00,214.09,EUR,1953.91000,0.90
.1~2129,2129,ZZ,04,16,04/16,/Date(1710547200000)/,16,76,638,2,02,Nrth Rhine Westfalia,West,MÜNSTER,Germany,48159,80158,12,ZZ-F04,500g Raisin Muesli,Finished Product,F04,500g,Raisin Muesli,283,283,ST,8.00,2264.00,223.57,EUR,2040.43000,0.90
.1~2111,2111,ZZ,04,14,04/14,/Date(1710374400000)/,15,74,627,1,02,Nrth Rhine Westfalia,West,GELSENKIRCHEN,Germany,45879,80154,12,ZZ-F04,500g Raisin Muesli,Finished Product,F04,500g,Raisin Muesli,283,283,ST,8.00,2264.00,223.57,EUR,2040.43000,0.90
.1~2004,2004,ZZ,04,03,04/03,/Date(1709424000000)/,13,63,581,2,02,Nrth Rhine Westfalia,West,GELSENKIRCHEN,Germany,45879,80154,12,ZZ-F04,500g Raisin Muesli,Finished Product,F04,500g,Raisin Muesli,275,275,ST,8.00,2200.00,217.25,EUR,1982.75000,0.90
.1~1926,1926,ZZ,03,20,03/20,/Date(1709164800000)/,12,60,555,2,02,Rhineland Palatinate,West,BAD KREUZNACH,Germany,55543,80163,12,ZZ-F04,500g Raisin Muesli,Finished Product,F04,500g,Raisin Muesli,246,246,ST,8.00,1968.00,194.34,EUR,1773.66000,0.90
.1~1865,1865,ZZ,03,18,03/18,/Date(1708992000000)/,12,58,538,1,02,Nrth Rhine Westfalia,West,HERFORD,Germany,32052,80155,12,ZZ-F04,500g Raisin Muesli,Finished Product,F04,500g,Raisin Muesli,240,240,ST,8.00,1920.00,189.60,EUR,1730.40000,0.90
.1~1609,1609,ZZ,03,07,03/07,/Date(1708041600000)/,10,47,444,1,02,Hamburg,North,HAMBURG,Germany,22765,80135,12,ZZ-F04,500g Raisin Muesli,Finished Product,F04,500g,Raisin Muesli,238,238,ST,8.00,1904.00,188.02,EUR,1715.98000,0.90
.1~1608,1608,ZZ,03,07,03/07,/Date(1708041600000)/,10,47,445,1,02,Nrth Rhine Westfalia,West,HERFORD,Germany,32052,80155,12,ZZ-F04,500g Raisin Muesli,Finished Product,F04,500g,Raisin Muesli,265,265,ST,8.00,2120.00,209.35,EUR,1910.65000,0.90
.1~1577,1577,ZZ,03,04,03/04,/Date(1707782400000)/,9,44,425,1,02,Bavaria,South,AUGSBURG,Germany,86156,80119,12,ZZ-F04,500g Raisin Muesli,Finished Product,F04,500g,Raisin Muesli,244,244,ST,8.00,1952.00,192.76,EUR,1759.24000,0.90
.1~1556,1556,ZZ,02,19,02/19,/Date(1707350400000)/,8,39,413,1,02,Bavaria,South,REGENSBURG,Germany,93053,80127,12,ZZ-F04,500g Raisin Muesli,Finished Product,F04,500g,Raisin Muesli,258,258,ST,8.00,2064.00,203.82,EUR,1860.18000,0.90
.1~1525,1525,ZZ,02,09,02/09,/Date(1706486400000)/,6,29,387,1,02,Nrth Rhine Westfalia,West,GELSENKIRCHEN,Germany,45879,80154,12,ZZ-F04,500g Raisin Muesli,Finished Product,F04,500g,Raisin Muesli,278,278,ST,8.00,2224.00,219.62,EUR,2004.38000,0.90
.1~1522,1522,ZZ,02,08,02/08,/Date(1706400000000)/,6,28,384,1,02,Lower Saxony,North,NIENBURG,Germany,31582,80143,12,ZZ-F04,500g Raisin Muesli,Finished Product,F04,500g,Raisin Muesli,231,231,ST,8.00,1848.00,182.49,EUR,1665.51000,0.90
.1~1509,1509,ZZ,02,02,02/02,/Date(1705881600000)/,5,22,371,1,02,Bavaria,South,MÜNCHEN,Germany,81245,80123,12,ZZ-F04,500g Raisin Muesli,Finished Product,F04,500g,Raisin Muesli,241,241,ST,8.00,1928.00,190.39,EUR,1737.61000,0.90
.1~1500,1500,ZZ,01,20,01/20,/Date(1705708800000)/,4,20,365,1,02,Nrth Rhine Westfalia,West,DÜSSELDORF,Germany,40212,80151,12,ZZ-F04,500g Raisin Muesli,Finished Product,F04,500g,Raisin Muesli,498,498,ST,3.79,1887.42,393.42,EUR,1494.00000,0.79
.1~1499,1499,ZZ,01,20,01/20,/Date(1705708800000)/,4,20,364,2,02,Saxony-Anhalt,North,GÜNTHERSDORF,Germany,06254,80167,12,ZZ-F04,500g Raisin Muesli,Finished Product,F04,500g,Raisin Muesli,502,502,ST,3.79,1902.58,396.58,EUR,1506.00000,0.79
.1~1498,1498,ZZ,01,20,01/20,/Date(1705708800000)/,4,20,363,2,02,Nrth Rhine Westfalia,West,ESSEN,Germany,45127,80153,12,ZZ-F04,500g Raisin Muesli,Finished Product,F04,500g,Raisin Muesli,540,540,ST,3.79,2046.60,426.60,EUR,1620.00000,0.79
.1~1497,1497,ZZ,01,20,01/20,/Date(1705708800000)/,4,20,361,3,02,Baden-Wurttemberg,South,ALBSTADT,Germany,72458,80170,12,ZZ-F04,500g Raisin Muesli,Finished Product,F04,500g,Raisin Muesli,558,558,ST,3.79,2114.82,440.82,EUR,1674.00000,0.79
.1~1496,1496,ZZ,01,20,01/20,/Date(1705708800000)/,4,20,361,2,02,Baden-Wurttemberg,South,ALBSTADT,Germany,72458,80170,12,ZZ-F04,500g Raisin Muesli,Finished Product,F04,500g,Raisin Muesli,514,514,ST,3.79,1948.06,406.06,EUR,1542.00000,0.79
.1~1467,1467,ZZ,01,19,01/19,/Date(1705622400000)/,4,19,352,0,02,Baden-Wurttemberg,South,MANNHEIM,Germany,68199,80117,12,ZZ-F04,500g Raisin Muesli,Finished Product,F04,500g,Raisin Muesli,583,583,ST,3.79,2209.57,460.57,EUR,1749.00000,0.79
.1~1466,1466,ZZ,01,19,01/19,/Date(1705622400000)/,4,19,355,2,02,Brandenburg,North,COTTBUS,Germany,03046,80132,12,ZZ-F04,500g Raisin Muesli,Finished Product,F04,500g,Raisin Muesli,552,552,ST,3.79,2092.08,436.08,EUR,1656.00000,0.79
.1~1465,1465,ZZ,01,19,01/19,/Date(1705622400000)/,4,19,356,1,02,Nrth Rhine Westfalia,West,MÜNSTER,Germany,48159,80158,12,ZZ-F04,500g Raisin Muesli,Finished Product,F04,500g,Raisin Muesli,625,625,ST,3.79,2368.75,493.75,EUR,1875.00000,0.79
.1~1464,1464,ZZ,01,19,01/19,/Date(1705622400000)/,4,19,353,4,02,Bavaria,South,MÜNCHEN,Germany,80939,80124,12,ZZ-F04,500g Raisin Muesli,Finished Product,F04,500g,Raisin Muesli,625,625,ST,3.79,2368.75,493.75,EUR,1875.00000,0.79
.1~1427,1427,ZZ,01,18,01/18,/Date(1705536000000)/,4,18,348,2,02,Nrth Rhine Westfalia,West,GELSENKIRCHEN,Germany,45879,80154,12,ZZ-F04,500g Raisin Muesli,Finished Product,F04,500g,Raisin Muesli,524,524,ST,3.79,1985.96,413.96,EUR,1572.00000,0.79
.1~1426,1426,ZZ,01,18,01/18,/Date(1705536000000)/,4,18,344,2,02,Bavaria,South,NÜRNBERG,Germany,90451,80125,12,ZZ-F04,500g Raisin Muesli,Finished Product,F04,500g,Raisin Muesli,515,515,ST,3.79,1951.85,406.85,EUR,1545.00000,0.79
.1~1393,1393,ZZ,01,17,01/17,/Date(1705449600000)/,4,17,339,1,02,Nrth Rhine Westfalia,West,HÜCKELHOVEN,Germany,41836,80156,12,ZZ-F04,500g Raisin Muesli,Finished Product,F04,500g,Raisin Muesli,532,532,ST,3.79,2016.28,420.28,EUR,1596.00000,0.79
.1~1357,1357,ZZ,01,16,01/16,/Date(1705363200000)/,4,16,330,4,02,Nrth Rhine Westfalia,West,VELBERT,Germany,42551,80161,12,ZZ-F04,500g Raisin Muesli,Finished Product,F04,500g,Raisin Muesli,546,546,ST,3.79,2069.34,431.34,EUR,1638.00000,0.79
.1~1323,1323,ZZ,01,15,01/15,/Date(1705276800000)/,3,15,323,4,02,Lower Saxony,North,NIENBURG,Germany,31582,80143,12,ZZ-F04,500g Raisin Muesli,Finished Product,F04,500g,Raisin Muesli,589,589,ST,3.79,2232.31,465.31,EUR,1767.00000,0.79
.1~1322,1322,ZZ,01,15,01/15,/Date(1705276800000)/,3,15,322,2,02,Rhineland Palatinate,West,BAD KREUZNACH,Germany,55543,80163,12,ZZ-F04,500g Raisin Muesli,Finished Product,F04,500g,Raisin Muesli,477,477,ST,3.79,1807.83,376.83,EUR,1431.00000,0.79
.1~1321,1321,ZZ,01,15,01/15,/Date(1705276800000)/,3,15,323,1,02,Lower Saxony,North,NIENBURG,Germany,31582,80143,12,ZZ-F04,500g Raisin Muesli,Finished Product,F04,500g,Raisin Muesli,502,502,ST,3.79,1902.58,396.58,EUR,1506.00000,0.79
.1~1320,1320,ZZ,01,15,01/15,/Date(1705276800000)/,3,15,318,4,02,Hessen,South,MARBURG,Germany,35037,80139,12,ZZ-F04,500g Raisin Muesli,Finished Product,F04,500g,Raisin Muesli,540,540,ST,3.79,2046.60,426.60,EUR,1620.00000,0.79
.1~1285,1285,ZZ,01,14,01/14,/Date(1705190400000)/,3,14,308,2,02,Bavaria,South,AUGSBURG,Germany,86156,80119,12,ZZ-F04,500g Raisin Muesli,Finished Product,F04,500g,Raisin Muesli,624,624,ST,3.79,2364.96,492.96,EUR,1872.00000,0.79
.1~1284,1284,ZZ,01,14,01/14,/Date(1705190400000)/,3,14,310,3,02,Bavaria,South,WÜRZBURG,Germany,97070,80128,12,ZZ-F04,500g Raisin Muesli,Finished Product,F04,500g,Raisin Muesli,581,581,ST,3.79,2201.99,458.99,EUR,1743.00000,0.79
.1~1283,1283,ZZ,01,14,01/14,/Date(1705190400000)/,3,14,311,2,02,Lower Saxony,North,WOLFSBURG,Germany,38444,80147,12,ZZ-F04,500g Raisin Muesli,Finished Product,F04,500g,Raisin Muesli,569,569,ST,3.79,2156.51,449.51,EUR,1707.00000,0.79
.1~1254,1254,ZZ,01,13,01/13,/Date(1705104000000)/,3,13,307,2,02,Nrth Rhine Westfalia,West,DÜSSELDORF,Germany,40212,80151,12,ZZ-F04,500g Raisin Muesli,Finished Product,F04,500g,Raisin Muesli,517,517,ST,3.79,1959.43,408.43,EUR,1551.00000,0.79
.1~1253,1253,ZZ,01,13,01/13,/Date(1705104000000)/,3,13,307,3,02,Nrth Rhine Westfalia,West,DÜSSELDORF,Germany,40212,80151,12,ZZ-F04,500g Raisin Muesli,Finished Product,F04,500g,Raisin Muesli,619,619,ST,3.79,2346.01,489.01,EUR,1857.00000,0.79
.1~1177,1177,ZZ,01,11,01/11,/Date(1704931200000)/,3,11,289,2,02,Nrth Rhine Westfalia,West,VELBERT,Germany,42551,80161,12,ZZ-F04,500g Raisin Muesli,Finished Product,F04,500g,Raisin Muesli,501,501,ST,3.79,1898.79,395.79,EUR,1503.00000,0.79
.1~1139,1139,ZZ,01,10,01/10,/Date(1704844800000)/,2,10,278,4,02,Brandenburg,North,BRANDENBURG,Germany,14772,80131,12,ZZ-F04,500g Raisin Muesli,Finished Product,F04,500g,Raisin Muesli,503,503,ST,3.79,1906.37,397.37,EUR,1509.00000,0.79
.1~1138,1138,ZZ,01,10,01/10,/Date(1704844800000)/,2,10,277,4,02,Nrth Rhine Westfalia,West,WÜRSELEN,Germany,52146,80162,12,ZZ-F04,500g Raisin Muesli,Finished Product,F04,500g,Raisin Muesli,608,608,ST,3.79,2304.32,480.32,EUR,1824.00000,0.79
.1~1104,1104,ZZ,01,09,01/09,/Date(1704758400000)/,2,9,271,4,02,Bremen,North,BREMEN,Germany,28259,80133,12,ZZ-F04,500g Raisin Muesli,Finished Product,F04,500g,Raisin Muesli,594,594,ST,3.79,2251.26,469.26,EUR,1782.00000,0.79
.1~1103,1103,ZZ,01,09,01/09,/Date(1704758400000)/,2,9,272,3,02,Hamburg,North,HAMBURG,Germany,22765,80135,12,ZZ-F04,500g Raisin Muesli,Finished Product,F04,500g,Raisin Muesli,546,546,ST,3.79,2069.34,431.34,EUR,1638.00000,0.79
.1~1102,1102,ZZ,01,09,01/09,/Date(1704758400000)/,2,9,268,1,02,Nrth Rhine Westfalia,West,DÜSSELDORF,Germany,40212,80151,12,ZZ-F04,500g Raisin Muesli,Finished Product,F04,500g,Raisin Muesli,477,477,ST,3.79,1807.83,376.83,EUR,1431.00000,0.79
.1~1053,1053,ZZ,01,08,01/08,/Date(1704672000000)/,2,8,187,2,02,Bavaria,South,INGOLSTADT,Germany,85046,80121,12,ZZ-F04,500g Raisin Muesli,Finished Product,F04,500g,Raisin Muesli,583,583,ST,3.79,2209.57,460.57,EUR,1749.00000,0.79
.1~1052,1052,ZZ,01,08,01/08,/Date(1704672000000)/,2,8,257,1,02,Bavaria,South,REGENSBURG,Germany,93053,80127,12,ZZ-F04,500g Raisin Muesli,Finished Product,F04,500g,Raisin Muesli,563,563,ST,3.79,2133.77,444.77,EUR,1689.00000,0.79
.1~1051,1051,ZZ,01,08,01/08,/Date(1704672000000)/,2,8,256,2,02,Bavaria,South,INGOLSTADT,Germany,85046,80121,12,ZZ-F04,500g Raisin Muesli,Finished Product,F04,500g,Raisin Muesli,605,605,ST,3.79,2292.95,477.95,EUR,1815.00000,0.79
.1~1050,1050,ZZ,01,08,01/08,/Date(1704672000000)/,2,8,260,4,02,Nrth Rhine Westfalia,West,MÜNSTER,Germany,48159,80158,12,ZZ-F04,500g Raisin Muesli,Finished Product,F04,500g,Raisin Muesli,496,496,ST,3.79,1879.84,391.84,EUR,1488.00000,0.79
.1~1049,1049,ZZ,01,08,01/08,/Date(1704672000000)/,2,8,195,3,02,Berlin,North,BERLIN,Germany,13349,80129,12,ZZ-F04,500g Raisin Muesli,Finished Product,F04,500g,Raisin Muesli,605,605,ST,3.79,2292.95,477.95,EUR,1815.00000,0.79
.1~1048,1048,ZZ,01,08,01/08,/Date(1704672000000)/,2,8,264,3,02,Berlin,North,BERLIN,Germany,13349,80129,12,ZZ-F04,500g Raisin Muesli,Finished Product,F04,500g,Raisin Muesli,556,556,ST,3.79,2107.24,439.24,EUR,1668.00000,0.79
.1~965,965,ZZ,01,07,01/07,/Date(1704585600000)/,2,7,248,1,02,Bavaria,South,MÜNCHEN,Germany,81245,80123,12,ZZ-F04,500g Raisin Muesli,Finished Product,F04,500g,Raisin Muesli,539,539,ST,3.79,2042.81,425.81,EUR,1617.00000,0.79
.1~964,964,ZZ,01,07,01/07,/Date(1704585600000)/,2,7,249,1,02,Bavaria,South,INGOLSTADT,Germany,85055,80120,12,ZZ-F04,500g Raisin Muesli,Finished Product,F04,500g,Raisin Muesli,569,569,ST,3.79,2156.51,449.51,EUR,1707.00000,0.79
.1~963,963,ZZ,01,07,01/07,/Date(1704585600000)/,2,7,248,0,02,Bavaria,South,MÜNCHEN,Germany,81245,80123,12,ZZ-F04,500g Raisin Muesli,Finished Product,F04,500g,Raisin Muesli,491,491,ST,3.79,1860.89,387.89,EUR,1473.00000,0.79
.1~962,962,ZZ,01,07,01/07,/Date(1704585600000)/,2,7,179,1,02,Bavaria,South,MÜNCHEN,Germany,81245,80123,12,ZZ-F04,500g Raisin Muesli,Finished Product,F04,500g,Raisin Muesli,489,489,ST,3.79,1853.31,386.31,EUR,1467.00000,0.79
.1~961,961,ZZ,01,07,01/07,/Date(1704585600000)/,2,7,180,1,02,Bavaria,South,INGOLSTADT,Germany,85055,80120,12,ZZ-F04,500g Raisin Muesli,Finished Product,F04,500g,Raisin Muesli,524,524,ST,3.79,1985.96,413.96,EUR,1572.00000,0.79
.1~903,903,ZZ,01,06,01/06,/Date(1704499200000)/,2,6,175,2,02,Nrth Rhine Westfalia,West,GELSENKIRCHEN,Germany,45879,80154,12,ZZ-F04,500g Raisin Muesli,Finished Product,F04,500g,Raisin Muesli,589,589,ST,3.79,2232.31,465.31,EUR,1767.00000,0.79
.1~902,902,ZZ,01,06,01/06,/Date(1704499200000)/,2,6,172,3,02,Baden-Wurttemberg,South,STUTTGART,Germany,70173,80118,12,ZZ-F04,500g Raisin Muesli,Finished Product,F04,500g,Raisin Muesli,502,502,ST,3.79,1902.58,396.58,EUR,1506.00000,0.79
.1~901,901,ZZ,01,06,01/06,/Date(1704499200000)/,2,6,244,2,02,Nrth Rhine Westfalia,West,GELSENKIRCHEN,Germany,45879,80154,12,ZZ-F04,500g Raisin Muesli,Finished Product,F04,500g,Raisin Muesli,522,522,ST,3.79,1978.38,412.38,EUR,1566.00000,0.79
.1~841,841,ZZ,01,05,01/05,/Date(1704412800000)/,1,5,163,1,02,Bavaria,South,MÜNCHEN,Germany,80939,80124,12,ZZ-F04,500g Raisin Muesli,Finished Product,F04,500g,Raisin Muesli,531,531,ST,3.79,2012.49,419.49,EUR,1593.00000,0.79
.1~840,840,ZZ,01,05,01/05,/Date(1704412800000)/,1,5,232,1,02,Bavaria,South,MÜNCHEN,Germany,80939,80124,12,ZZ-F04,500g Raisin Muesli,Finished Product,F04,500g,Raisin Muesli,531,531,ST,3.79,2012.49,419.49,EUR,1593.00000,0.79
.1~839,839,ZZ,01,05,01/05,/Date(1704412800000)/,1,5,169,4,02,Brandenburg,North,BRANDENBURG,Germany,14772,80131,12,ZZ-F04,500g Raisin Muesli,Finished Product,F04,500g,Raisin Muesli,609,609,ST,3.79,2308.11,481.11,EUR,1827.00000,0.79
.1~838,838,ZZ,01,05,01/05,/Date(1704412800000)/,1,5,238,4,02,Brandenburg,North,BRANDENBURG,Germany,14772,80131,12,ZZ-F04,500g Raisin Muesli,Finished Product,F04,500g,Raisin Muesli,490,490,ST,3.79,1857.10,387.10,EUR,1470.00000,0.79
.1~837,837,ZZ,01,05,01/05,/Date(1704412800000)/,1,5,169,2,02,Brandenburg,North,BRANDENBURG,Germany,14772,80131,12,ZZ-F04,500g Raisin Muesli,Finished Product,F04,500g,Raisin Muesli,576,576,ST,3.79,2183.04,455.04,EUR,1728.00000,0.79
.1~836,836,ZZ,01,05,01/05,/Date(1704412800000)/,1,5,166,1,02,Nrth Rhine Westfalia,West,HÜCKELHOVEN,Germany,41836,80156,12,ZZ-F04,500g Raisin Muesli,Finished Product,F04,500g,Raisin Muesli,580,580,ST,3.79,2198.20,458.20,EUR,1740.00000,0.79
.1~835,835,ZZ,01,05,01/05,/Date(1704412800000)/,1,5,235,1,02,Nrth Rhine Westfalia,West,HÜCKELHOVEN,Germany,41836,80156,12,ZZ-F04,500g Raisin Muesli,Finished Product,F04,500g,Raisin Muesli,576,576,ST,3.79,2183.04,455.04,EUR,1728.00000,0.79
.1~761,761,ZZ,01,04,01/04,/Date(1704326400000)/,1,4,158,4,02,Nrth Rhine Westfalia,West,VELBERT,Germany,42551,80161,12,ZZ-F04,500g Raisin Muesli,Finished Product,F04,500g,Raisin Muesli,630,630,ST,3.79,2387.70,497.70,EUR,1890.00000,0.79
.1~760,760,ZZ,01,04,01/04,/Date(1704326400000)/,1,4,222,2,02,Baden-Wurttemberg,South,MANNHEIM,Germany,68199,80117,12,ZZ-F04,500g Raisin Muesli,Finished Product,F04,500g,Raisin Muesli,575,575,ST,3.79,2179.25,454.25,EUR,1725.00000,0.79
.1~759,759,ZZ,01,04,01/04,/Date(1704326400000)/,1,4,227,4,02,Nrth Rhine Westfalia,West,VELBERT,Germany,42551,80161,12,ZZ-F04,500g Raisin Muesli,Finished Product,F04,500g,Raisin Muesli,506,506,ST,3.79,1917.74,399.74,EUR,1518.00000,0.79
.1~758,758,ZZ,01,04,01/04,/Date(1704326400000)/,1,4,153,2,02,Baden-Wurttemberg,South,MANNHEIM,Germany,68199,80117,12,ZZ-F04,500g Raisin Muesli,Finished Product,F04,500g,Raisin Muesli,614,614,ST,3.79,2327.06,485.06,EUR,1842.00000,0.79
.1~757,757,ZZ,01,04,01/04,/Date(1704326400000)/,1,4,223,4,02,Bavaria,South,MÜNCHEN,Germany,80939,80124,12,ZZ-F04,500g Raisin Muesli,Finished Product,F04,500g,Raisin Muesli,548,548,ST,3.79,2076.92,432.92,EUR,1644.00000,0.79
.1~756,756,ZZ,01,04,01/04,/Date(1704326400000)/,1,4,154,4,02,Bavaria,South,MÜNCHEN,Germany,80939,80124,12,ZZ-F04,500g Raisin Muesli,Finished Product,F04,500g,Raisin Muesli,563,563,ST,3.79,2133.77,444.77,EUR,1689.00000,0.79
.1~689,689,ZZ,01,03,01/03,/Date(1704240000000)/,1,3,144,2,02,Bavaria,South,NÜRNBERG,Germany,90451,80125,12,ZZ-F04,500g Raisin Muesli,Finished Product,F04,500g,Raisin Muesli,513,513,ST,3.79,1944.27,405.27,EUR,1539.00000,0.79
.1~688,688,ZZ,01,03,01/03,/Date(1704240000000)/,1,3,213,2,02,Bavaria,South,NÜRNBERG,Germany,90451,80125,12,ZZ-F04,500g Raisin Muesli,Finished Product,F04,500g,Raisin Muesli,570,570,ST,3.79,2160.30,450.30,EUR,1710.00000,0.79
.1~687,687,ZZ,01,03,01/03,/Date(1704240000000)/,1,3,150,4,02,Lower Saxony,North,NIENBURG,Germany,31582,80143,12,ZZ-F04,500g Raisin Muesli,Finished Product,F04,500g,Raisin Muesli,596,596,ST,3.79,2258.84,470.84,EUR,1788.00000,0.79
.1~686,686,ZZ,01,03,01/03,/Date(1704240000000)/,1,3,149,2,02,Rhineland Palatinate,West,BAD KREUZNACH,Germany,55543,80163,12,ZZ-F04,500g Raisin Muesli,Finished Product,F04,500g,Raisin Muesli,514,514,ST,3.79,1948.06,406.06,EUR,1542.00000,0.79
.1~685,685,ZZ,01,03,01/03,/Date(1704240000000)/,1,3,219,4,02,Lower Saxony,North,NIENBURG,Germany,31582,80143,12,ZZ-F04,500g Raisin Muesli,Finished Product,F04,500g,Raisin Muesli,549,549,ST,3.79,2080.71,433.71,EUR,1647.00000,0.79
.1~684,684,ZZ,01,03,01/03,/Date(1704240000000)/,1,3,219,1,02,Lower Saxony,North,NIENBURG,Germany,31582,80143,12,ZZ-F04,500g Raisin Muesli,Finished Product,F04,500g,Raisin Muesli,610,610,ST,3.79,2311.90,481.90,EUR,1830.00000,0.79
.1~683,683,ZZ,01,03,01/03,/Date(1704240000000)/,1,3,150,1,02,Lower Saxony,North,NIENBURG,Germany,31582,80143,12,ZZ-F04,500g Raisin Muesli,Finished Product,F04,500g,Raisin Muesli,536,536,ST,3.79,2031.44,423.44,EUR,1608.00000,0.79
.1~682,682,ZZ,01,03,01/03,/Date(1704240000000)/,1,3,218,2,02,Rhineland Palatinate,West,BAD KREUZNACH,Germany,55543,80163,12,ZZ-F04,500g Raisin Muesli,Finished Product,F04,500g,Raisin Muesli,589,589,ST,3.79,2232.31,465.31,EUR,1767.00000,0.79
.1~681,681,ZZ,01,03,01/03,/Date(1704240000000)/,1,3,152,4,02,Lower Saxony,North,OLDENBURG,Germany,26121,80145,12,ZZ-F04,500g Raisin Muesli,Finished Product,F04,500g,Raisin Muesli,536,536,ST,3.79,2031.44,423.44,EUR,1608.00000,0.79
.1~613,613,ZZ,01,02,01/02,/Date(1704153600000)/,1,2,208,2,02,Nrth Rhine Westfalia,West,DÜSSELDORF,Germany,40212,80151,12,ZZ-F04,500g Raisin Muesli,Finished Product,F04,500g,Raisin Muesli,550,550,ST,3.79,2084.50,434.50,EUR,1650.00000,0.79
.1~612,612,ZZ,01,02,01/02,/Date(1704153600000)/,1,2,208,3,02,Nrth Rhine Westfalia,West,DÜSSELDORF,Germany,40212,80151,12,ZZ-F04,500g Raisin Muesli,Finished Product,F04,500g,Raisin Muesli,563,563,ST,3.79,2133.77,444.77,EUR,1689.00000,0.79
.1~611,611,ZZ,01,02,01/02,/Date(1704153600000)/,1,2,139,2,02,Nrth Rhine Westfalia,West,DÜSSELDORF,Germany,40212,80151,12,ZZ-F04,500g Raisin Muesli,Finished Product,F04,500g,Raisin Muesli,629,629,ST,3.79,2383.91,496.91,EUR,1887.00000,0.79
.1~610,610,ZZ,01,02,01/02,/Date(1704153600000)/,1,2,139,3,02,Nrth Rhine Westfalia,West,DÜSSELDORF,Germany,40212,80151,12,ZZ-F04,500g Raisin Muesli,Finished Product,F04,500g,Raisin Muesli,539,539,ST,3.79,2042.81,425.81,EUR,1617.00000,0.79
.1~543,543,ZZ,01,01,01/01,/Date(1704067200000)/,1,1,133,2,02,Lower Saxony,North,WOLFSBURG,Germany,38444,80147,12,ZZ-F04,500g Raisin Muesli,Finished Product,F04,500g,Raisin Muesli,533,533,ST,3.79,2020.07,421.07,EUR,1599.00000,0.79
.1~542,542,ZZ,01,01,01/01,/Date(1704067200000)/,1,1,200,1,02,Nrth Rhine Westfalia,West,HERFORD,Germany,32052,80155,12,ZZ-F04,500g Raisin Muesli,Finished Product,F04,500g,Raisin Muesli,507,507,ST,3.79,1921.53,400.53,EUR,1521.00000,0.79
.1~541,541,ZZ,01,01,01/01,/Date(1704067200000)/,1,1,131,1,02,Nrth Rhine Westfalia,West,HERFORD,Germany,32052,80155,12,ZZ-F04,500g Raisin Muesli,Finished Product,F04,500g,Raisin Muesli,493,493,ST,3.79,1868.47,389.47,EUR,1479.00000,0.79
.1~488,488,AA,01,14,01/14,/Date(1705190400000)/,3,14,118,2,02,Lower Saxony,North,NIENBURG,Germany,31582,80143,12,AA-F04,500g Raisin Muesli,Finished Product,F04,500g,Raisin Muesli,579,579,ST,3.79,2194.41,457.41,EUR,1737.00000,0.79
.1~487,487,AA,01,14,01/14,/Date(1705190400000)/,3,14,118,3,02,Lower Saxony,North,NIENBURG,Germany,31582,80143,12,AA-F04,500g Raisin Muesli,Finished Product,F04,500g,Raisin Muesli,562,562,ST,3.79,2129.98,443.98,EUR,1686.00000,0.79
.1~486,486,AA,01,14,01/14,/Date(1705190400000)/,3,14,119,2,02,Berlin,North,BERLIN,Germany,13349,80129,12,AA-F04,500g Raisin Muesli,Finished Product,F04,500g,Raisin Muesli,627,627,ST,3.79,2376.33,495.33,EUR,1881.00000,0.79
.1~485,485,AA,01,14,01/14,/Date(1705190400000)/,3,14,121,3,02,Nrth Rhine Westfalia,West,BRÜHL,Germany,50321,80149,12,AA-F04,500g Raisin Muesli,Finished Product,F04,500g,Raisin Muesli,594,594,ST,3.79,2251.26,469.26,EUR,1782.00000,0.79
.1~484,484,AA,01,14,01/14,/Date(1705190400000)/,3,14,119,4,02,Berlin,North,BERLIN,Germany,13349,80129,12,AA-F04,500g Raisin Muesli,Finished Product,F04,500g,Raisin Muesli,629,629,ST,3.79,2383.91,496.91,EUR,1887.00000,0.79
.1~483,483,AA,01,14,01/14,/Date(1705190400000)/,3,14,122,2,02,Nrth Rhine Westfalia,West,BAD OEYNHAUSEN,Germany,32547,80148,12,AA-F04,500g Raisin Muesli,Finished Product,F04,500g,Raisin Muesli,292,292,ST,3.79,1106.68,230.68,EUR,876.00000,0.79
.1~482,482,AA,01,14,01/14,/Date(1705190400000)/,3,14,116,2,02,Baden-Wurttemberg,South,STUTTGART,Germany,70173,80118,12,AA-F04,500g Raisin Muesli,Finished Product,F04,500g,Raisin Muesli,537,537,ST,3.79,2035.23,424.23,EUR,1611.00000,0.79
.1~481,481,AA,01,14,01/14,/Date(1705190400000)/,3,14,121,2,02,Nrth Rhine Westfalia,West,BRÜHL,Germany,50321,80149,12,AA-F04,500g Raisin Muesli,Finished Product,F04,500g,Raisin Muesli,610,610,ST,3.79,2311.90,481.90,EUR,1830.00000,0.79
.1~480,480,AA,01,14,01/14,/Date(1705190400000)/,3,14,115,2,02,Baden-Wurttemberg,South,ALBSTADT,Germany,72458,80170,12,AA-F04,500g Raisin Muesli,Finished Product,F04,500g,Raisin Muesli,538,538,ST,3.79,2039.02,425.02,EUR,1614.00000,0.79
.1~479,479,AA,01,14,01/14,/Date(1705190400000)/,3,14,121,1,02,Nrth Rhine Westfalia,West,BRÜHL,Germany,50321,80149,12,AA-F04,500g Raisin Muesli,Finished Product,F04,500g,Raisin Muesli,549,549,ST,3.79,2080.71,433.71,EUR,1647.00000,0.79
.1~478,478,AA,01,14,01/14,/Date(1705190400000)/,3,14,119,1,02,Berlin,North,BERLIN,Germany,13349,80129,12,AA-F04,500g Raisin Muesli,Finished Product,F04,500g,Raisin Muesli,505,505,ST,3.79,1913.95,398.95,EUR,1515.00000,0.79
.1~477,477,AA,01,14,01/14,/Date(1705190400000)/,3,14,115,3,02,Baden-Wurttemberg,South,ALBSTADT,Germany,72458,80170,12,AA-F04,500g Raisin Muesli,Finished Product,F04,500g,Raisin Muesli,561,561,ST,3.79,2126.19,443.19,EUR,1683.00000,0.79
.1~451,451,AA,01,13,01/13,/Date(1705104000000)/,3,13,113,1,02,Nrth Rhine Westfalia,West,PADERBORN,Germany,33100,80159,12,AA-F04,500g Raisin Muesli,Finished Product,F04,500g,Raisin Muesli,562,562,ST,3.79,2129.98,443.98,EUR,1686.00000,0.79
.1~450,450,AA,01,13,01/13,/Date(1705104000000)/,3,13,112,4,02,Nrth Rhine Westfalia,West,DORTMUND,Germany,44339,80150,12,AA-F04,500g Raisin Muesli,Finished Product,F04,500g,Raisin Muesli,593,593,ST,3.79,2247.47,468.47,EUR,1779.00000,0.79
.1~449,449,AA,01,13,01/13,/Date(1705104000000)/,3,13,112,3,02,Nrth Rhine Westfalia,West,DORTMUND,Germany,44339,80150,12,AA-F04,500g Raisin Muesli,Finished Product,F04,500g,Raisin Muesli,561,561,ST,3.79,2126.19,443.19,EUR,1683.00000,0.79
.1~409,409,AA,01,12,01/12,/Date(1705017600000)/,3,12,102,2,02,Nrth Rhine Westfalia,West,VELBERT,Germany,42551,80161,12,AA-F04,500g Raisin Muesli,Finished Product,F04,500g,Raisin Muesli,514,514,ST,3.79,1948.06,406.06,EUR,1542.00000,0.79
.1~408,408,AA,01,12,01/12,/Date(1705017600000)/,3,12,102,3,02,Nrth Rhine Westfalia,West,VELBERT,Germany,42551,80161,12,AA-F04,500g Raisin Muesli,Finished Product,F04,500g,Raisin Muesli,582,582,ST,3.79,2205.78,459.78,EUR,1746.00000,0.79
.1~376,376,AA,01,11,01/11,/Date(1704931200000)/,3,11,93,2,02,Nrth Rhine Westfalia,West,MÜNSTER,Germany,48159,80158,12,AA-F04,500g Raisin Muesli,Finished Product,F04,500g,Raisin Muesli,556,556,ST,3.79,2107.24,439.24,EUR,1668.00000,0.79
.1~375,375,AA,01,11,01/11,/Date(1704931200000)/,3,11,93,3,02,Nrth Rhine Westfalia,West,MÜNSTER,Germany,48159,80158,12,AA-F04,500g Raisin Muesli,Finished Product,F04,500g,Raisin Muesli,500,500,ST,3.79,1895.00,395.00,EUR,1500.00000,0.79
.1~374,374,AA,01,11,01/11,/Date(1704931200000)/,3,11,90,1,02,Bavaria,South,INGOLSTADT,Germany,85055,80120,12,AA-F04,500g Raisin Muesli,Finished Product,F04,500g,Raisin Muesli,547,547,ST,3.79,2073.13,432.13,EUR,1641.00000,0.79
.1~373,373,AA,01,11,01/11,/Date(1704931200000)/,3,11,87,4,02,Baden-Wurttemberg,South,KARLSRUHE,Germany,76133,80115,12,AA-F04,500g Raisin Muesli,Finished Product,F04,500g,Raisin Muesli,495,495,ST,3.79,1876.05,391.05,EUR,1485.00000,0.79
.1~372,372,AA,01,11,01/11,/Date(1704931200000)/,3,11,87,3,02,Baden-Wurttemberg,South,KARLSRUHE,Germany,76133,80115,12,AA-F04,500g Raisin Muesli,Finished Product,F04,500g,Raisin Muesli,552,552,ST,3.79,2092.08,436.08,EUR,1656.00000,0.79
.1~371,371,AA,01,11,01/11,/Date(1704931200000)/,3,11,91,4,02,Saxony-Anhalt,North,GÜNTHERSDORF,Germany,06254,80167,12,AA-F04,500g Raisin Muesli,Finished Product,F04,500g,Raisin Muesli,475,475,ST,3.79,1800.25,375.25,EUR,1425.00000,0.79
.1~335,335,AA,01,10,01/10,/Date(1704844800000)/,2,10,80,2,02,Bavaria,South,NÜRNBERG-BUCH,Germany,90427,80126,12,AA-F04,500g Raisin Muesli,Finished Product,F04,500g,Raisin Muesli,565,565,ST,3.79,2141.35,446.35,EUR,1695.00000,0.79
.1~305,305,AA,01,09,01/09,/Date(1704758400000)/,2,9,78,4,02,Nrth Rhine Westfalia,West,WÜRSELEN,Germany,52146,80162,12,AA-F04,500g Raisin Muesli,Finished Product,F04,500g,Raisin Muesli,556,556,ST,3.79,2107.24,439.24,EUR,1668.00000,0.79
.1~304,304,AA,01,09,01/09,/Date(1704758400000)/,2,9,70,1,02,Baden-Wurttemberg,South,STUTTGART,Germany,70173,80118,12,AA-F04,500g Raisin Muesli,Finished Product,F04,500g,Raisin Muesli,498,498,ST,3.79,1887.42,393.42,EUR,1494.00000,0.79
.1~303,303,AA,01,09,01/09,/Date(1704758400000)/,2,9,77,1,02,Nrth Rhine Westfalia,West,KREFELD,Germany,47798,80157,12,AA-F04,500g Raisin Muesli,Finished Product,F04,500g,Raisin Muesli,611,611,ST,3.79,2315.69,482.69,EUR,1833.00000,0.79
.1~302,302,AA,01,09,01/09,/Date(1704758400000)/,2,9,76,4,02,Nrth Rhine Westfalia,West,PADERBORN,Germany,33100,80159,12,AA-F04,500g Raisin Muesli,Finished Product,F04,500g,Raisin Muesli,523,523,ST,3.79,1982.17,413.17,EUR,1569.00000,0.79
.1~268,268,AA,01,08,01/08,/Date(1704672000000)/,2,8,63,4,02,Hessen,South,FULDA,Germany,36037,80137,12,AA-F04,500g Raisin Muesli,Finished Product,F04,500g,Raisin Muesli,601,601,ST,3.79,2277.79,474.79,EUR,1803.00000,0.79
.1~267,267,AA,01,08,01/08,/Date(1704672000000)/,2,8,63,2,02,Hessen,South,FULDA,Germany,36037,80137,12,AA-F04,500g Raisin Muesli,Finished Product,F04,500g,Raisin Muesli,580,580,ST,3.79,2198.20,458.20,EUR,1740.00000,0.79
.1~266,266,AA,01,08,01/08,/Date(1704672000000)/,2,8,61,2,02,Bavaria,South,NÜRNBERG,Germany,90451,80125,12,AA-F04,500g Raisin Muesli,Finished Product,F04,500g,Raisin Muesli,569,569,ST,3.79,2156.51,449.51,EUR,1707.00000,0.79
.1~265,265,AA,01,08,01/08,/Date(1704672000000)/,2,8,68,3,02,Nrth Rhine Westfalia,West,DORTMUND,Germany,44339,80150,12,AA-F04,500g Raisin Muesli,Finished Product,F04,500g,Raisin Muesli,576,576,ST,3.79,2183.04,455.04,EUR,1728.00000,0.79
.1~264,264,AA,01,08,01/08,/Date(1704672000000)/,2,8,68,4,02,Nrth Rhine Westfalia,West,DORTMUND,Germany,44339,80150,12,AA-F04,500g Raisin Muesli,Finished Product,F04,500g,Raisin Muesli,580,580,ST,3.79,2198.20,458.20,EUR,1740.00000,0.79
.1~233,233,AA,01,07,01/07,/Date(1704585600000)/,2,7,58,2,02,Nrth Rhine Westfalia,West,HERFORD,Germany,32052,80155,12,AA-F04,500g Raisin Muesli,Finished Product,F04,500g,Raisin Muesli,537,537,ST,3.79,2035.23,424.23,EUR,1611.00000,0.79
.1~232,232,AA,01,07,01/07,/Date(1704585600000)/,2,7,60,4,02,Nrth Rhine Westfalia,West,DÜSSELDORF,Germany,40213,80152,12,AA-F04,500g Raisin Muesli,Finished Product,F04,500g,Raisin Muesli,598,598,ST,3.79,2266.42,472.42,EUR,1794.00000,0.79
.1~231,231,AA,01,07,01/07,/Date(1704585600000)/,2,7,59,1,02,Nrth Rhine Westfalia,West,HÜCKELHOVEN,Germany,41836,80156,12,AA-F04,500g Raisin Muesli,Finished Product,F04,500g,Raisin Muesli,605,605,ST,3.79,2292.95,477.95,EUR,1815.00000,0.79
.1~196,196,AA,01,06,01/06,/Date(1704499200000)/,2,6,48,3,02,Baden-Wurttemberg,South,KORNTAL,Germany,70825,80116,12,AA-F04,500g Raisin Muesli,Finished Product,F04,500g,Raisin Muesli,621,621,ST,3.79,2353.59,490.59,EUR,1863.00000,0.79
.1~162,162,AA,01,05,01/05,/Date(1704412800000)/,1,5,43,1,02,Nrth Rhine Westfalia,West,HERFORD,Germany,32052,80155,12,AA-F04,500g Raisin Muesli,Finished Product,F04,500g,Raisin Muesli,477,477,ST,3.79,1807.83,376.83,EUR,1431.00000,0.79
.1~161,161,AA,01,05,01/05,/Date(1704412800000)/,1,5,40,4,02,Bavaria,South,WÜRZBURG,Germany,97070,80128,12,AA-F04,500g Raisin Muesli,Finished Product,F04,500g,Raisin Muesli,585,585,ST,3.79,2217.15,462.15,EUR,1755.00000,0.79
.1~160,160,AA,01,05,01/05,/Date(1704412800000)/,1,5,42,4,02,Nrth Rhine Westfalia,West,DÜSSELDORF,Germany,40212,80151,12,AA-F04,500g Raisin Muesli,Finished Product,F04,500g,Raisin Muesli,491,491,ST,3.79,1860.89,387.89,EUR,1473.00000,0.79
.1~159,159,AA,01,05,01/05,/Date(1704412800000)/,1,5,35,2,02,Berlin,North,WALTERSDORF,Germany,12529,80130,12,AA-F04,500g Raisin Muesli,Finished Product,F04,500g,Raisin Muesli,569,569,ST,3.79,2156.51,449.51,EUR,1707.00000,0.79
.1~126,126,AA,01,04,01/04,/Date(1704326400000)/,1,4,27,1,02,Baden-Wurttemberg,South,GUNDELFINGEN,Germany,79194,80114,12,AA-F04,500g Raisin Muesli,Finished Product,F04,500g,Raisin Muesli,621,621,ST,3.79,2353.59,490.59,EUR,1863.00000,0.79
.1~125,125,AA,01,04,01/04,/Date(1704326400000)/,1,4,29,2,02,Saxony,North,CHEMNITZ,Germany,09111,80165,12,AA-F04,500g Raisin Muesli,Finished Product,F04,500g,Raisin Muesli,512,512,ST,3.79,1940.48,404.48,EUR,1536.00000,0.79
.1~124,124,AA,01,04,01/04,/Date(1704326400000)/,1,4,33,9,02,Nrth Rhine Westfalia,West,GELSENKIRCHEN,Germany,45879,80154,12,AA-F04,500g Raisin Muesli,Finished Product,F04,500g,Raisin Muesli,544,544,ST,3.79,2061.76,429.76,EUR,1632.00000,0.79
.1~123,123,AA,01,04,01/04,/Date(1704326400000)/,1,4,27,4,02,Baden-Wurttemberg,South,GUNDELFINGEN,Germany,79194,80114,12,AA-F04,500g Raisin Muesli,Finished Product,F04,500g,Raisin Muesli,534,534,ST,3.79,2023.86,421.86,EUR,1602.00000,0.79
.1~122,122,AA,01,04,01/04,/Date(1704326400000)/,1,4,30,4,02,Bavaria,South,MÜNCHEN,Germany,80939,80124,12,AA-F04,500g Raisin Muesli,Finished Product,F04,500g,Raisin Muesli,565,565,ST,3.79,2141.35,446.35,EUR,1695.00000,0.79
.1~121,121,AA,01,04,01/04,/Date(1704326400000)/,1,4,30,2,02,Bavaria,South,MÜNCHEN,Germany,80939,80124,12,AA-F04,500g Raisin Muesli,Finished Product,F04,500g,Raisin Muesli,614,614,ST,3.79,2327.06,485.06,EUR,1842.00000,0.79
.1~120,120,AA,01,04,01/04,/Date(1704326400000)/,1,4,34,4,02,Nrth Rhine Westfalia,West,MÜNSTER,Germany,48159,80158,12,AA-F04,500g Raisin Muesli,Finished Product,F04,500g,Raisin Muesli,609,609,ST,3.79,2308.11,481.11,EUR,1827.00000,0.79
.1~88,88,AA,01,03,01/03,/Date(1704240000000)/,1,3,18,2,02,Hamburg,North,HAMBURG,Germany,22765,80135,12,AA-F04,500g Raisin Muesli,Finished Product,F04,500g,Raisin Muesli,489,489,ST,3.79,1853.31,386.31,EUR,1467.00000,0.79
.1~54,54,AA,01,02,01/02,/Date(1704153600000)/,1,2,15,3,02,Nrth Rhine Westfalia,West,DORTMUND,Germany,44339,80150,12,AA-F04,500g Raisin Muesli,Finished Product,F04,500g,Raisin Muesli,631,631,ST,3.79,2391.49,498.49,EUR,1893.00000,0.79
.1~53,53,AA,01,02,01/02,/Date(1704153600000)/,1,2,15,4,02,Nrth Rhine Westfalia,West,DORTMUND,Germany,44339,80150,12,AA-F04,500g Raisin Muesli,Finished Product,F04,500g,Raisin Muesli,503,503,ST,3.79,1906.37,397.37,EUR,1509.00000,0.79
.1~52,52,AA,01,02,01/02,/Date(1704153600000)/,1,2,9,4,02,Baden-Wurttemberg,South,KORNTAL,Germany,70825,80116,12,AA-F04,500g Raisin Muesli,Finished Product,F04,500g,Raisin Muesli,603,603,ST,3.79,2285.37,476.37,EUR,1809.00000,0.79
.1~19,19,AA,01,01,01/01,/Date(1704067200000)/,1,1,3,3,02,Hessen,South,FULDA,Germany,36037,80137,12,AA-F04,500g Raisin Muesli,Finished Product,F04,500g,Raisin Muesli,545,545,ST,3.79,2065.55,430.55,EUR,1635.00000,0.79
.1~14,14,AA,01,01,01/01,/Date(1704067200000)/,1,1,1,4,02,Hessen,South,WIESBADEN,Germany,65183,80140,12,AA-F03,500g Strawberry Muesli,Finished Product,F03,500g,Strawberry Muesli,491,491,ST,4.23,2076.93,603.93,EUR,1473.00000,0.71
.1~2093,2093,ZZ,04,08,04/08,/Date(1709856000000)/,14,68,609,1,02,Bavaria,South,MÜNCHEN,Germany,81245,80123,12,ZZ-F03,500g Strawberry Muesli,Finished Product,F03,500g,Strawberry Muesli,309,309,ST,7.00,2163.00,380.07,EUR,1782.93000,0.82
.1~2092,2092,ZZ,04,08,04/08,/Date(1709856000000)/,14,68,610,1,02,Lower Saxony,North,OLDENBURG,Germany,26129,80144,12,ZZ-F03,500g Strawberry Muesli,Finished Product,F03,500g,Strawberry Muesli,15,15,ST,7.00,105.00,18.45,EUR,86.55000,0.82
.1~2088,2088,ZZ,04,07,04/07,/Date(1709769600000)/,14,67,603,1,02,Bavaria,South,MÜNCHEN,Germany,80939,80124,12,ZZ-F03,500g Strawberry Muesli,Finished Product,F03,500g,Strawberry Muesli,335,335,ST,7.00,2345.00,412.05,EUR,1932.95000,0.82
.1~2087,2087,ZZ,04,07,04/07,/Date(1709769600000)/,14,67,604,1,02,Baden-Wurttemberg,South,ESSLINGEN,Germany,73730,80112,12,ZZ-F03,500g Strawberry Muesli,Finished Product,F03,500g,Strawberry Muesli,263,263,ST,7.00,1841.00,323.49,EUR,1517.51000,0.82
.1~2086,2086,ZZ,04,07,04/07,/Date(1709769600000)/,14,67,605,1,02,Hessen,South,FULDA,Germany,36037,80137,12,ZZ-F03,500g Strawberry Muesli,Finished Product,F03,500g,Strawberry Muesli,269,269,ST,7.00,1883.00,330.87,EUR,1552.13000,0.82
.1~2085,2085,ZZ,04,07,04/07,/Date(1709769600000)/,14,67,606,1,02,Lower Saxony,North,OLDENBURG,Germany,26121,80145,12,ZZ-F03,500g Strawberry Muesli,Finished Product,F03,500g,Strawberry Muesli,310,310,ST,7.00,2170.00,381.30,EUR,1788.70000,0.82
.1~2084,2084,ZZ,04,07,04/07,/Date(1709769600000)/,14,67,607,1,02,Schleswig-Holstein,North,KIEL,Germany,24113,80168,12,ZZ-F03,500g Strawberry Muesli,Finished Product,F03,500g,Strawberry Muesli,263,263,ST,7.00,1841.00,323.49,EUR,1517.51000,0.82
.1~2083,2083,ZZ,04,07,04/07,/Date(1709769600000)/,14,67,608,1,02,Nrth Rhine Westfalia,West,WÜRSELEN,Germany,52146,80162,12,ZZ-F03,500g Strawberry Muesli,Finished Product,F03,500g,Strawberry Muesli,340,340,ST,7.00,2380.00,418.20,EUR,1961.80000,0.82
.1~2081,2081,ZZ,04,06,04/06,/Date(1709683200000)/,14,66,598,1,02,Bavaria,South,AUGSBURG,Germany,86156,80119,12,ZZ-F03,500g Strawberry Muesli,Finished Product,F03,500g,Strawberry Muesli,279,279,ST,7.00,1953.00,343.17,EUR,1609.83000,0.82
.1~2080,2080,ZZ,04,06,04/06,/Date(1709683200000)/,14,66,598,2,02,Bavaria,South,AUGSBURG,Germany,86156,80119,12,ZZ-F03,500g Strawberry Muesli,Finished Product,F03,500g,Strawberry Muesli,328,328,ST,7.00,2296.00,403.44,EUR,1892.56000,0.82
.1~2079,2079,ZZ,04,06,04/06,/Date(1709683200000)/,14,66,600,1,02,Saxony,North,CHEMNITZ,Germany,09111,80165,12,ZZ-F03,500g Strawberry Muesli,Finished Product,F03,500g,Strawberry Muesli,302,302,ST,7.00,2114.00,371.46,EUR,1742.54000,0.82
.1~2078,2078,ZZ,04,06,04/06,/Date(1709683200000)/,14,66,601,1,02,Rhineland Palatinate,West,TRIER,Germany,54290,80164,12,ZZ-F03,500g Strawberry Muesli,Finished Product,F03,500g,Strawberry Muesli,276,276,ST,7.00,1932.00,339.48,EUR,1592.52000,0.82
.1~2070,2070,ZZ,04,05,04/05,/Date(1709596800000)/,13,65,597,1,02,Nrth Rhine Westfalia,West,DÜSSELDORF,Germany,40212,80151,12,ZZ-F03,500g Strawberry Muesli,Finished Product,F03,500g,Strawberry Muesli,300,300,ST,7.00,2100.00,369.00,EUR,1731.00000,0.82
.1~2069,2069,ZZ,04,05,04/05,/Date(1709596800000)/,13,65,595,3,02,Nrth Rhine Westfalia,West,MÜNSTER,Germany,48159,80158,12,ZZ-F03,500g Strawberry Muesli,Finished Product,F03,500g,Strawberry Muesli,321,321,ST,7.00,2247.00,394.83,EUR,1852.17000,0.82
.1~2068,2068,ZZ,04,05,04/05,/Date(1709596800000)/,13,65,595,1,02,Nrth Rhine Westfalia,West,MÜNSTER,Germany,48159,80158,12,ZZ-F03,500g Strawberry Muesli,Finished Product,F03,500g,Strawberry Muesli,339,339,ST,7.00,2373.00,416.97,EUR,1956.03000,0.82
.1~2067,2067,ZZ,04,05,04/05,/Date(1709596800000)/,13,65,594,1,02,Bremen,North,BREMEN,Germany,28259,80133,12,ZZ-F03,500g Strawberry Muesli,Finished Product,F03,500g,Strawberry Muesli,281,281,ST,7.00,1967.00,345.63,EUR,1621.37000,0.82
.1~2066,2066,ZZ,04,05,04/05,/Date(1709596800000)/,13,65,593,1,02,Bavaria,South,MÜNCHEN,Germany,80939,80124,12,ZZ-F03,500g Strawberry Muesli,Finished Product,F03,500g,Strawberry Muesli,292,292,ST,7.00,2044.00,359.16,EUR,1684.84000,0.82
.1~2039,2039,ZZ,04,04,04/04,/Date(1709510400000)/,13,64,588,2,02,Lower Saxony,North,WOLFSBURG,Germany,38444,80147,12,ZZ-F03,500g Strawberry Muesli,Finished Product,F03,500g,Strawberry Muesli,260,260,ST,7.00,1820.00,319.80,EUR,1500.20000,0.82
.1~2038,2038,ZZ,04,04,04/04,/Date(1709510400000)/,13,64,588,3,02,Lower Saxony,North,WOLFSBURG,Germany,38444,80147,12,ZZ-F03,500g Strawberry Muesli,Finished Product,F03,500g,Strawberry Muesli,315,315,ST,7.00,2205.00,387.45,EUR,1817.55000,0.82
.1~2037,2037,ZZ,04,04,04/04,/Date(1709510400000)/,13,64,590,4,02,Nrth Rhine Westfalia,West,MÜNSTER,Germany,48159,80158,12,ZZ-F03,500g Strawberry Muesli,Finished Product,F03,500g,Strawberry Muesli,259,259,ST,7.00,1813.00,318.57,EUR,1494.43000,0.82
.1~2036,2036,ZZ,04,04,04/04,/Date(1709510400000)/,13,64,590,3,02,Nrth Rhine Westfalia,West,MÜNSTER,Germany,48159,80158,12,ZZ-F03,500g Strawberry Muesli,Finished Product,F03,500g,Strawberry Muesli,312,312,ST,7.00,2184.00,383.76,EUR,1800.24000,0.82
.1~2035,2035,ZZ,04,04,04/04,/Date(1709510400000)/,13,64,591,2,02,Rhineland Palatinate,West,BAD KREUZNACH,Germany,55543,80163,12,ZZ-F03,500g Strawberry Muesli,Finished Product,F03,500g,Strawberry Muesli,285,285,ST,7.00,1995.00,350.55,EUR,1644.45000,0.82
.1~2034,2034,ZZ,04,04,04/04,/Date(1709510400000)/,13,64,583,3,02,Baden-Wurttemberg,South,GUNDELFINGEN,Germany,79194,80114,12,ZZ-F03,500g Strawberry Muesli,Finished Product,F03,500g,Strawberry Muesli,308,308,ST,7.00,2156.00,378.84,EUR,1777.16000,0.82
.1~2033,2033,ZZ,04,04,04/04,/Date(1709510400000)/,13,64,584,2,02,Bavaria,South,NÜRNBERG,Germany,90451,80125,12,ZZ-F03,500g Strawberry Muesli,Finished Product,F03,500g,Strawberry Muesli,272,272,ST,7.00,1904.00,334.56,EUR,1569.44000,0.82
.1~2032,2032,ZZ,04,04,04/04,/Date(1709510400000)/,13,64,587,3,02,Lower Saxony,North,UELZEN,Germany,29525,80146,12,ZZ-F03,500g Strawberry Muesli,Finished Product,F03,500g,Strawberry Muesli,289,289,ST,7.00,2023.00,355.47,EUR,1667.53000,0.82
.1~2003,2003,ZZ,04,03,04/03,/Date(1709424000000)/,13,63,579,2,02,Schleswig-Holstein,North,NEUMÜNSTER,Germany,24537,80169,12,ZZ-F03,500g Strawberry Muesli,Finished Product,F03,500g,Strawberry Muesli,326,326,ST,7.00,2282.00,400.98,EUR,1881.02000,0.82
.1~2002,2002,ZZ,04,03,04/03,/Date(1709424000000)/,13,63,582,1,02,Nrth Rhine Westfalia,West,BAD OEYNHAUSEN,Germany,32547,80148,12,ZZ-F03,500g Strawberry Muesli,Finished Product,F03,500g,Strawberry Muesli,296,296,ST,7.00,2072.00,364.08,EUR,1707.92000,0.82
.1~2001,2001,ZZ,04,03,04/03,/Date(1709424000000)/,13,63,574,1,02,Bavaria,South,NÜRNBERG,Germany,90451,80125,12,ZZ-F03,500g Strawberry Muesli,Finished Product,F03,500g,Strawberry Muesli,302,302,ST,7.00,2114.00,371.46,EUR,1742.54000,0.82
.1~2000,2000,ZZ,04,03,04/03,/Date(1709424000000)/,13,63,576,1,02,Hessen,South,MAGDEBURG,Germany,39128,80138,12,ZZ-F03,500g Strawberry Muesli,Finished Product,F03,500g,Strawberry Muesli,323,323,ST,7.00,2261.00,397.29,EUR,1863.71000,0.82
.1~1975,1975,ZZ,04,02,04/02,/Date(1709337600000)/,13,62,573,2,02,Nrth Rhine Westfalia,West,KREFELD,Germany,47798,80157,12,ZZ-F03,500g Strawberry Muesli,Finished Product,F03,500g,Strawberry Muesli,304,304,ST,7.00,2128.00,373.92,EUR,1754.08000,0.82
.1~1974,1974,ZZ,04,02,04/02,/Date(1709337600000)/,13,62,566,2,02,Hessen,South,MARBURG,Germany,35037,80139,12,ZZ-F03,500g Strawberry Muesli,Finished Product,F03,500g,Strawberry Muesli,342,342,ST,7.00,2394.00,420.66,EUR,1973.34000,0.82
.1~1949,1949,ZZ,04,01,04/01,/Date(1709251200000)/,13,61,563,1,02,Nrth Rhine Westfalia,West,HERFORD,Germany,32052,80155,12,ZZ-F03,500g Strawberry Muesli,Finished Product,F03,500g,Strawberry Muesli,326,326,ST,7.00,2282.00,400.98,EUR,1881.02000,0.82
.1~1948,1948,ZZ,04,01,04/01,/Date(1709251200000)/,13,61,560,2,02,Hamburg,North,BUXTEHUDE,Germany,21614,80134,12,ZZ-F03,500g Strawberry Muesli,Finished Product,F03,500g,Strawberry Muesli,323,323,ST,7.00,2261.00,397.29,EUR,1863.71000,0.82
.1~1947,1947,ZZ,04,01,04/01,/Date(1709251200000)/,13,61,561,2,02,Lower Saxony,North,NIENBURG,Germany,31582,80143,12,ZZ-F03,500g Strawberry Muesli,Finished Product,F03,500g,Strawberry Muesli,263,263,ST,7.00,1841.00,323.49,EUR,1517.51000,0.82
.1~1925,1925,ZZ,03,20,03/20,/Date(1709164800000)/,12,60,555,3,02,Rhineland Palatinate,West,BAD KREUZNACH,Germany,55543,80163,12,ZZ-F03,500g Strawberry Muesli,Finished Product,F03,500g,Strawberry Muesli,341,341,ST,7.00,2387.00,419.43,EUR,1967.57000,0.82
.1~1924,1924,ZZ,03,20,03/20,/Date(1709164800000)/,12,60,552,3,02,Hamburg,North,HAMBURG,Germany,22765,80135,12,ZZ-F03,500g Strawberry Muesli,Finished Product,F03,500g,Strawberry Muesli,331,331,ST,7.00,2317.00,407.13,EUR,1909.87000,0.82
.1~1923,1923,ZZ,03,20,03/20,/Date(1709164800000)/,12,60,552,4,02,Hamburg,North,HAMBURG,Germany,22765,80135,12,ZZ-F03,500g Strawberry Muesli,Finished Product,F03,500g,Strawberry Muesli,276,276,ST,7.00,1932.00,339.48,EUR,1592.52000,0.82
.1~1922,1922,ZZ,03,20,03/20,/Date(1709164800000)/,12,60,551,3,02,Bavaria,South,WÜRZBURG,Germany,97070,80128,12,ZZ-F03,500g Strawberry Muesli,Finished Product,F03,500g,Strawberry Muesli,307,307,ST,7.00,2149.00,377.61,EUR,1771.39000,0.82
.1~1921,1921,ZZ,03,20,03/20,/Date(1709164800000)/,12,60,551,2,02,Bavaria,South,WÜRZBURG,Germany,97070,80128,12,ZZ-F03,500g Strawberry Muesli,Finished Product,F03,500g,Strawberry Muesli,318,318,ST,7.00,2226.00,391.14,EUR,1834.86000,0.82
.1~1920,1920,ZZ,03,20,03/20,/Date(1709164800000)/,12,60,556,3,02,Nrth Rhine Westfalia,West,BAD OEYNHAUSEN,Germany,32547,80148,12,ZZ-F03,500g Strawberry Muesli,Finished Product,F03,500g,Strawberry Muesli,303,303,ST,7.00,2121.00,372.69,EUR,1748.31000,0.82
.1~1919,1919,ZZ,03,20,03/20,/Date(1709164800000)/,12,60,556,2,02,Nrth Rhine Westfalia,West,BAD OEYNHAUSEN,Germany,32547,80148,12,ZZ-F03,500g Strawberry Muesli,Finished Product,F03,500g,Strawberry Muesli,307,307,ST,7.00,2149.00,377.61,EUR,1771.39000,0.82
.1~1918,1918,ZZ,03,20,03/20,/Date(1709164800000)/,12,60,555,4,02,Rhineland Palatinate,West,BAD KREUZNACH,Germany,55543,80163,12,ZZ-F03,500g Strawberry Muesli,Finished Product,F03,500g,Strawberry Muesli,316,316,ST,7.00,2212.00,388.68,EUR,1823.32000,0.82
.1~1893,1893,ZZ,03,19,03/19,/Date(1709078400000)/,12,59,544,2,02,Berlin,North,BERLIN,Germany,13349,80129,12,ZZ-F03,500g Strawberry Muesli,Finished Product,F03,500g,Strawberry Muesli,303,303,ST,7.00,2121.00,372.69,EUR,1748.31000,0.82
.1~1892,1892,ZZ,03,19,03/19,/Date(1709078400000)/,12,59,545,4,02,Bremen,North,BREMEN,Germany,28259,80133,12,ZZ-F03,500g Strawberry Muesli,Finished Product,F03,500g,Strawberry Muesli,328,328,ST,7.00,2296.00,403.44,EUR,1892.56000,0.82
.1~1891,1891,ZZ,03,19,03/19,/Date(1709078400000)/,12,59,546,2,02,Nrth Rhine Westfalia,West,DÜSSELDORF,Germany,40212,80151,12,ZZ-F03,500g Strawberry Muesli,Finished Product,F03,500g,Strawberry Muesli,331,331,ST,7.00,2317.00,407.13,EUR,1909.87000,0.82
.1~1890,1890,ZZ,03,19,03/19,/Date(1709078400000)/,12,59,547,2,02,Nrth Rhine Westfalia,West,PADERBORN,Germany,33100,80159,12,ZZ-F03,500g Strawberry Muesli,Finished Product,F03,500g,Strawberry Muesli,294,294,ST,7.00,2058.00,361.62,EUR,1696.38000,0.82
.1~1889,1889,ZZ,03,19,03/19,/Date(1709078400000)/,12,59,542,2,02,Baden-Wurttemberg,South,KARLSRUHE,Germany,76133,80115,12,ZZ-F03,500g Strawberry Muesli,Finished Product,F03,500g,Strawberry Muesli,264,264,ST,7.00,1848.00,324.72,EUR,1523.28000,0.82
.1~1888,1888,ZZ,03,19,03/19,/Date(1709078400000)/,12,59,548,1,02,Rhineland Palatinate,West,TRIER,Germany,54290,80164,12,ZZ-F03,500g Strawberry Muesli,Finished Product,F03,500g,Strawberry Muesli,277,277,ST,7.00,1939.00,340.71,EUR,1598.29000,0.82
.1~1887,1887,ZZ,03,19,03/19,/Date(1709078400000)/,12,59,542,1,02,Baden-Wurttemberg,South,KARLSRUHE,Germany,76133,80115,12,ZZ-F03,500g Strawberry Muesli,Finished Product,F03,500g,Strawberry Muesli,313,313,ST,7.00,2191.00,384.99,EUR,1806.01000,0.82
.1~1886,1886,ZZ,03,19,03/19,/Date(1709078400000)/,12,59,541,1,02,Hessen,South,WIESBADEN,Germany,65183,80140,12,ZZ-F03,500g Strawberry Muesli,Finished Product,F03,500g,Strawberry Muesli,316,316,ST,7.00,2212.00,388.68,EUR,1823.32000,0.82
.1~1864,1864,ZZ,03,18,03/18,/Date(1708992000000)/,12,58,535,2,02,Saxony,North,ZWICKAU,Germany,08058,80166,12,ZZ-F03,500g Strawberry Muesli,Finished Product,F03,500g,Strawberry Muesli,290,290,ST,7.00,2030.00,356.70,EUR,1673.30000,0.82
.1~1863,1863,ZZ,03,18,03/18,/Date(1708992000000)/,12,58,536,4,02,Saxony-Anhalt,North,GÜNTHERSDORF,Germany,06254,80167,12,ZZ-F03,500g Strawberry Muesli,Finished Product,F03,500g,Strawberry Muesli,316,316,ST,7.00,2212.00,388.68,EUR,1823.32000,0.82
.1~1862,1862,ZZ,03,18,03/18,/Date(1708992000000)/,12,58,537,1,02,Nrth Rhine Westfalia,West,BRÜHL,Germany,50321,80149,12,ZZ-F03,500g Strawberry Muesli,Finished Product,F03,500g,Strawberry Muesli,269,269,ST,7.00,1883.00,330.87,EUR,1552.13000,0.82
.1~1861,1861,ZZ,03,18,03/18,/Date(1708992000000)/,12,58,533,3,02,Hessen,South,FRANKFURT/MAIN,Germany,60386,80136,12,ZZ-F03,500g Strawberry Muesli,Finished Product,F03,500g,Strawberry Muesli,257,257,ST,7.00,1799.00,316.11,EUR,1482.89000,0.82
.1~1860,1860,ZZ,03,18,03/18,/Date(1708992000000)/,12,58,539,3,02,Nrth Rhine Westfalia,West,DÜSSELDORF,Germany,40213,80152,12,ZZ-F03,500g Strawberry Muesli,Finished Product,F03,500g,Strawberry Muesli,339,339,ST,7.00,2373.00,416.97,EUR,1956.03000,0.82
.1~1859,1859,ZZ,03,18,03/18,/Date(1708992000000)/,12,58,539,2,02,Nrth Rhine Westfalia,West,DÜSSELDORF,Germany,40213,80152,12,ZZ-F03,500g Strawberry Muesli,Finished Product,F03,500g,Strawberry Muesli,324,324,ST,7.00,2268.00,398.52,EUR,1869.48000,0.82
.1~1835,1835,ZZ,03,17,03/17,/Date(1708905600000)/,12,57,527,4,02,Lower Saxony,North,GÖTTINGEN,Germany,37073,80142,12,ZZ-F03,500g Strawberry Muesli,Finished Product,F03,500g,Strawberry Muesli,296,296,ST,7.00,2072.00,364.08,EUR,1707.92000,0.82
.1~1834,1834,ZZ,03,17,03/17,/Date(1708905600000)/,12,57,528,2,02,Nrth Rhine Westfalia,West,VELBERT,Germany,42551,80161,12,ZZ-F03,500g Strawberry Muesli,Finished Product,F03,500g,Strawberry Muesli,332,332,ST,7.00,2324.00,408.36,EUR,1915.64000,0.82
.1~1833,1833,ZZ,03,17,03/17,/Date(1708905600000)/,12,57,525,1,02,Mecklenburg-Vorpomm.,North,ROSTOCK,Germany,18184,80141,12,ZZ-F03,500g Strawberry Muesli,Finished Product,F03,500g,Strawberry Muesli,340,340,ST,7.00,2380.00,418.20,EUR,1961.80000,0.82
.1~1832,1832,ZZ,03,17,03/17,/Date(1708905600000)/,12,57,529,2,02,Nrth Rhine Westfalia,West,DÜSSELDORF,Germany,40213,80152,12,ZZ-F03,500g Strawberry Muesli,Finished Product,F03,500g,Strawberry Muesli,322,322,ST,7.00,2254.00,396.06,EUR,1857.94000,0.82
.1~1831,1831,ZZ,03,17,03/17,/Date(1708905600000)/,12,57,522,1,02,Bavaria,South,INGOLSTADT,Germany,85055,80120,12,ZZ-F03,500g Strawberry Muesli,Finished Product,F03,500g,Strawberry Muesli,282,282,ST,7.00,1974.00,346.86,EUR,1627.14000,0.82
.1~1830,1830,ZZ,03,17,03/17,/Date(1708905600000)/,12,57,524,3,02,Baden-Wurttemberg,South,STUTTGART,Germany,70173,80118,12,ZZ-F03,500g Strawberry Muesli,Finished Product,F03,500g,Strawberry Muesli,302,302,ST,7.00,2114.00,371.46,EUR,1742.54000,0.82
.1~1829,1829,ZZ,03,17,03/17,/Date(1708905600000)/,12,57,522,4,02,Bavaria,South,INGOLSTADT,Germany,85055,80120,12,ZZ-F03,500g Strawberry Muesli,Finished Product,F03,500g,Strawberry Muesli,304,304,ST,7.00,2128.00,373.92,EUR,1754.08000,0.82
.1~1802,1802,ZZ,03,16,03/16,/Date(1708819200000)/,12,56,516,1,02,Berlin,North,BERLIN,Germany,13349,80129,12,ZZ-F03,500g Strawberry Muesli,Finished Product,F03,500g,Strawberry Muesli,273,273,ST,7.00,1911.00,335.79,EUR,1575.21000,0.82
.1~1801,1801,ZZ,03,16,03/16,/Date(1708819200000)/,12,56,515,1,02,Baden-Wurttemberg,South,ALBSTADT,Germany,72458,80170,12,ZZ-F03,500g Strawberry Muesli,Finished Product,F03,500g,Strawberry Muesli,298,298,ST,7.00,2086.00,366.54,EUR,1719.46000,0.82
.1~1800,1800,ZZ,03,16,03/16,/Date(1708819200000)/,12,56,519,3,02,Nrth Rhine Westfalia,West,WÜRSELEN,Germany,52146,80162,12,ZZ-F03,500g Strawberry Muesli,Finished Product,F03,500g,Strawberry Muesli,266,266,ST,7.00,1862.00,327.18,EUR,1534.82000,0.82
.1~1799,1799,ZZ,03,16,03/16,/Date(1708819200000)/,12,56,514,3,02,Bavaria,South,REGENSBURG,Germany,93053,80127,12,ZZ-F03,500g Strawberry Muesli,Finished Product,F03,500g,Strawberry Muesli,321,321,ST,7.00,2247.00,394.83,EUR,1852.17000,0.82
.1~1772,1772,ZZ,03,15,03/15,/Date(1708732800000)/,11,55,504,1,02,Baden-Wurttemberg,South,ESSLINGEN,Germany,73730,80112,12,ZZ-F03,500g Strawberry Muesli,Finished Product,F03,500g,Strawberry Muesli,327,327,ST,7.00,2289.00,402.21,EUR,1886.79000,0.82
.1~1771,1771,ZZ,03,15,03/15,/Date(1708732800000)/,11,55,506,4,02,Baden-Wurttemberg,South,KORNTAL,Germany,70825,80116,12,ZZ-F03,500g Strawberry Muesli,Finished Product,F03,500g,Strawberry Muesli,261,261,ST,7.00,1827.00,321.03,EUR,1505.97000,0.82
.1~1770,1770,ZZ,03,15,03/15,/Date(1708732800000)/,11,55,507,1,02,Schleswig-Holstein,North,KIEL,Germany,24113,80168,12,ZZ-F03,500g Strawberry Muesli,Finished Product,F03,500g,Strawberry Muesli,277,277,ST,7.00,1939.00,340.71,EUR,1598.29000,0.82
.1~1769,1769,ZZ,03,15,03/15,/Date(1708732800000)/,11,55,508,1,02,Lower Saxony,North,OLDENBURG,Germany,26129,80144,12,ZZ-F03,500g Strawberry Muesli,Finished Product,F03,500g,Strawberry Muesli,332,332,ST,7.00,2324.00,408.36,EUR,1915.64000,0.82
.1~1744,1744,ZZ,03,14,03/14,/Date(1708646400000)/,11,54,499,2,02,Lower Saxony,North,OLDENBURG,Germany,26121,80145,12,ZZ-F03,500g Strawberry Muesli,Finished Product,F03,500g,Strawberry Muesli,300,300,ST,7.00,2100.00,369.00,EUR,1731.00000,0.82
.1~1743,1743,ZZ,03,14,03/14,/Date(1708646400000)/,11,54,502,1,02,Nrth Rhine Westfalia,West,DÜSSELDORF,Germany,40212,80151,12,ZZ-F03,500g Strawberry Muesli,Finished Product,F03,500g,Strawberry Muesli,266,266,ST,7.00,1862.00,327.18,EUR,1534.82000,0.82
.1~1742,1742,ZZ,03,14,03/14,/Date(1708646400000)/,11,54,503,2,02,Rhineland Palatinate,West,TRIER,Germany,54290,80164,12,ZZ-F03,500g Strawberry Muesli,Finished Product,F03,500g,Strawberry Muesli,323,323,ST,7.00,2261.00,397.29,EUR,1863.71000,0.82
.1~1741,1741,ZZ,03,14,03/14,/Date(1708646400000)/,11,54,495,3,02,Bavaria,South,INGOLSTADT,Germany,85046,80121,12,ZZ-F03,500g Strawberry Muesli,Finished Product,F03,500g,Strawberry Muesli,298,298,ST,7.00,2086.00,366.54,EUR,1719.46000,0.82
.1~1740,1740,ZZ,03,14,03/14,/Date(1708646400000)/,11,54,497,1,02,Baden-Wurttemberg,South,GUNDELFINGEN,Germany,79194,80114,12,ZZ-F03,500g Strawberry Muesli,Finished Product,F03,500g,Strawberry Muesli,291,291,ST,7.00,2037.00,357.93,EUR,1679.07000,0.82
.1~1739,1739,ZZ,03,14,03/14,/Date(1708646400000)/,11,54,498,4,02,Saxony,North,CHEMNITZ,Germany,09111,80165,12,ZZ-F03,500g Strawberry Muesli,Finished Product,F03,500g,Strawberry Muesli,278,278,ST,7.00,1946.00,341.94,EUR,1604.06000,0.82
.1~1716,1716,ZZ,03,13,03/13,/Date(1708560000000)/,11,53,493,2,02,Nrth Rhine Westfalia,West,MÜNSTER,Germany,48159,80158,12,ZZ-F03,500g Strawberry Muesli,Finished Product,F03,500g,Strawberry Muesli,307,307,ST,7.00,2149.00,377.61,EUR,1771.39000,0.82
.1~1715,1715,ZZ,03,13,03/13,/Date(1708560000000)/,11,53,493,0,02,Nrth Rhine Westfalia,West,MÜNSTER,Germany,48159,80158,12,ZZ-F03,500g Strawberry Muesli,Finished Product,F03,500g,Strawberry Muesli,283,283,ST,7.00,1981.00,348.09,EUR,1632.91000,0.82
.1~1714,1714,ZZ,03,13,03/13,/Date(1708560000000)/,11,53,493,4,02,Nrth Rhine Westfalia,West,MÜNSTER,Germany,48159,80158,12,ZZ-F03,500g Strawberry Muesli,Finished Product,F03,500g,Strawberry Muesli,258,258,ST,7.00,1806.00,317.34,EUR,1488.66000,0.82
.1~1713,1713,ZZ,03,13,03/13,/Date(1708560000000)/,11,53,493,3,02,Nrth Rhine Westfalia,West,MÜNSTER,Germany,48159,80158,12,ZZ-F03,500g Strawberry Muesli,Finished Product,F03,500g,Strawberry Muesli,283,283,ST,7.00,1981.00,348.09,EUR,1632.91000,0.82
.1~1712,1712,ZZ,03,13,03/13,/Date(1708560000000)/,11,53,488,1,02,Bavaria,South,MÜNCHEN,Germany,81245,80123,12,ZZ-F03,500g Strawberry Muesli,Finished Product,F03,500g,Strawberry Muesli,315,315,ST,7.00,2205.00,387.45,EUR,1817.55000,0.82
.1~1711,1711,ZZ,03,13,03/13,/Date(1708560000000)/,11,53,488,1,02,Bavaria,South,MÜNCHEN,Germany,81245,80123,12,ZZ-F03,500g Strawberry Muesli,Finished Product,F03,500g,Strawberry Muesli,262,262,ST,7.00,1834.00,322.26,EUR,1511.74000,0.82
.1~1685,1685,ZZ,03,12,03/12,/Date(1708473600000)/,11,52,483,1,02,Bremen,North,BREMEN,Germany,28259,80133,12,ZZ-F03,500g Strawberry Muesli,Finished Product,F03,500g,Strawberry Muesli,319,319,ST,7.00,2233.00,392.37,EUR,1840.63000,0.82
.1~1684,1684,ZZ,03,12,03/12,/Date(1708473600000)/,11,52,480,2,02,Hessen,South,FULDA,Germany,36037,80137,12,ZZ-F03,500g Strawberry Muesli,Finished Product,F03,500g,Strawberry Muesli,280,280,ST,7.00,1960.00,344.40,EUR,1615.60000,0.82
.1~1683,1683,ZZ,03,12,03/12,/Date(1708473600000)/,11,52,484,3,02,Schleswig-Holstein,North,KIEL,Germany,24113,80168,12,ZZ-F03,500g Strawberry Muesli,Finished Product,F03,500g,Strawberry Muesli,262,262,ST,7.00,1834.00,322.26,EUR,1511.74000,0.82
.1~1682,1682,ZZ,03,12,03/12,/Date(1708473600000)/,11,52,479,2,02,Baden-Wurttemberg,South,ESSLINGEN,Germany,73730,80112,12,ZZ-F03,500g Strawberry Muesli,Finished Product,F03,500g,Strawberry Muesli,258,258,ST,7.00,1806.00,317.34,EUR,1488.66000,0.82
.1~1681,1681,ZZ,03,12,03/12,/Date(1708473600000)/,11,52,482,3,02,Lower Saxony,North,WOLFSBURG,Germany,38444,80147,12,ZZ-F03,500g Strawberry Muesli,Finished Product,F03,500g,Strawberry Muesli,269,269,ST,7.00,1883.00,330.87,EUR,1552.13000,0.82
.1~1680,1680,ZZ,03,12,03/12,/Date(1708473600000)/,11,52,482,2,02,Lower Saxony,North,WOLFSBURG,Germany,38444,80147,12,ZZ-F03,500g Strawberry Muesli,Finished Product,F03,500g,Strawberry Muesli,340,340,ST,7.00,2380.00,418.20,EUR,1961.80000,0.82
.1~1679,1679,ZZ,03,12,03/12,/Date(1708473600000)/,11,52,486,1,02,Nrth Rhine Westfalia,West,BAD OEYNHAUSEN,Germany,32547,80148,12,ZZ-F03,500g Strawberry Muesli,Finished Product,F03,500g,Strawberry Muesli,272,272,ST,7.00,1904.00,334.56,EUR,1569.44000,0.82
.1~1657,1657,ZZ,03,11,03/11,/Date(1708387200000)/,11,51,474,3,02,Brandenburg,North,COTTBUS,Germany,03046,80132,12,ZZ-F03,500g Strawberry Muesli,Finished Product,F03,500g,Strawberry Muesli,287,287,ST,7.00,2009.00,353.01,EUR,1655.99000,0.82
.1~1656,1656,ZZ,03,11,03/11,/Date(1708387200000)/,11,51,472,1,02,Bavaria,South,MÜNCHEN,Germany,80939,80124,12,ZZ-F03,500g Strawberry Muesli,Finished Product,F03,500g,Strawberry Muesli,309,309,ST,7.00,2163.00,380.07,EUR,1782.93000,0.82
.1~1655,1655,ZZ,03,11,03/11,/Date(1708387200000)/,11,51,475,3,02,Lower Saxony,North,UELZEN,Germany,29525,80146,12,ZZ-F03,500g Strawberry Muesli,Finished Product,F03,500g,Strawberry Muesli,288,288,ST,7.00,2016.00,354.24,EUR,1661.76000,0.82
.1~1654,1654,ZZ,03,11,03/11,/Date(1708387200000)/,11,51,477,2,02,Nrth Rhine Westfalia,West,KREFELD,Germany,47798,80157,12,ZZ-F03,500g Strawberry Muesli,Finished Product,F03,500g,Strawberry Muesli,325,325,ST,7.00,2275.00,399.75,EUR,1875.25000,0.82
.1~1653,1653,ZZ,03,11,03/11,/Date(1708387200000)/,11,51,473,2,02,Schleswig-Holstein,North,NEUMÜNSTER,Germany,24537,80169,12,ZZ-F03,500g Strawberry Muesli,Finished Product,F03,500g,Strawberry Muesli,297,297,ST,7.00,2079.00,365.31,EUR,1713.69000,0.82
.1~1652,1652,ZZ,03,11,03/11,/Date(1708387200000)/,11,51,476,2,02,Nrth Rhine Westfalia,West,HÜCKELHOVEN,Germany,41836,80156,12,ZZ-F03,500g Strawberry Muesli,Finished Product,F03,500g,Strawberry Muesli,285,285,ST,7.00,1995.00,350.55,EUR,1644.45000,0.82
.1~1649,1649,ZZ,03,10,03/10,/Date(1708300800000)/,10,50,465,2,02,Bavaria,South,AUGSBURG,Germany,86156,80119,12,ZZ-F03,500g Strawberry Muesli,Finished Product,F03,500g,Strawberry Muesli,298,298,ST,7.00,2086.00,366.54,EUR,1719.46000,0.82
.1~1648,1648,ZZ,03,10,03/10,/Date(1708300800000)/,10,50,467,1,02,Nrth Rhine Westfalia,West,VELBERT,Germany,42551,80161,12,ZZ-F03,500g Strawberry Muesli,Finished Product,F03,500g,Strawberry Muesli,309,309,ST,7.00,2163.00,380.07,EUR,1782.93000,0.82
.1~1640,1640,ZZ,03,09,03/09,/Date(1708214400000)/,10,49,461,2,02,Nrth Rhine Westfalia,West,BAD OEYNHAUSEN,Germany,32547,80148,12,ZZ-F03,500g Strawberry Muesli,Finished Product,F03,500g,Strawberry Muesli,281,281,ST,7.00,1967.00,345.63,EUR,1621.37000,0.82
.1~1639,1639,ZZ,03,09,03/09,/Date(1708214400000)/,10,49,460,3,02,Rhineland Palatinate,West,BAD KREUZNACH,Germany,55543,80163,12,ZZ-F03,500g Strawberry Muesli,Finished Product,F03,500g,Strawberry Muesli,285,285,ST,7.00,1995.00,350.55,EUR,1644.45000,0.82
.1~1638,1638,ZZ,03,09,03/09,/Date(1708214400000)/,10,49,460,2,02,Rhineland Palatinate,West,BAD KREUZNACH,Germany,55543,80163,12,ZZ-F03,500g Strawberry Muesli,Finished Product,F03,500g,Strawberry Muesli,283,283,ST,7.00,1981.00,348.09,EUR,1632.91000,0.82
.1~1624,1624,ZZ,03,08,03/08,/Date(1708128000000)/,10,48,454,1,02,Rhineland Palatinate,West,TRIER,Germany,54290,80164,12,ZZ-F03,500g Strawberry Muesli,Finished Product,F03,500g,Strawberry Muesli,319,319,ST,7.00,2233.00,392.37,EUR,1840.63000,0.82
.1~1607,1607,ZZ,03,07,03/07,/Date(1708041600000)/,10,47,442,1,02,Bavaria,South,NÜRNBERG,Germany,90451,80125,12,ZZ-F03,500g Strawberry Muesli,Finished Product,F03,500g,Strawberry Muesli,265,265,ST,7.00,1855.00,325.95,EUR,1529.05000,0.82
.1~1606,1606,ZZ,03,07,03/07,/Date(1708041600000)/,10,47,446,2,02,Nrth Rhine Westfalia,West,DÜSSELDORF,Germany,40213,80152,12,ZZ-F03,500g Strawberry Muesli,Finished Product,F03,500g,Strawberry Muesli,263,263,ST,7.00,1841.00,323.49,EUR,1517.51000,0.82
.1~1605,1605,ZZ,03,07,03/07,/Date(1708041600000)/,10,47,443,2,02,Bremen,North,BREMEN,Germany,28259,80133,12,ZZ-F03,500g Strawberry Muesli,Finished Product,F03,500g,Strawberry Muesli,325,325,ST,7.00,2275.00,399.75,EUR,1875.25000,0.82
.1~1604,1604,ZZ,03,07,03/07,/Date(1708041600000)/,10,47,446,1,02,Nrth Rhine Westfalia,West,DÜSSELDORF,Germany,40213,80152,12,ZZ-F03,500g Strawberry Muesli,Finished Product,F03,500g,Strawberry Muesli,301,301,ST,7.00,2107.00,370.23,EUR,1736.77000,0.82
.1~1603,1603,ZZ,03,07,03/07,/Date(1708041600000)/,10,47,444,2,02,Hamburg,North,HAMBURG,Germany,22765,80135,12,ZZ-F03,500g Strawberry Muesli,Finished Product,F03,500g,Strawberry Muesli,295,295,ST,7.00,2065.00,362.85,EUR,1702.15000,0.82
.1~1600,1600,ZZ,03,06,03/06,/Date(1707955200000)/,10,46,441,1,02,Nrth Rhine Westfalia,West,BRÜHL,Germany,50321,80149,12,ZZ-F03,500g Strawberry Muesli,Finished Product,F03,500g,Strawberry Muesli,341,341,ST,7.00,2387.00,419.43,EUR,1967.57000,0.82
.1~1505,1505,ZZ,02,01,02/01,/Date(1705795200000)/,5,21,368,1,02,Baden-Wurttemberg,South,ESSLINGEN,Germany,73730,80112,12,ZZ-F03,500g Strawberry Muesli,Finished Product,F03,500g,Strawberry Muesli,67,67,ST,7.00,469.00,82.41,EUR,386.59000,0.82
.1~1495,1495,ZZ,01,20,01/20,/Date(1705708800000)/,4,20,359,1,02,Bavaria,South,AUGSBURG,Germany,86156,80119,12,ZZ-F03,500g Strawberry Muesli,Finished Product,F03,500g,Strawberry Muesli,551,551,ST,4.23,2330.73,677.73,EUR,1653.00000,0.71
.1~1463,1463,ZZ,01,19,01/19,/Date(1705622400000)/,4,19,356,9,02,Nrth Rhine Westfalia,West,MÜNSTER,Germany,48159,80158,12,ZZ-F03,500g Strawberry Muesli,Finished Product,F03,500g,Strawberry Muesli,504,504,ST,4.23,2131.92,619.92,EUR,1512.00000,0.71
.1~1462,1462,ZZ,01,19,01/19,/Date(1705622400000)/,4,19,356,4,02,Nrth Rhine Westfalia,West,MÜNSTER,Germany,48159,80158,12,ZZ-F03,500g Strawberry Muesli,Finished Product,F03,500g,Strawberry Muesli,437,437,ST,4.23,1848.51,537.51,EUR,1311.00000,0.71
.1~1461,1461,ZZ,01,19,01/19,/Date(1705622400000)/,4,19,356,3,02,Nrth Rhine Westfalia,West,MÜNSTER,Germany,48159,80158,12,ZZ-F03,500g Strawberry Muesli,Finished Product,F03,500g,Strawberry Muesli,520,520,ST,4.23,2199.60,639.60,EUR,1560.00000,0.71
.1~1460,1460,ZZ,01,19,01/19,/Date(1705622400000)/,4,19,357,4,02,Lower Saxony,North,GÖTTINGEN,Germany,37073,80142,12,ZZ-F03,500g Strawberry Muesli,Finished Product,F03,500g,Strawberry Muesli,474,474,ST,4.23,2005.02,583.02,EUR,1422.00000,0.71
.1~1459,1459,ZZ,01,19,01/19,/Date(1705622400000)/,4,19,358,3,02,Rhineland Palatinate,West,BAD KREUZNACH,Germany,55543,80163,12,ZZ-F03,500g Strawberry Muesli,Finished Product,F03,500g,Strawberry Muesli,547,547,ST,4.23,2313.81,672.81,EUR,1641.00000,0.71
.1~1458,1458,ZZ,01,19,01/19,/Date(1705622400000)/,4,19,358,1,02,Rhineland Palatinate,West,BAD KREUZNACH,Germany,55543,80163,12,ZZ-F03,500g Strawberry Muesli,Finished Product,F03,500g,Strawberry Muesli,478,478,ST,4.23,2021.94,587.94,EUR,1434.00000,0.71
.1~1425,1425,ZZ,01,18,01/18,/Date(1705536000000)/,4,18,350,1,02,Nrth Rhine Westfalia,West,BAD OEYNHAUSEN,Germany,32547,80148,12,ZZ-F03,500g Strawberry Muesli,Finished Product,F03,500g,Strawberry Muesli,546,546,ST,4.23,2309.58,671.58,EUR,1638.00000,0.71
.1~1424,1424,ZZ,01,18,01/18,/Date(1705536000000)/,4,18,343,3,02,Baden-Wurttemberg,South,GUNDELFINGEN,Germany,79194,80114,12,ZZ-F03,500g Strawberry Muesli,Finished Product,F03,500g,Strawberry Muesli,459,459,ST,4.23,1941.57,564.57,EUR,1377.00000,0.71
.1~1423,1423,ZZ,01,18,01/18,/Date(1705536000000)/,4,18,346,1,02,Berlin,North,BERLIN,Germany,13349,80129,12,ZZ-F03,500g Strawberry Muesli,Finished Product,F03,500g,Strawberry Muesli,449,449,ST,4.23,1899.27,552.27,EUR,1347.00000,0.71
.1~1392,1392,ZZ,01,17,01/17,/Date(1705449600000)/,4,17,341,3,02,Nrth Rhine Westfalia,West,KREFELD,Germany,47798,80157,12,ZZ-F03,500g Strawberry Muesli,Finished Product,F03,500g,Strawberry Muesli,520,520,ST,4.23,2199.60,639.60,EUR,1560.00000,0.71
.1~1391,1391,ZZ,01,17,01/17,/Date(1705449600000)/,4,17,338,1,02,Lower Saxony,North,OLDENBURG,Germany,26129,80144,12,ZZ-F03,500g Strawberry Muesli,Finished Product,F03,500g,Strawberry Muesli,505,505,ST,4.23,2136.15,621.15,EUR,1515.00000,0.71
.1~1390,1390,ZZ,01,17,01/17,/Date(1705449600000)/,4,17,339,3,02,Nrth Rhine Westfalia,West,HÜCKELHOVEN,Germany,41836,80156,12,ZZ-F03,500g Strawberry Muesli,Finished Product,F03,500g,Strawberry Muesli,563,563,ST,4.23,2381.49,692.49,EUR,1689.00000,0.71
.1~1356,1356,ZZ,01,16,01/16,/Date(1705363200000)/,4,16,330,1,02,Nrth Rhine Westfalia,West,VELBERT,Germany,42551,80161,12,ZZ-F03,500g Strawberry Muesli,Finished Product,F03,500g,Strawberry Muesli,452,452,ST,4.23,1911.96,555.96,EUR,1356.00000,0.71
.1~1355,1355,ZZ,01,16,01/16,/Date(1705363200000)/,4,16,329,1,02,Lower Saxony,North,OLDENBURG,Germany,26121,80145,12,ZZ-F03,500g Strawberry Muesli,Finished Product,F03,500g,Strawberry Muesli,489,489,ST,4.23,2068.47,601.47,EUR,1467.00000,0.71
.1~1354,1354,ZZ,01,16,01/16,/Date(1705363200000)/,4,16,329,4,02,Lower Saxony,North,OLDENBURG,Germany,26121,80145,12,ZZ-F03,500g Strawberry Muesli,Finished Product,F03,500g,Strawberry Muesli,508,508,ST,4.23,2148.84,624.84,EUR,1524.00000,0.71
.1~1353,1353,ZZ,01,16,01/16,/Date(1705363200000)/,4,16,329,3,02,Lower Saxony,North,OLDENBURG,Germany,26121,80145,12,ZZ-F03,500g Strawberry Muesli,Finished Product,F03,500g,Strawberry Muesli,471,471,ST,4.23,1992.33,579.33,EUR,1413.00000,0.71
.1~1352,1352,ZZ,01,16,01/16,/Date(1705363200000)/,4,16,326,3,02,Hessen,South,MARBURG,Germany,35037,80139,12,ZZ-F03,500g Strawberry Muesli,Finished Product,F03,500g,Strawberry Muesli,432,432,ST,4.23,1827.36,531.36,EUR,1296.00000,0.71
.1~1351,1351,ZZ,01,16,01/16,/Date(1705363200000)/,4,16,328,4,02,Saxony,North,CHEMNITZ,Germany,09111,80165,12,ZZ-F03,500g Strawberry Muesli,Finished Product,F03,500g,Strawberry Muesli,552,552,ST,4.23,2334.96,678.96,EUR,1656.00000,0.71
.1~1319,1319,ZZ,01,15,01/15,/Date(1705276800000)/,3,15,324,3,02,Nrth Rhine Westfalia,West,BAD OEYNHAUSEN,Germany,32547,80148,12,ZZ-F03,500g Strawberry Muesli,Finished Product,F03,500g,Strawberry Muesli,566,566,ST,4.23,2394.18,696.18,EUR,1698.00000,0.71
.1~1318,1318,ZZ,01,15,01/15,/Date(1705276800000)/,3,15,324,4,02,Nrth Rhine Westfalia,West,BAD OEYNHAUSEN,Germany,32547,80148,12,ZZ-F03,500g Strawberry Muesli,Finished Product,F03,500g,Strawberry Muesli,470,470,ST,4.23,1988.10,578.10,EUR,1410.00000,0.71
.1~1317,1317,ZZ,01,15,01/15,/Date(1705276800000)/,3,15,318,1,02,Hessen,South,MARBURG,Germany,35037,80139,12,ZZ-F03,500g Strawberry Muesli,Finished Product,F03,500g,Strawberry Muesli,478,478,ST,4.23,2021.94,587.94,EUR,1434.00000,0.71
.1~1316,1316,ZZ,01,15,01/15,/Date(1705276800000)/,3,15,320,3,02,Lower Saxony,North,GÖTTINGEN,Germany,37073,80142,12,ZZ-F03,500g Strawberry Muesli,Finished Product,F03,500g,Strawberry Muesli,449,449,ST,4.23,1899.27,552.27,EUR,1347.00000,0.71
.1~1315,1315,ZZ,01,15,01/15,/Date(1705276800000)/,3,15,320,1,02,Lower Saxony,North,GÖTTINGEN,Germany,37073,80142,12,ZZ-F03,500g Strawberry Muesli,Finished Product,F03,500g,Strawberry Muesli,435,435,ST,4.23,1840.05,535.05,EUR,1305.00000,0.71
.1~1314,1314,ZZ,01,15,01/15,/Date(1705276800000)/,3,15,325,1,02,Nrth Rhine Westfalia,West,HERFORD,Germany,32052,80155,12,ZZ-F03,500g Strawberry Muesli,Finished Product,F03,500g,Strawberry Muesli,509,509,ST,4.23,2153.07,626.07,EUR,1527.00000,0.71
.1~1313,1313,ZZ,01,15,01/15,/Date(1705276800000)/,3,15,322,3,02,Rhineland Palatinate,West,BAD KREUZNACH,Germany,55543,80163,12,ZZ-F03,500g Strawberry Muesli,Finished Product,F03,500g,Strawberry Muesli,434,434,ST,4.23,1835.82,533.82,EUR,1302.00000,0.71
.1~1312,1312,ZZ,01,15,01/15,/Date(1705276800000)/,3,15,322,4,02,Rhineland Palatinate,West,BAD KREUZNACH,Germany,55543,80163,12,ZZ-F03,500g Strawberry Muesli,Finished Product,F03,500g,Strawberry Muesli,503,503,ST,4.23,2127.69,618.69,EUR,1509.00000,0.71
.1~1282,1282,ZZ,01,14,01/14,/Date(1705190400000)/,3,14,312,1,02,Bremen,North,BREMEN,Germany,28259,80133,12,ZZ-F03,500g Strawberry Muesli,Finished Product,F03,500g,Strawberry Muesli,428,428,ST,4.23,1810.44,526.44,EUR,1284.00000,0.71
.1~1281,1281,ZZ,01,14,01/14,/Date(1705190400000)/,3,14,315,3,02,Rhineland Palatinate,West,TRIER,Germany,54290,80164,12,ZZ-F03,500g Strawberry Muesli,Finished Product,F03,500g,Strawberry Muesli,427,427,ST,4.23,1806.21,525.21,EUR,1281.00000,0.71
.1~1280,1280,ZZ,01,14,01/14,/Date(1705190400000)/,3,14,308,3,02,Bavaria,South,AUGSBURG,Germany,86156,80119,12,ZZ-F03,500g Strawberry Muesli,Finished Product,F03,500g,Strawberry Muesli,465,465,ST,4.23,1966.95,571.95,EUR,1395.00000,0.71
.1~1279,1279,ZZ,01,14,01/14,/Date(1705190400000)/,3,14,315,1,02,Rhineland Palatinate,West,TRIER,Germany,54290,80164,12,ZZ-F03,500g Strawberry Muesli,Finished Product,F03,500g,Strawberry Muesli,514,514,ST,4.23,2174.22,632.22,EUR,1542.00000,0.71
.1~1278,1278,ZZ,01,14,01/14,/Date(1705190400000)/,3,14,310,2,02,Bavaria,South,WÜRZBURG,Germany,97070,80128,12,ZZ-F03,500g Strawberry Muesli,Finished Product,F03,500g,Strawberry Muesli,519,519,ST,4.23,2195.37,638.37,EUR,1557.00000,0.71
.1~1277,1277,ZZ,01,14,01/14,/Date(1705190400000)/,3,14,311,3,02,Lower Saxony,North,WOLFSBURG,Germany,38444,80147,12,ZZ-F03,500g Strawberry Muesli,Finished Product,F03,500g,Strawberry Muesli,513,513,ST,4.23,2169.99,630.99,EUR,1539.00000,0.71
.1~1276,1276,ZZ,01,14,01/14,/Date(1705190400000)/,3,14,314,2,02,Nrth Rhine Westfalia,West,PADERBORN,Germany,33100,80159,12,ZZ-F03,500g Strawberry Muesli,Finished Product,F03,500g,Strawberry Muesli,500,500,ST,4.23,2115.00,615.00,EUR,1500.00000,0.71
.1~1252,1252,ZZ,01,13,01/13,/Date(1705104000000)/,3,13,306,2,02,Nrth Rhine Westfalia,West,DÜSSELDORF,Germany,40213,80152,12,ZZ-F03,500g Strawberry Muesli,Finished Product,F03,500g,Strawberry Muesli,454,454,ST,4.23,1920.42,558.42,EUR,1362.00000,0.71
.1~1251,1251,ZZ,01,13,01/13,/Date(1705104000000)/,3,13,305,3,02,Lower Saxony,North,UELZEN,Germany,29525,80146,12,ZZ-F03,500g Strawberry Muesli,Finished Product,F03,500g,Strawberry Muesli,481,481,ST,4.23,2034.63,591.63,EUR,1443.00000,0.71
.1~1250,1250,ZZ,01,13,01/13,/Date(1705104000000)/,3,13,300,1,02,Hessen,South,WIESBADEN,Germany,65183,80140,12,ZZ-F03,500g Strawberry Muesli,Finished Product,F03,500g,Strawberry Muesli,555,555,ST,4.23,2347.65,682.65,EUR,1665.00000,0.71
.1~1249,1249,ZZ,01,13,01/13,/Date(1705104000000)/,3,13,302,3,02,Schleswig-Holstein,North,NEUMÜNSTER,Germany,24537,80169,12,ZZ-F03,500g Strawberry Muesli,Finished Product,F03,500g,Strawberry Muesli,558,558,ST,4.23,2360.34,686.34,EUR,1674.00000,0.71
.1~1248,1248,ZZ,01,13,01/13,/Date(1705104000000)/,3,13,301,1,02,Baden-Wurttemberg,South,KARLSRUHE,Germany,76133,80115,12,ZZ-F03,500g Strawberry Muesli,Finished Product,F03,500g,Strawberry Muesli,477,477,ST,4.23,2017.71,586.71,EUR,1431.00000,0.71
.1~1213,1213,ZZ,01,12,01/12,/Date(1705017600000)/,3,12,295,4,02,Nrth Rhine Westfalia,West,DÜSSELDORF,Germany,40213,80152,12,ZZ-F03,500g Strawberry Muesli,Finished Product,F03,500g,Strawberry Muesli,437,437,ST,4.23,1848.51,537.51,EUR,1311.00000,0.71
.1~1212,1212,ZZ,01,12,01/12,/Date(1705017600000)/,3,12,295,2,02,Nrth Rhine Westfalia,West,DÜSSELDORF,Germany,40213,80152,12,ZZ-F03,500g Strawberry Muesli,Finished Product,F03,500g,Strawberry Muesli,440,440,ST,4.23,1861.20,541.20,EUR,1320.00000,0.71
.1~1211,1211,ZZ,01,12,01/12,/Date(1705017600000)/,3,12,292,2,02,Hessen,South,FRANKFURT/MAIN,Germany,60386,80136,12,ZZ-F03,500g Strawberry Muesli,Finished Product,F03,500g,Strawberry Muesli,456,456,ST,4.23,1928.88,560.88,EUR,1368.00000,0.71
.1~1210,1210,ZZ,01,12,01/12,/Date(1705017600000)/,3,12,298,3,02,Nrth Rhine Westfalia,West,BRÜHL,Germany,50321,80149,12,ZZ-F03,500g Strawberry Muesli,Finished Product,F03,500g,Strawberry Muesli,452,452,ST,4.23,1911.96,555.96,EUR,1356.00000,0.71
.1~1209,1209,ZZ,01,12,01/12,/Date(1705017600000)/,3,12,298,1,02,Nrth Rhine Westfalia,West,BRÜHL,Germany,50321,80149,12,ZZ-F03,500g Strawberry Muesli,Finished Product,F03,500g,Strawberry Muesli,477,477,ST,4.23,2017.71,586.71,EUR,1431.00000,0.71
.1~1176,1176,ZZ,01,11,01/11,/Date(1704931200000)/,3,11,281,4,02,Bavaria,South,INGOLSTADT,Germany,85055,80120,12,ZZ-F03,500g Strawberry Muesli,Finished Product,F03,500g,Strawberry Muesli,509,509,ST,4.23,2153.07,626.07,EUR,1527.00000,0.71
.1~1137,1137,ZZ,01,10,01/10,/Date(1704844800000)/,2,10,280,3,02,Lower Saxony,North,NIENBURG,Germany,31582,80143,12,ZZ-F03,500g Strawberry Muesli,Finished Product,F03,500g,Strawberry Muesli,429,429,ST,4.23,1814.67,527.67,EUR,1287.00000,0.71
.1~1136,1136,ZZ,01,10,01/10,/Date(1704844800000)/,2,10,279,2,02,Hamburg,North,BUXTEHUDE,Germany,21614,80134,12,ZZ-F03,500g Strawberry Muesli,Finished Product,F03,500g,Strawberry Muesli,529,529,ST,4.23,2237.67,650.67,EUR,1587.00000,0.71
.1~1135,1135,ZZ,01,10,01/10,/Date(1704844800000)/,2,10,275,1,02,Baden-Wurttemberg,South,ALBSTADT,Germany,72458,80170,12,ZZ-F03,500g Strawberry Muesli,Finished Product,F03,500g,Strawberry Muesli,453,453,ST,4.23,1916.19,557.19,EUR,1359.00000,0.71
.1~1134,1134,ZZ,01,10,01/10,/Date(1704844800000)/,2,10,277,1,02,Nrth Rhine Westfalia,West,WÜRSELEN,Germany,52146,80162,12,ZZ-F03,500g Strawberry Muesli,Finished Product,F03,500g,Strawberry Muesli,512,512,ST,4.23,2165.76,629.76,EUR,1536.00000,0.71
.1~1133,1133,ZZ,01,10,01/10,/Date(1704844800000)/,2,10,274,3,02,Bavaria,South,REGENSBURG,Germany,93053,80127,12,ZZ-F03,500g Strawberry Muesli,Finished Product,F03,500g,Strawberry Muesli,501,501,ST,4.23,2119.23,616.23,EUR,1503.00000,0.71
.1~1101,1101,ZZ,01,09,01/09,/Date(1704758400000)/,2,9,269,2,02,Rhineland Palatinate,West,TRIER,Germany,54290,80164,12,ZZ-F03,500g Strawberry Muesli,Finished Product,F03,500g,Strawberry Muesli,555,555,ST,4.23,2347.65,682.65,EUR,1665.00000,0.71
.1~1100,1100,ZZ,01,09,01/09,/Date(1704758400000)/,2,9,268,2,02,Nrth Rhine Westfalia,West,DÜSSELDORF,Germany,40212,80151,12,ZZ-F03,500g Strawberry Muesli,Finished Product,F03,500g,Strawberry Muesli,501,501,ST,4.23,2119.23,616.23,EUR,1503.00000,0.71
.1~1099,1099,ZZ,01,09,01/09,/Date(1704758400000)/,2,9,267,4,02,Baden-Wurttemberg,South,KORNTAL,Germany,70825,80116,12,ZZ-F03,500g Strawberry Muesli,Finished Product,F03,500g,Strawberry Muesli,556,556,ST,4.23,2351.88,683.88,EUR,1668.00000,0.71
.1~1047,1047,ZZ,01,08,01/08,/Date(1704672000000)/,2,8,261,4,02,Nrth Rhine Westfalia,West,ESSEN,Germany,45127,80153,12,ZZ-F03,500g Strawberry Muesli,Finished Product,F03,500g,Strawberry Muesli,474,474,ST,4.23,2005.02,583.02,EUR,1422.00000,0.71
.1~1046,1046,ZZ,01,08,01/08,/Date(1704672000000)/,2,8,262,4,02,Saxony-Anhalt,North,GÜNTHERSDORF,Germany,06254,80167,12,ZZ-F03,500g Strawberry Muesli,Finished Product,F03,500g,Strawberry Muesli,493,493,ST,4.23,2085.39,606.39,EUR,1479.00000,0.71
.1~1045,1045,ZZ,01,08,01/08,/Date(1704672000000)/,2,8,191,4,02,Nrth Rhine Westfalia,West,MÜNSTER,Germany,48159,80158,12,ZZ-F03,500g Strawberry Muesli,Finished Product,F03,500g,Strawberry Muesli,433,433,ST,4.23,1831.59,532.59,EUR,1299.00000,0.71
.1~1044,1044,ZZ,01,08,01/08,/Date(1704672000000)/,2,8,193,4,02,Saxony-Anhalt,North,GÜNTHERSDORF,Germany,06254,80167,12,ZZ-F03,500g Strawberry Muesli,Finished Product,F03,500g,Strawberry Muesli,531,531,ST,4.23,2246.13,653.13,EUR,1593.00000,0.71
.1~1043,1043,ZZ,01,08,01/08,/Date(1704672000000)/,2,8,192,4,02,Nrth Rhine Westfalia,West,ESSEN,Germany,45127,80153,12,ZZ-F03,500g Strawberry Muesli,Finished Product,F03,500g,Strawberry Muesli,563,563,ST,4.23,2381.49,692.49,EUR,1689.00000,0.71
.1~1042,1042,ZZ,01,08,01/08,/Date(1704672000000)/,2,8,259,1,02,Rhineland Palatinate,West,BAD KREUZNACH,Germany,55543,80163,12,ZZ-F03,500g Strawberry Muesli,Finished Product,F03,500g,Strawberry Muesli,481,481,ST,4.23,2034.63,591.63,EUR,1443.00000,0.71
.1~960,960,ZZ,01,07,01/07,/Date(1704585600000)/,2,7,252,4,02,Nrth Rhine Westfalia,West,MÜNSTER,Germany,48159,80158,12,ZZ-F03,500g Strawberry Muesli,Finished Product,F03,500g,Strawberry Muesli,438,438,ST,4.23,1852.74,538.74,EUR,1314.00000,0.71
.1~959,959,ZZ,01,07,01/07,/Date(1704585600000)/,2,7,252,3,02,Nrth Rhine Westfalia,West,MÜNSTER,Germany,48159,80158,12,ZZ-F03,500g Strawberry Muesli,Finished Product,F03,500g,Strawberry Muesli,456,456,ST,4.23,1928.88,560.88,EUR,1368.00000,0.71
.1~958,958,ZZ,01,07,01/07,/Date(1704585600000)/,2,7,181,1,02,Nrth Rhine Westfalia,West,BAD OEYNHAUSEN,Germany,32547,80148,12,ZZ-F03,500g Strawberry Muesli,Finished Product,F03,500g,Strawberry Muesli,519,519,ST,4.23,2195.37,638.37,EUR,1557.00000,0.71
.1~957,957,ZZ,01,07,01/07,/Date(1704585600000)/,2,7,250,1,02,Nrth Rhine Westfalia,West,BAD OEYNHAUSEN,Germany,32547,80148,12,ZZ-F03,500g Strawberry Muesli,Finished Product,F03,500g,Strawberry Muesli,482,482,ST,4.23,2038.86,592.86,EUR,1446.00000,0.71
.1~956,956,ZZ,01,07,01/07,/Date(1704585600000)/,2,7,183,3,02,Nrth Rhine Westfalia,West,MÜNSTER,Germany,48159,80158,12,ZZ-F03,500g Strawberry Muesli,Finished Product,F03,500g,Strawberry Muesli,483,483,ST,4.23,2043.09,594.09,EUR,1449.00000,0.71
.1~955,955,ZZ,01,07,01/07,/Date(1704585600000)/,2,7,253,4,02,Lower Saxony,North,GÖTTINGEN,Germany,37073,80142,12,ZZ-F03,500g Strawberry Muesli,Finished Product,F03,500g,Strawberry Muesli,557,557,ST,4.23,2356.11,685.11,EUR,1671.00000,0.71
.1~954,954,ZZ,01,07,01/07,/Date(1704585600000)/,2,7,183,4,02,Nrth Rhine Westfalia,West,MÜNSTER,Germany,48159,80158,12,ZZ-F03,500g Strawberry Muesli,Finished Product,F03,500g,Strawberry Muesli,431,431,ST,4.23,1823.13,530.13,EUR,1293.00000,0.71
.1~953,953,ZZ,01,07,01/07,/Date(1704585600000)/,2,7,184,4,02,Lower Saxony,North,GÖTTINGEN,Germany,37073,80142,12,ZZ-F03,500g Strawberry Muesli,Finished Product,F03,500g,Strawberry Muesli,441,441,ST,4.23,1865.43,542.43,EUR,1323.00000,0.71
.1~952,952,ZZ,01,07,01/07,/Date(1704585600000)/,2,7,255,2,02,Saxony,North,ZWICKAU,Germany,08058,80166,12,ZZ-F03,500g Strawberry Muesli,Finished Product,F03,500g,Strawberry Muesli,529,529,ST,4.23,2237.67,650.67,EUR,1587.00000,0.71
.1~951,951,ZZ,01,07,01/07,/Date(1704585600000)/,2,7,179,2,02,Bavaria,South,MÜNCHEN,Germany,81245,80123,12,ZZ-F03,500g Strawberry Muesli,Finished Product,F03,500g,Strawberry Muesli,489,489,ST,4.23,2068.47,601.47,EUR,1467.00000,0.71
.1~950,950,ZZ,01,07,01/07,/Date(1704585600000)/,2,7,248,2,02,Bavaria,South,MÜNCHEN,Germany,81245,80123,12,ZZ-F03,500g Strawberry Muesli,Finished Product,F03,500g,Strawberry Muesli,451,451,ST,4.23,1907.73,554.73,EUR,1353.00000,0.71
.1~949,949,ZZ,01,07,01/07,/Date(1704585600000)/,2,7,186,2,02,Saxony,North,ZWICKAU,Germany,08058,80166,12,ZZ-F03,500g Strawberry Muesli,Finished Product,F03,500g,Strawberry Muesli,464,464,ST,4.23,1962.72,570.72,EUR,1392.00000,0.71
.1~900,900,ZZ,01,06,01/06,/Date(1704499200000)/,2,6,239,2,02,Baden-Wurttemberg,South,ESSLINGEN,Germany,73730,80112,12,ZZ-F03,500g Strawberry Muesli,Finished Product,F03,500g,Strawberry Muesli,503,503,ST,4.23,2127.69,618.69,EUR,1509.00000,0.71
.1~899,899,ZZ,01,06,01/06,/Date(1704499200000)/,2,6,242,3,02,Nrth Rhine Westfalia,West,KREFELD,Germany,47798,80157,12,ZZ-F03,500g Strawberry Muesli,Finished Product,F03,500g,Strawberry Muesli,464,464,ST,4.23,1962.72,570.72,EUR,1392.00000,0.71
.1~898,898,ZZ,01,06,01/06,/Date(1704499200000)/,2,6,246,2,02,Mecklenburg-Vorpomm.,North,ROSTOCK,Germany,18184,80141,12,ZZ-F03,500g Strawberry Muesli,Finished Product,F03,500g,Strawberry Muesli,543,543,ST,4.23,2296.89,667.89,EUR,1629.00000,0.71
.1~897,897,ZZ,01,06,01/06,/Date(1704499200000)/,2,6,241,3,02,Baden-Wurttemberg,South,STUTTGART,Germany,70173,80118,12,ZZ-F03,500g Strawberry Muesli,Finished Product,F03,500g,Strawberry Muesli,467,467,ST,4.23,1975.41,574.41,EUR,1401.00000,0.71
.1~896,896,ZZ,01,06,01/06,/Date(1704499200000)/,2,6,170,2,02,Baden-Wurttemberg,South,ESSLINGEN,Germany,73730,80112,12,ZZ-F03,500g Strawberry Muesli,Finished Product,F03,500g,Strawberry Muesli,485,485,ST,4.23,2051.55,596.55,EUR,1455.00000,0.71
.1~895,895,ZZ,01,06,01/06,/Date(1704499200000)/,2,6,173,3,02,Nrth Rhine Westfalia,West,KREFELD,Germany,47798,80157,12,ZZ-F03,500g Strawberry Muesli,Finished Product,F03,500g,Strawberry Muesli,557,557,ST,4.23,2356.11,685.11,EUR,1671.00000,0.71
.1~834,834,ZZ,01,05,01/05,/Date(1704412800000)/,1,5,166,3,02,Nrth Rhine Westfalia,West,HÜCKELHOVEN,Germany,41836,80156,12,ZZ-F03,500g Strawberry Muesli,Finished Product,F03,500g,Strawberry Muesli,554,554,ST,4.23,2343.42,681.42,EUR,1662.00000,0.71
.1~833,833,ZZ,01,05,01/05,/Date(1704412800000)/,1,5,237,1,02,Berlin,North,BERLIN,Germany,13349,80129,12,ZZ-F03,500g Strawberry Muesli,Finished Product,F03,500g,Strawberry Muesli,473,473,ST,4.23,2000.79,581.79,EUR,1419.00000,0.71
.1~832,832,ZZ,01,05,01/05,/Date(1704412800000)/,1,5,168,1,02,Berlin,North,BERLIN,Germany,13349,80129,12,ZZ-F03,500g Strawberry Muesli,Finished Product,F03,500g,Strawberry Muesli,535,535,ST,4.23,2263.05,658.05,EUR,1605.00000,0.71
.1~831,831,ZZ,01,05,01/05,/Date(1704412800000)/,1,5,235,3,02,Nrth Rhine Westfalia,West,HÜCKELHOVEN,Germany,41836,80156,12,ZZ-F03,500g Strawberry Muesli,Finished Product,F03,500g,Strawberry Muesli,511,511,ST,4.23,2161.53,628.53,EUR,1533.00000,0.71
.1~830,830,ZZ,01,05,01/05,/Date(1704412800000)/,1,5,162,1,02,Baden-Wurttemberg,South,ALBSTADT,Germany,72458,80170,12,ZZ-F03,500g Strawberry Muesli,Finished Product,F03,500g,Strawberry Muesli,532,532,ST,4.23,2250.36,654.36,EUR,1596.00000,0.71
.1~829,829,ZZ,01,05,01/05,/Date(1704412800000)/,1,5,231,1,02,Baden-Wurttemberg,South,ALBSTADT,Germany,72458,80170,12,ZZ-F03,500g Strawberry Muesli,Finished Product,F03,500g,Strawberry Muesli,520,520,ST,4.23,2199.60,639.60,EUR,1560.00000,0.71
.1~755,755,ZZ,01,04,01/04,/Date(1704326400000)/,1,4,224,4,02,Bavaria,South,AUGSBURG,Germany,86156,80119,12,ZZ-F03,500g Strawberry Muesli,Finished Product,F03,500g,Strawberry Muesli,488,488,ST,4.23,2064.24,600.24,EUR,1464.00000,0.71
.1~754,754,ZZ,01,04,01/04,/Date(1704326400000)/,1,4,225,1,02,Nrth Rhine Westfalia,West,BAD OEYNHAUSEN,Germany,32547,80148,12,ZZ-F03,500g Strawberry Muesli,Finished Product,F03,500g,Strawberry Muesli,430,430,ST,4.23,1818.90,528.90,EUR,1290.00000,0.71
.1~753,753,ZZ,01,04,01/04,/Date(1704326400000)/,1,4,225,3,02,Nrth Rhine Westfalia,West,BAD OEYNHAUSEN,Germany,32547,80148,12,ZZ-F03,500g Strawberry Muesli,Finished Product,F03,500g,Strawberry Muesli,552,552,ST,4.23,2334.96,678.96,EUR,1656.00000,0.71
.1~752,752,ZZ,01,04,01/04,/Date(1704326400000)/,1,4,155,4,02,Bavaria,South,AUGSBURG,Germany,86156,80119,12,ZZ-F03,500g Strawberry Muesli,Finished Product,F03,500g,Strawberry Muesli,484,484,ST,4.23,2047.32,595.32,EUR,1452.00000,0.71
.1~751,751,ZZ,01,04,01/04,/Date(1704326400000)/,1,4,226,1,02,Nrth Rhine Westfalia,West,HERFORD,Germany,32052,80155,12,ZZ-F03,500g Strawberry Muesli,Finished Product,F03,500g,Strawberry Muesli,476,476,ST,4.23,2013.48,585.48,EUR,1428.00000,0.71
.1~750,750,ZZ,01,04,01/04,/Date(1704326400000)/,1,4,156,4,02,Nrth Rhine Westfalia,West,BAD OEYNHAUSEN,Germany,32547,80148,12,ZZ-F03,500g Strawberry Muesli,Finished Product,F03,500g,Strawberry Muesli,507,507,ST,4.23,2144.61,623.61,EUR,1521.00000,0.71
.1~749,749,ZZ,01,04,01/04,/Date(1704326400000)/,1,4,159,9,02,Lower Saxony,North,OLDENBURG,Germany,26129,80144,12,ZZ-F03,500g Strawberry Muesli,Finished Product,F03,500g,Strawberry Muesli,524,524,ST,4.23,2216.52,644.52,EUR,1572.00000,0.71
.1~748,748,ZZ,01,04,01/04,/Date(1704326400000)/,1,4,156,3,02,Nrth Rhine Westfalia,West,BAD OEYNHAUSEN,Germany,32547,80148,12,ZZ-F03,500g Strawberry Muesli,Finished Product,F03,500g,Strawberry Muesli,453,453,ST,4.23,1916.19,557.19,EUR,1359.00000,0.71
.1~747,747,ZZ,01,04,01/04,/Date(1704326400000)/,1,4,157,1,02,Nrth Rhine Westfalia,West,HERFORD,Germany,32052,80155,12,ZZ-F03,500g Strawberry Muesli,Finished Product,F03,500g,Strawberry Muesli,555,555,ST,4.23,2347.65,682.65,EUR,1665.00000,0.71
.1~746,746,ZZ,01,04,01/04,/Date(1704326400000)/,1,4,158,1,02,Nrth Rhine Westfalia,West,VELBERT,Germany,42551,80161,12,ZZ-F03,500g Strawberry Muesli,Finished Product,F03,500g,Strawberry Muesli,450,450,ST,4.23,1903.50,553.50,EUR,1350.00000,0.71
.1~745,745,ZZ,01,04,01/04,/Date(1704326400000)/,1,4,228,9,02,Lower Saxony,North,OLDENBURG,Germany,26129,80144,12,ZZ-F03,500g Strawberry Muesli,Finished Product,F03,500g,Strawberry Muesli,519,519,ST,4.23,2195.37,638.37,EUR,1557.00000,0.71
.1~744,744,ZZ,01,04,01/04,/Date(1704326400000)/,1,4,227,1,02,Nrth Rhine Westfalia,West,VELBERT,Germany,42551,80161,12,ZZ-F03,500g Strawberry Muesli,Finished Product,F03,500g,Strawberry Muesli,523,523,ST,4.23,2212.29,643.29,EUR,1569.00000,0.71
.1~680,680,ZZ,01,03,01/03,/Date(1704240000000)/,1,3,152,1,02,Lower Saxony,North,OLDENBURG,Germany,26121,80145,12,ZZ-F03,500g Strawberry Muesli,Finished Product,F03,500g,Strawberry Muesli,435,435,ST,4.23,1840.05,535.05,EUR,1305.00000,0.71
.1~679,679,ZZ,01,03,01/03,/Date(1704240000000)/,1,3,216,1,02,Rhineland Palatinate,West,TRIER,Germany,54290,80164,12,ZZ-F03,500g Strawberry Muesli,Finished Product,F03,500g,Strawberry Muesli,537,537,ST,4.23,2271.51,660.51,EUR,1611.00000,0.71
.1~678,678,ZZ,01,03,01/03,/Date(1704240000000)/,1,3,151,4,02,Saxony,North,CHEMNITZ,Germany,09111,80165,12,ZZ-F03,500g Strawberry Muesli,Finished Product,F03,500g,Strawberry Muesli,452,452,ST,4.23,1911.96,555.96,EUR,1356.00000,0.71
.1~677,677,ZZ,01,03,01/03,/Date(1704240000000)/,1,3,149,4,02,Rhineland Palatinate,West,BAD KREUZNACH,Germany,55543,80163,12,ZZ-F03,500g Strawberry Muesli,Finished Product,F03,500g,Strawberry Muesli,498,498,ST,4.23,2106.54,612.54,EUR,1494.00000,0.71
.1~676,676,ZZ,01,03,01/03,/Date(1704240000000)/,1,3,149,3,02,Rhineland Palatinate,West,BAD KREUZNACH,Germany,55543,80163,12,ZZ-F03,500g Strawberry Muesli,Finished Product,F03,500g,Strawberry Muesli,458,458,ST,4.23,1937.34,563.34,EUR,1374.00000,0.71
.1~675,675,ZZ,01,03,01/03,/Date(1704240000000)/,1,3,221,3,02,Lower Saxony,North,OLDENBURG,Germany,26121,80145,12,ZZ-F03,500g Strawberry Muesli,Finished Product,F03,500g,Strawberry Muesli,526,526,ST,4.23,2224.98,646.98,EUR,1578.00000,0.71
.1~674,674,ZZ,01,03,01/03,/Date(1704240000000)/,1,3,221,4,02,Lower Saxony,North,OLDENBURG,Germany,26121,80145,12,ZZ-F03,500g Strawberry Muesli,Finished Product,F03,500g,Strawberry Muesli,555,555,ST,4.23,2347.65,682.65,EUR,1665.00000,0.71
.1~673,673,ZZ,01,03,01/03,/Date(1704240000000)/,1,3,220,4,02,Saxony,North,CHEMNITZ,Germany,09111,80165,12,ZZ-F03,500g Strawberry Muesli,Finished Product,F03,500g,Strawberry Muesli,550,550,ST,4.23,2326.50,676.50,EUR,1650.00000,0.71
.1~672,672,ZZ,01,03,01/03,/Date(1704240000000)/,1,3,147,1,02,Rhineland Palatinate,West,TRIER,Germany,54290,80164,12,ZZ-F03,500g Strawberry Muesli,Finished Product,F03,500g,Strawberry Muesli,457,457,ST,4.23,1933.11,562.11,EUR,1371.00000,0.71
.1~671,671,ZZ,01,03,01/03,/Date(1704240000000)/,1,3,147,3,02,Rhineland Palatinate,West,TRIER,Germany,54290,80164,12,ZZ-F03,500g Strawberry Muesli,Finished Product,F03,500g,Strawberry Muesli,517,517,ST,4.23,2186.91,635.91,EUR,1551.00000,0.71
.1~670,670,ZZ,01,03,01/03,/Date(1704240000000)/,1,3,216,3,02,Rhineland Palatinate,West,TRIER,Germany,54290,80164,12,ZZ-F03,500g Strawberry Muesli,Finished Product,F03,500g,Strawberry Muesli,541,541,ST,4.23,2288.43,665.43,EUR,1623.00000,0.71
.1~669,669,ZZ,01,03,01/03,/Date(1704240000000)/,1,3,218,3,02,Rhineland Palatinate,West,BAD KREUZNACH,Germany,55543,80163,12,ZZ-F03,500g Strawberry Muesli,Finished Product,F03,500g,Strawberry Muesli,548,548,ST,4.23,2318.04,674.04,EUR,1644.00000,0.71
.1~668,668,ZZ,01,03,01/03,/Date(1704240000000)/,1,3,218,4,02,Rhineland Palatinate,West,BAD KREUZNACH,Germany,55543,80163,12,ZZ-F03,500g Strawberry Muesli,Finished Product,F03,500g,Strawberry Muesli,449,449,ST,4.23,1899.27,552.27,EUR,1347.00000,0.71
.1~609,609,ZZ,01,02,01/02,/Date(1704153600000)/,1,2,210,2,02,Nrth Rhine Westfalia,West,PADERBORN,Germany,33100,80159,12,ZZ-F03,500g Strawberry Muesli,Finished Product,F03,500g,Strawberry Muesli,511,511,ST,4.23,2161.53,628.53,EUR,1533.00000,0.71
.1~608,608,ZZ,01,02,01/02,/Date(1704153600000)/,1,2,211,3,02,Lower Saxony,North,GÖTTINGEN,Germany,37073,80142,12,ZZ-F03,500g Strawberry Muesli,Finished Product,F03,500g,Strawberry Muesli,554,554,ST,4.23,2343.42,681.42,EUR,1662.00000,0.71
.1~607,607,ZZ,01,02,01/02,/Date(1704153600000)/,1,2,142,3,02,Lower Saxony,North,GÖTTINGEN,Germany,37073,80142,12,ZZ-F03,500g Strawberry Muesli,Finished Product,F03,500g,Strawberry Muesli,458,458,ST,4.23,1937.34,563.34,EUR,1374.00000,0.71
.1~606,606,ZZ,01,02,01/02,/Date(1704153600000)/,1,2,141,2,02,Nrth Rhine Westfalia,West,PADERBORN,Germany,33100,80159,12,ZZ-F03,500g Strawberry Muesli,Finished Product,F03,500g,Strawberry Muesli,465,465,ST,4.23,1966.95,571.95,EUR,1395.00000,0.71
.1~605,605,ZZ,01,02,01/02,/Date(1704153600000)/,1,2,137,3,02,Baden-Wurttemberg,South,GUNDELFINGEN,Germany,79194,80114,12,ZZ-F03,500g Strawberry Muesli,Finished Product,F03,500g,Strawberry Muesli,562,562,ST,4.23,2377.26,691.26,EUR,1686.00000,0.71
.1~604,604,ZZ,01,02,01/02,/Date(1704153600000)/,1,2,206,3,02,Baden-Wurttemberg,South,GUNDELFINGEN,Germany,79194,80114,12,ZZ-F03,500g Strawberry Muesli,Finished Product,F03,500g,Strawberry Muesli,496,496,ST,4.23,2098.08,610.08,EUR,1488.00000,0.71
.1~603,603,ZZ,01,02,01/02,/Date(1704153600000)/,1,2,207,2,02,Nrth Rhine Westfalia,West,DÜSSELDORF,Germany,40213,80152,12,ZZ-F03,500g Strawberry Muesli,Finished Product,F03,500g,Strawberry Muesli,563,563,ST,4.23,2381.49,692.49,EUR,1689.00000,0.71
.1~540,540,ZZ,01,01,01/01,/Date(1704067200000)/,1,1,134,1,02,Bremen,North,BREMEN,Germany,28259,80133,12,ZZ-F03,500g Strawberry Muesli,Finished Product,F03,500g,Strawberry Muesli,506,506,ST,4.23,2140.38,622.38,EUR,1518.00000,0.71
.1~539,539,ZZ,01,01,01/01,/Date(1704067200000)/,1,1,133,3,02,Lower Saxony,North,WOLFSBURG,Germany,38444,80147,12,ZZ-F03,500g Strawberry Muesli,Finished Product,F03,500g,Strawberry Muesli,436,436,ST,4.23,1844.28,536.28,EUR,1308.00000,0.71
.1~538,538,ZZ,01,01,01/01,/Date(1704067200000)/,1,1,132,3,02,Lower Saxony,North,UELZEN,Germany,29525,80146,12,ZZ-F03,500g Strawberry Muesli,Finished Product,F03,500g,Strawberry Muesli,452,452,ST,4.23,1911.96,555.96,EUR,1356.00000,0.71
.1~537,537,ZZ,01,01,01/01,/Date(1704067200000)/,1,1,203,1,02,Bremen,North,BREMEN,Germany,28259,80133,12,ZZ-F03,500g Strawberry Muesli,Finished Product,F03,500g,Strawberry Muesli,478,478,ST,4.23,2021.94,587.94,EUR,1434.00000,0.71
.1~536,536,ZZ,01,01,01/01,/Date(1704067200000)/,1,1,130,3,02,Nrth Rhine Westfalia,West,BRÜHL,Germany,50321,80149,12,ZZ-F03,500g Strawberry Muesli,Finished Product,F03,500g,Strawberry Muesli,469,469,ST,4.23,1983.87,576.87,EUR,1407.00000,0.71
.1~535,535,ZZ,01,01,01/01,/Date(1704067200000)/,1,1,202,2,02,Lower Saxony,North,WOLFSBURG,Germany,38444,80147,12,ZZ-F03,500g Strawberry Muesli,Finished Product,F03,500g,Strawberry Muesli,443,443,ST,4.23,1873.89,544.89,EUR,1329.00000,0.71
.1~534,534,ZZ,01,01,01/01,/Date(1704067200000)/,1,1,130,1,02,Nrth Rhine Westfalia,West,BRÜHL,Germany,50321,80149,12,ZZ-F03,500g Strawberry Muesli,Finished Product,F03,500g,Strawberry Muesli,454,454,ST,4.23,1920.42,558.42,EUR,1362.00000,0.71
.1~533,533,ZZ,01,01,01/01,/Date(1704067200000)/,1,1,202,3,02,Lower Saxony,North,WOLFSBURG,Germany,38444,80147,12,ZZ-F03,500g Strawberry Muesli,Finished Product,F03,500g,Strawberry Muesli,434,434,ST,4.23,1835.82,533.82,EUR,1302.00000,0.71
.1~532,532,ZZ,01,01,01/01,/Date(1704067200000)/,1,1,201,3,02,Lower Saxony,North,UELZEN,Germany,29525,80146,12,ZZ-F03,500g Strawberry Muesli,Finished Product,F03,500g,Strawberry Muesli,435,435,ST,4.23,1840.05,535.05,EUR,1305.00000,0.71
.1~531,531,ZZ,01,01,01/01,/Date(1704067200000)/,1,1,199,3,02,Nrth Rhine Westfalia,West,BRÜHL,Germany,50321,80149,12,ZZ-F03,500g Strawberry Muesli,Finished Product,F03,500g,Strawberry Muesli,448,448,ST,4.23,1895.04,551.04,EUR,1344.00000,0.71
.1~530,530,ZZ,01,01,01/01,/Date(1704067200000)/,1,1,199,1,02,Nrth Rhine Westfalia,West,BRÜHL,Germany,50321,80149,12,ZZ-F03,500g Strawberry Muesli,Finished Product,F03,500g,Strawberry Muesli,427,427,ST,4.23,1806.21,525.21,EUR,1281.00000,0.71
.1~448,448,AA,01,13,01/13,/Date(1705104000000)/,3,13,106,2,02,Hessen,South,MARBURG,Germany,35037,80139,12,AA-F03,500g Strawberry Muesli,Finished Product,F03,500g,Strawberry Muesli,466,466,ST,4.23,1971.18,573.18,EUR,1398.00000,0.71
.1~447,447,AA,01,13,01/13,/Date(1705104000000)/,3,13,112,2,02,Nrth Rhine Westfalia,West,DORTMUND,Germany,44339,80150,12,AA-F03,500g Strawberry Muesli,Finished Product,F03,500g,Strawberry Muesli,311,311,ST,4.23,1315.53,382.53,EUR,933.00000,0.71
.1~407,407,AA,01,12,01/12,/Date(1705017600000)/,3,12,97,3,02,Schleswig-Holstein,North,NEUMÜNSTER,Germany,24537,80169,12,AA-F03,500g Strawberry Muesli,Finished Product,F03,500g,Strawberry Muesli,495,495,ST,4.23,2093.85,608.85,EUR,1485.00000,0.71
.1~406,406,AA,01,12,01/12,/Date(1705017600000)/,3,12,103,2,02,Nrth Rhine Westfalia,West,BAD OEYNHAUSEN,Germany,32547,80148,12,AA-F03,500g Strawberry Muesli,Finished Product,F03,500g,Strawberry Muesli,506,506,ST,4.23,2140.38,622.38,EUR,1518.00000,0.71
.1~370,370,AA,01,11,01/11,/Date(1704931200000)/,3,11,88,2,02,Schleswig-Holstein,North,NEUMÜNSTER,Germany,24537,80169,12,AA-F03,500g Strawberry Muesli,Finished Product,F03,500g,Strawberry Muesli,536,536,ST,4.23,2267.28,659.28,EUR,1608.00000,0.71
.1~369,369,AA,01,11,01/11,/Date(1704931200000)/,3,11,87,1,02,Baden-Wurttemberg,South,KARLSRUHE,Germany,76133,80115,12,AA-F03,500g Strawberry Muesli,Finished Product,F03,500g,Strawberry Muesli,552,552,ST,4.23,2334.96,678.96,EUR,1656.00000,0.71
.1~368,368,AA,01,11,01/11,/Date(1704931200000)/,3,11,91,1,02,Saxony-Anhalt,North,GÜNTHERSDORF,Germany,06254,80167,12,AA-F03,500g Strawberry Muesli,Finished Product,F03,500g,Strawberry Muesli,458,458,ST,4.23,1937.34,563.34,EUR,1374.00000,0.71
.1~334,334,AA,01,10,01/10,/Date(1704844800000)/,2,10,82,0,02,Lower Saxony,North,UELZEN,Germany,29525,80146,12,AA-F03,500g Strawberry Muesli,Finished Product,F03,500g,Strawberry Muesli,563,563,ST,4.23,2381.49,692.49,EUR,1689.00000,0.71
.1~333,333,AA,01,10,01/10,/Date(1704844800000)/,2,10,82,3,02,Lower Saxony,North,UELZEN,Germany,29525,80146,12,AA-F03,500g Strawberry Muesli,Finished Product,F03,500g,Strawberry Muesli,497,497,ST,4.23,2102.31,611.31,EUR,1491.00000,0.71
.1~301,301,AA,01,09,01/09,/Date(1704758400000)/,2,9,72,4,02,Hessen,South,MAGDEBURG,Germany,39128,80138,12,AA-F03,500g Strawberry Muesli,Finished Product,F03,500g,Strawberry Muesli,516,516,ST,4.23,2182.68,634.68,EUR,1548.00000,0.71
.1~300,300,AA,01,09,01/09,/Date(1704758400000)/,2,9,73,3,02,Lower Saxony,North,NIENBURG,Germany,31582,80143,12,AA-F03,500g Strawberry Muesli,Finished Product,F03,500g,Strawberry Muesli,426,426,ST,4.23,1801.98,523.98,EUR,1278.00000,0.71
.1~299,299,AA,01,09,01/09,/Date(1704758400000)/,2,9,76,1,02,Nrth Rhine Westfalia,West,PADERBORN,Germany,33100,80159,12,AA-F03,500g Strawberry Muesli,Finished Product,F03,500g,Strawberry Muesli,503,503,ST,4.23,2127.69,618.69,EUR,1509.00000,0.71
.1~298,298,AA,01,09,01/09,/Date(1704758400000)/,2,9,71,2,02,Bavaria,South,INGOLSTADT,Germany,85046,80121,12,AA-F03,500g Strawberry Muesli,Finished Product,F03,500g,Strawberry Muesli,564,564,ST,4.23,2385.72,693.72,EUR,1692.00000,0.71
.1~297,297,AA,01,09,01/09,/Date(1704758400000)/,2,9,77,2,02,Nrth Rhine Westfalia,West,KREFELD,Germany,47798,80157,12,AA-F03,500g Strawberry Muesli,Finished Product,F03,500g,Strawberry Muesli,494,494,ST,4.23,2089.62,607.62,EUR,1482.00000,0.71
.1~296,296,AA,01,09,01/09,/Date(1704758400000)/,2,9,77,4,02,Nrth Rhine Westfalia,West,KREFELD,Germany,47798,80157,12,AA-F03,500g Strawberry Muesli,Finished Product,F03,500g,Strawberry Muesli,519,519,ST,4.23,2195.37,638.37,EUR,1557.00000,0.71
.1~263,263,AA,01,08,01/08,/Date(1704672000000)/,2,8,64,1,02,Saxony,North,ZWICKAU,Germany,08058,80166,12,AA-F03,500g Strawberry Muesli,Finished Product,F03,500g,Strawberry Muesli,546,546,ST,4.23,2309.58,671.58,EUR,1638.00000,0.71
.1~262,262,AA,01,08,01/08,/Date(1704672000000)/,2,8,61,3,02,Bavaria,South,NÜRNBERG,Germany,90451,80125,12,AA-F03,500g Strawberry Muesli,Finished Product,F03,500g,Strawberry Muesli,502,502,ST,4.23,2123.46,617.46,EUR,1506.00000,0.71
.1~261,261,AA,01,08,01/08,/Date(1704672000000)/,2,8,67,4,02,Nrth Rhine Westfalia,West,HÜCKELHOVEN,Germany,41836,80156,12,AA-F03,500g Strawberry Muesli,Finished Product,F03,500g,Strawberry Muesli,458,458,ST,4.23,1937.34,563.34,EUR,1374.00000,0.71
.1~260,260,AA,01,08,01/08,/Date(1704672000000)/,2,8,67,3,02,Nrth Rhine Westfalia,West,HÜCKELHOVEN,Germany,41836,80156,12,AA-F03,500g Strawberry Muesli,Finished Product,F03,500g,Strawberry Muesli,535,535,ST,4.23,2263.05,658.05,EUR,1605.00000,0.71
.1~259,259,AA,01,08,01/08,/Date(1704672000000)/,2,8,68,1,02,Nrth Rhine Westfalia,West,DORTMUND,Germany,44339,80150,12,AA-F03,500g Strawberry Muesli,Finished Product,F03,500g,Strawberry Muesli,429,429,ST,4.23,1814.67,527.67,EUR,1287.00000,0.71
.1~230,230,AA,01,07,01/07,/Date(1704585600000)/,2,7,60,1,02,Nrth Rhine Westfalia,West,DÜSSELDORF,Germany,40213,80152,12,AA-F03,500g Strawberry Muesli,Finished Product,F03,500g,Strawberry Muesli,511,511,ST,4.23,2161.53,628.53,EUR,1533.00000,0.71
.1~229,229,AA,01,07,01/07,/Date(1704585600000)/,2,7,55,3,02,Hessen,South,FRANKFURT/MAIN,Germany,60386,80136,12,AA-F03,500g Strawberry Muesli,Finished Product,F03,500g,Strawberry Muesli,550,550,ST,4.23,2326.50,676.50,EUR,1650.00000,0.71
.1~228,228,AA,01,07,01/07,/Date(1704585600000)/,2,7,59,2,02,Nrth Rhine Westfalia,West,HÜCKELHOVEN,Germany,41836,80156,12,AA-F03,500g Strawberry Muesli,Finished Product,F03,500g,Strawberry Muesli,554,554,ST,4.23,2343.42,681.42,EUR,1662.00000,0.71
.1~227,227,AA,01,07,01/07,/Date(1704585600000)/,2,7,56,0,02,Hamburg,North,BUXTEHUDE,Germany,21614,80134,12,AA-F03,500g Strawberry Muesli,Finished Product,F03,500g,Strawberry Muesli,504,504,ST,4.23,2131.92,619.92,EUR,1512.00000,0.71
.1~226,226,AA,01,07,01/07,/Date(1704585600000)/,2,7,56,9,02,Hamburg,North,BUXTEHUDE,Germany,21614,80134,12,AA-F03,500g Strawberry Muesli,Finished Product,F03,500g,Strawberry Muesli,428,428,ST,4.23,1810.44,526.44,EUR,1284.00000,0.71
.1~225,225,AA,01,07,01/07,/Date(1704585600000)/,2,7,57,1,02,Saxony,North,CHEMNITZ,Germany,09111,80165,12,AA-F03,500g Strawberry Muesli,Finished Product,F03,500g,Strawberry Muesli,507,507,ST,4.23,2144.61,623.61,EUR,1521.00000,0.71
.1~195,195,AA,01,06,01/06,/Date(1704499200000)/,2,6,50,2,02,Rhineland Palatinate,West,BAD KREUZNACH,Germany,55543,80163,12,AA-F03,500g Strawberry Muesli,Finished Product,F03,500g,Strawberry Muesli,487,487,ST,4.23,2060.01,599.01,EUR,1461.00000,0.71
.1~194,194,AA,01,06,01/06,/Date(1704499200000)/,2,6,48,2,02,Baden-Wurttemberg,South,KORNTAL,Germany,70825,80116,12,AA-F03,500g Strawberry Muesli,Finished Product,F03,500g,Strawberry Muesli,552,552,ST,4.23,2334.96,678.96,EUR,1656.00000,0.71
.1~193,193,AA,01,06,01/06,/Date(1704499200000)/,2,6,52,2,02,Nrth Rhine Westfalia,West,DÜSSELDORF,Germany,40212,80151,12,AA-F03,500g Strawberry Muesli,Finished Product,F03,500g,Strawberry Muesli,449,449,ST,4.23,1899.27,552.27,EUR,1347.00000,0.71
.1~192,192,AA,01,06,01/06,/Date(1704499200000)/,2,6,45,2,02,Brandenburg,North,BRANDENBURG,Germany,14772,80131,12,AA-F03,500g Strawberry Muesli,Finished Product,F03,500g,Strawberry Muesli,466,466,ST,4.23,1971.18,573.18,EUR,1398.00000,0.71
.1~191,191,AA,01,06,01/06,/Date(1704499200000)/,2,6,49,3,02,Lower Saxony,North,OLDENBURG,Germany,26129,80144,12,AA-F03,500g Strawberry Muesli,Finished Product,F03,500g,Strawberry Muesli,460,460,ST,4.23,1945.80,565.80,EUR,1380.00000,0.71
.1~190,190,AA,01,06,01/06,/Date(1704499200000)/,2,6,46,3,02,Baden-Wurttemberg,South,ALBSTADT,Germany,72458,80170,12,AA-F03,500g Strawberry Muesli,Finished Product,F03,500g,Strawberry Muesli,482,482,ST,4.23,2038.86,592.86,EUR,1446.00000,0.71
.1~189,189,AA,01,06,01/06,/Date(1704499200000)/,2,6,49,1,02,Lower Saxony,North,OLDENBURG,Germany,26129,80144,12,AA-F03,500g Strawberry Muesli,Finished Product,F03,500g,Strawberry Muesli,541,541,ST,4.23,2288.43,665.43,EUR,1623.00000,0.71
.1~188,188,AA,01,06,01/06,/Date(1704499200000)/,2,6,47,4,02,Baden-Wurttemberg,South,KARLSRUHE,Germany,76133,80115,12,AA-F03,500g Strawberry Muesli,Finished Product,F03,500g,Strawberry Muesli,485,485,ST,4.23,2051.55,596.55,EUR,1455.00000,0.71
.1~158,158,AA,01,05,01/05,/Date(1704412800000)/,1,5,42,1,02,Nrth Rhine Westfalia,West,DÜSSELDORF,Germany,40212,80151,12,AA-F03,500g Strawberry Muesli,Finished Product,F03,500g,Strawberry Muesli,525,525,ST,4.23,2220.75,645.75,EUR,1575.00000,0.71
.1~157,157,AA,01,05,01/05,/Date(1704412800000)/,1,5,37,2,02,Berlin,North,BERLIN,Germany,13349,80129,12,AA-F03,500g Strawberry Muesli,Finished Product,F03,500g,Strawberry Muesli,523,523,ST,4.23,2212.29,643.29,EUR,1569.00000,0.71
.1~156,156,AA,01,05,01/05,/Date(1704412800000)/,1,5,41,2,02,Nrth Rhine Westfalia,West,SIEGEN,Germany,57076,80160,12,AA-F03,500g Strawberry Muesli,Finished Product,F03,500g,Strawberry Muesli,548,548,ST,4.23,2318.04,674.04,EUR,1644.00000,0.71
.1~155,155,AA,01,05,01/05,/Date(1704412800000)/,1,5,39,1,02,Baden-Wurttemberg,South,FREIBURG,Germany,79098,80113,12,AA-F03,500g Strawberry Muesli,Finished Product,F03,500g,Strawberry Muesli,554,554,ST,4.23,2343.42,681.42,EUR,1662.00000,0.71
.1~154,154,AA,01,05,01/05,/Date(1704412800000)/,1,5,40,1,02,Bavaria,South,WÜRZBURG,Germany,97070,80128,12,AA-F03,500g Strawberry Muesli,Finished Product,F03,500g,Strawberry Muesli,485,485,ST,4.23,2051.55,596.55,EUR,1455.00000,0.71
.1~153,153,AA,01,05,01/05,/Date(1704412800000)/,1,5,43,2,02,Nrth Rhine Westfalia,West,HERFORD,Germany,32052,80155,12,AA-F03,500g Strawberry Muesli,Finished Product,F03,500g,Strawberry Muesli,548,548,ST,4.23,2318.04,674.04,EUR,1644.00000,0.71
.1~119,119,AA,01,04,01/04,/Date(1704326400000)/,1,4,34,3,02,Nrth Rhine Westfalia,West,MÜNSTER,Germany,48159,80158,12,AA-F03,500g Strawberry Muesli,Finished Product,F03,500g,Strawberry Muesli,443,443,ST,4.23,1873.89,544.89,EUR,1329.00000,0.71
.1~118,118,AA,01,04,01/04,/Date(1704326400000)/,1,4,32,3,02,Bavaria,South,MÜNCHEN,Germany,80804,80122,12,AA-F03,500g Strawberry Muesli,Finished Product,F03,500g,Strawberry Muesli,450,450,ST,4.23,1903.50,553.50,EUR,1350.00000,0.71
.1~117,117,AA,01,04,01/04,/Date(1704326400000)/,1,4,28,3,02,Lower Saxony,North,OLDENBURG,Germany,26129,80144,12,AA-F03,500g Strawberry Muesli,Finished Product,F03,500g,Strawberry Muesli,431,431,ST,4.23,1823.13,530.13,EUR,1293.00000,0.71
.1~116,116,AA,01,04,01/04,/Date(1704326400000)/,1,4,28,4,02,Lower Saxony,North,OLDENBURG,Germany,26129,80144,12,AA-F03,500g Strawberry Muesli,Finished Product,F03,500g,Strawberry Muesli,472,472,ST,4.23,1996.56,580.56,EUR,1416.00000,0.71
.1~115,115,AA,01,04,01/04,/Date(1704326400000)/,1,4,33,2,02,Nrth Rhine Westfalia,West,GELSENKIRCHEN,Germany,45879,80154,12,AA-F03,500g Strawberry Muesli,Finished Product,F03,500g,Strawberry Muesli,470,470,ST,4.23,1988.10,578.10,EUR,1410.00000,0.71
.1~87,87,AA,01,03,01/03,/Date(1704240000000)/,1,3,24,3,02,Nrth Rhine Westfalia,West,BRÜHL,Germany,50321,80149,12,AA-F03,500g Strawberry Muesli,Finished Product,F03,500g,Strawberry Muesli,462,462,ST,4.23,1954.26,568.26,EUR,1386.00000,0.71
.1~86,86,AA,01,03,01/03,/Date(1704240000000)/,1,3,20,4,02,Hessen,South,MARBURG,Germany,35037,80139,12,AA-F03,500g Strawberry Muesli,Finished Product,F03,500g,Strawberry Muesli,539,539,ST,4.23,2279.97,662.97,EUR,1617.00000,0.71
.1~85,85,AA,01,03,01/03,/Date(1704240000000)/,1,3,25,2,02,Nrth Rhine Westfalia,West,BAD OEYNHAUSEN,Germany,32547,80148,12,AA-F03,500g Strawberry Muesli,Finished Product,F03,500g,Strawberry Muesli,543,543,ST,4.23,2296.89,667.89,EUR,1629.00000,0.71
.1~84,84,AA,01,03,01/03,/Date(1704240000000)/,1,3,22,2,02,Hessen,South,WIESBADEN,Germany,65183,80140,12,AA-F03,500g Strawberry Muesli,Finished Product,F03,500g,Strawberry Muesli,551,551,ST,4.23,2330.73,677.73,EUR,1653.00000,0.71
.1~83,83,AA,01,03,01/03,/Date(1704240000000)/,1,3,26,4,02,Rhineland Palatinate,West,TRIER,Germany,54290,80164,12,AA-F03,500g Strawberry Muesli,Finished Product,F03,500g,Strawberry Muesli,535,535,ST,4.23,2263.05,658.05,EUR,1605.00000,0.71
.1~82,82,AA,01,03,01/03,/Date(1704240000000)/,1,3,26,2,02,Rhineland Palatinate,West,TRIER,Germany,54290,80164,12,AA-F03,500g Strawberry Muesli,Finished Product,F03,500g,Strawberry Muesli,546,546,ST,4.23,2309.58,671.58,EUR,1638.00000,0.71
.1~51,51,AA,01,02,01/02,/Date(1704153600000)/,1,2,16,1,02,Nrth Rhine Westfalia,West,PADERBORN,Germany,33100,80159,12,AA-F03,500g Strawberry Muesli,Finished Product,F03,500g,Strawberry Muesli,477,477,ST,4.23,2017.71,586.71,EUR,1431.00000,0.71
.1~50,50,AA,01,02,01/02,/Date(1704153600000)/,1,2,16,4,02,Nrth Rhine Westfalia,West,PADERBORN,Germany,33100,80159,12,AA-F03,500g Strawberry Muesli,Finished Product,F03,500g,Strawberry Muesli,557,557,ST,4.23,2356.11,685.11,EUR,1671.00000,0.71
.1~49,49,AA,01,02,01/02,/Date(1704153600000)/,1,2,12,1,02,Berlin,North,BERLIN,Germany,13349,80129,12,AA-F03,500g Strawberry Muesli,Finished Product,F03,500g,Strawberry Muesli,477,477,ST,4.23,2017.71,586.71,EUR,1431.00000,0.71
.1~48,48,AA,01,02,01/02,/Date(1704153600000)/,1,2,15,2,02,Nrth Rhine Westfalia,West,DORTMUND,Germany,44339,80150,12,AA-F03,500g Strawberry Muesli,Finished Product,F03,500g,Strawberry Muesli,548,548,ST,4.23,2318.04,674.04,EUR,1644.00000,0.71
.1~47,47,AA,01,02,01/02,/Date(1704153600000)/,1,2,12,2,02,Berlin,North,BERLIN,Germany,13349,80129,12,AA-F03,500g Strawberry Muesli,Finished Product,F03,500g,Strawberry Muesli,473,473,ST,4.23,2000.79,581.79,EUR,1419.00000,0.71
.1~17,17,AA,01,01,01/01,/Date(1704067200000)/,1,1,5,3,02,Bavaria,South,AUGSBURG,Germany,86156,80119,12,AA-F03,500g Strawberry Muesli,Finished Product,F03,500g,Strawberry Muesli,476,476,ST,4.23,2013.48,585.48,EUR,1428.00000,0.71
.1~16,16,AA,01,01,01/01,/Date(1704067200000)/,1,1,7,2,02,Lower Saxony,North,NIENBURG,Germany,31582,80143,12,AA-F03,500g Strawberry Muesli,Finished Product,F03,500g,Strawberry Muesli,476,476,ST,4.23,2013.48,585.48,EUR,1428.00000,0.71
.1~15,15,AA,01,01,01/01,/Date(1704067200000)/,1,1,7,3,02,Lower Saxony,North,NIENBURG,Germany,31582,80143,12,AA-F03,500g Strawberry Muesli,Finished Product,F03,500g,Strawberry Muesli,548,548,ST,4.23,2318.04,674.04,EUR,1644.00000,0.71
